site,date,component_rows,scene_ids,product_ids,tiles,utc_timestamps,ndci_component_values,ndci_component_counts,ndci_weighted_numerator,ndci_valid_pixels,ndci_mean,fai_component_values,fai_component_counts,fai_weighted_numerator,fai_valid_pixels,fai_mean
Baekje Weir,2017-05-03,2,20170503T021611_20170503T022350_T52SBF|20170503T021611_20170503T022350_T52SCF,S2A_MSIL2A_20170503T021611_N0500_R003_T52SBF_20230925T151324|S2A_MSIL2A_20170503T021611_N0500_R003_T52SCF_20230925T151324,52SBF|52SCF,2017-05-03T02:27:32.801000+00:00|2017-05-03T02:27:29.037000+00:00,-0.060996725849759001|0.062850578044847893,2227|10510,524.71986678393807,12737,0.041196503633817862,-0.0101024470077399|-0.00043379693370910002,2227|10510,-27.057355259519397,12737,-0.002124311475191913
Baekje Weir,2017-09-25,1,20170925T021549_20170925T022334_T52SBF,S2B_MSIL2A_20170925T021549_N0500_R003_T52SBF_20230917T092502,52SBF,2017-09-25T02:27:16.804000+00:00,0.16007152737775471,2227,356.47929147025974,2227,0.16007152737775471,0.055369491251672599,2227,123.30785701747487,2227,0.055369491251672599
Baekje Weir,2017-10-30,2,20171030T021821_20171030T022623_T52SBF|20171030T021821_20171030T022623_T52SCF,S2A_MSIL2A_20171030T021821_N0500_R003_T52SBF_20230911T092126|S2A_MSIL2A_20171030T021821_N0500_R003_T52SCF_20230911T092126,52SBF|52SCF,2017-10-30T02:27:29.826000+00:00|2017-10-30T02:27:26.061000+00:00,0.0003932311171589|0.025069304846876101,2227|10510,264.3541196385807,12737,0.020754818217679258,-0.0123011359986282|-0.0112369649555617,2227|10510,-145.49513155189845,12737,-0.01142302987767123
Baekje Weir,2018-06-02,1,20180602T021639_20180602T021638_T52SCF,S2B_MSIL2A_20180602T021639_N0500_R003_T52SCF_20230827T172817,52SCF,2018-06-02T02:27:23.728000+00:00,0.082402098505234098,10510,866.04605529001037,10510,0.082402098505234098,-0.00065452377734639999,10510,-6.8790448999106637,10510,-0.00065452377734639999
Baekje Weir,2018-08-01,2,20180801T021649_20180801T022346_T52SBF|20180801T021649_20180801T022346_T52SCF,S2B_MSIL2A_20180801T021649_N0500_R003_T52SBF_20230709T134957|S2B_MSIL2A_20180801T021649_N0500_R003_T52SCF_20230709T134957,52SBF|52SCF,2018-08-01T02:27:27.203000+00:00|2018-08-01T02:27:23.448000+00:00,0.1740448394269816|0.27409344919473089,2227|10510,3268.3200084405098,12737,0.25660045602893222,0.034088195128746002|0.0095382322808616003,2227|10510,176.16123182357276,12737,0.013830669060498764
Baekje Weir,2018-09-10,1,20180910T021559_20180910T022447_T52SBF,S2B_MSIL2A_20180910T021559_N0500_R003_T52SBF_20230708T002611,52SBF,2018-09-10T02:27:21.531000+00:00,0.22263323993463571,2227,495.80422533443374,2227,0.22263323993463571,0.0533925734440431,2227,118.90526105988398,2227,0.0533925734440431
Baekje Weir,2018-10-20,2,20181020T021709_20181020T022232_T52SBF|20181020T021709_20181020T022232_T52SCF,S2B_MSIL2A_20181020T021709_N0510_R003_T52SBF_20250531T231417|S2B_MSIL2A_20181020T021709_N0510_R003_T52SCF_20250531T231417,52SBF|52SCF,2018-10-20T02:27:27.720000+00:00|2018-10-20T02:27:23.956000+00:00,0.23269232623549979|0.095682976726324906,2227|10510,1523.8338959201328,12737,0.11963836821230532,-0.0034356836188371999|-0.0062463263087234999,2227|10510,-73.300156923834422,12737,-0.0057548996564210112
Baekje Weir,2018-10-30,1,20181030T021819_20181030T022432_T52SCF,S2B_MSIL2A_20181030T021819_N0500_R003_T52SCF_20230707T113406,52SCF,2018-10-30T02:27:24.389000+00:00,0.0043990219780886001,10510,46.233720989711188,10510,0.0043990219780886001,-0.0040696109336645003,10510,-42.771610912813898,10510,-0.0040696109336645003
Baekje Weir,2019-05-03,2,20190503T021611_20190503T021607_T52SBF|20190503T021611_20190503T021607_T52SCF,S2A_MSIL2A_20190503T021611_N0500_R003_T52SBF_20221205T094439|S2A_MSIL2A_20190503T021611_N0500_R003_T52SCF_20221205T094439,52SBF|52SCF,2019-05-03T02:27:34.480000+00:00|2019-05-03T02:27:30.721000+00:00,-0.15428089232459621|0.049801202784991498,2227|10510,179.82709406338483,12737,0.014118481122979103,-0.010989895603325301|-0.0013604123724910999,2227|10510,-38.772431543486903,12737,-0.0030440787896276128
Baekje Weir,2019-05-23,2,20190523T021611_20190523T022214_T52SBF|20190523T021611_20190523T022214_T52SCF,S2A_MSIL2A_20190523T021611_N0500_R003_T52SBF_20221212T010402|S2A_MSIL2A_20190523T021611_N0500_R003_T52SCF_20221212T010402,52SBF|52SCF,2019-05-23T02:27:34.054000+00:00|2019-05-23T02:27:30.293000+00:00,-0.017944509616745499|0.0264148083296721,2227|10510,237.65721262836155,12737,0.018658806047606308,-0.0125655863655313|-0.0039046368226382999,2227|10510,-69.021293841966738,12737,-0.0054189600252780665
Baekje Weir,2019-06-02,2,20190602T021611_20190602T021605_T52SBF|20190602T021611_20190602T021605_T52SCF,S2A_MSIL2A_20190602T021611_N0212_R003_T52SBF_20190602T052125|S2A_MSIL2A_20190602T021611_N0212_R003_T52SCF_20190602T052125,52SBF|52SCF,2019-06-02T02:27:33+00:00|2019-06-02T02:27:29+00:00,0.087442580984778598|0.056851220898662902,2214|3453,389.90514006338282,5667,0.06880274220282033,0.0198192897103565|0.0089413245512960995,2214|3453,74.754301094354716,5667,0.013191159536678087
Baekje Weir,2019-06-12,2,20190612T021611_20190612T022608_T52SBF|20190612T021611_20190612T022608_T52SCF,S2A_MSIL2A_20190612T021611_N0500_R003_T52SBF_20230630T043441|S2A_MSIL2A_20190612T021611_N0212_R003_T52SCF_20190612T043019,52SBF|52SCF,2019-06-12T02:27:33.564000+00:00|2019-06-12T02:27:29+00:00,0.070750154250260294|0.091576914653107702,2227|10510,1120.0339665194917,12737,0.087935460981352895,-0.0048406345295853997|0.0074585410289866004,2227|10510,67.609173117262486,12737,0.0053080924171518004
Baekje Weir,2019-06-17,1,20190617T021609_20190617T022127_T52SCF,S2B_MSIL2A_20190617T021609_N0212_R003_T52SCF_20190617T055313,52SCF,2019-06-17T02:27:34+00:00,0.055164770594644398,10409,574.21009711965348,10409,0.055164770594644391,0.02688994302146,10409,279.89741691037716,10409,0.026889943021460003
Baekje Weir,2019-06-22,1,20190622T021611_20190622T021607_T52SBF,S2A_MSIL2A_20190622T021611_N0212_R003_T52SBF_20190622T051801,52SBF,2019-06-22T02:27:34+00:00,0.076138416543006293,1547,117.78613039203074,1547,0.076138416543006293,0.059312170380342602,1547,91.755927578390001,1547,0.059312170380342602
Baekje Weir,2019-07-02,1,20190702T021611_20190702T021608_T52SCF,S2A_MSIL2A_20190702T021611_N0212_R003_T52SCF_20190702T051730,52SCF,2019-07-02T02:27:31.742000+00:00,0.047233523476471397,10200,481.78193946000823,10200,0.047233523476471397,0.0104159123724126,10200,106.24230619860852,10200,0.0104159123724126
Baekje Weir,2019-07-07,1,20190707T021609_20190707T021612_T52SCF,S2B_MSIL2A_20190707T021609_N0212_R003_T52SCF_20190707T044912,52SCF,2019-07-07T02:27:35+00:00,0.063272973983009503,10510,664.99895656142985,10510,0.063272973983009503,0.0086547407177612994,10510,90.961324943671258,10510,0.0086547407177612994
Baekje Weir,2019-07-12,1,20190712T021611_20190712T022538_T52SBF,S2A_MSIL2A_20190712T021611_N0213_R003_T52SBF_20190712T061901,52SBF,2019-07-12T02:27:35.842000+00:00,0.14478141120232171,1836,265.81867096746265,1836,0.14478141120232171,0.095855746914281906,1836,175.99115133462158,1836,0.095855746914281906
Baekje Weir,2019-08-11,2,20190811T021611_20190811T022620_T52SBF|20190811T021611_20190811T022620_T52SCF,S2A_MSIL2A_20190811T021611_N0213_R003_T52SBF_20190811T062028|S2A_MSIL2A_20190811T021611_N0213_R003_T52SCF_20190811T062028,52SBF|52SCF,2019-08-11T02:27:34.412000+00:00|2019-08-11T02:27:30.647000+00:00,0.23103728208797139|0.12912044061864539,2227|10510,1871.5758581118753,12737,0.14694008464409791,0.1073865031365437|0.025347720346586,2227|10510,505.55428332770168,12737,0.039691786396145221
Baekje Weir,2019-08-26,2,20190826T021609_20190826T021607_T52SBF|20190826T021609_20190826T021607_T52SCF,S2B_MSIL2A_20190826T021609_N0213_R003_T52SBF_20190826T045559|S2B_MSIL2A_20190826T021609_N0213_R003_T52SCF_20190826T045559,52SBF|52SCF,2019-08-26T02:27:35.253000+00:00|2019-08-26T02:27:31.494000+00:00,0.25723725084553262|0.1546410297613087,1182|9465,1767.7317771902065,10647,0.16603097371937695,0.19741379863015979|0.025437750226280299,1182|9463,474.06054037213937,10645,0.044533634605179839
Baekje Weir,2019-09-15,2,20190915T021609_20190915T022124_T52SBF|20190915T021609_20190915T022124_T52SCF,S2B_MSIL2A_20190915T021609_N0213_R003_T52SBF_20190915T054932|S2B_MSIL2A_20190915T021609_N0213_R003_T52SCF_20190915T054932,52SBF|52SCF,2019-09-15T02:27:30.684000+00:00|2019-09-15T02:27:26.929000+00:00,0.15930391377595951|0.1460997602102862,2227|10510,1890.2782957891698,12737,0.14840843964741854,0.0634215839291591|0.0127327961942741,2227|10507,275.02335702347528,12734,0.021597562197540072
Baekje Weir,2019-09-30,2,20190930T021601_20190930T021604_T52SBF|20190930T021601_20190930T021604_T52SCF,S2A_MSIL2A_20190930T021601_N0500_R003_T52SBF_20230707T024625|S2A_MSIL2A_20190930T021601_N0500_R003_T52SCF_20230707T024625,52SBF|52SCF,2019-09-30T02:27:32.263000+00:00|2019-09-30T02:27:28.496000+00:00,0.104155909607671|0.14677313624794899,2227|10510,1774.5408726622272,12737,0.13932172981567301,0.017644468048270801|0.0048182469630455001,2227|10510,89.934005925107272,12737,0.0070608468183329881
Baekje Weir,2019-10-15,2,20191015T021639_20191015T021642_T52SBF|20191015T021639_20191015T021642_T52SCF,S2B_MSIL2A_20191015T021639_N0500_R003_T52SBF_20230718T234657|S2B_MSIL2A_20191015T021639_N0213_R003_T52SCF_20191015T045544,52SBF|52SCF,2019-10-15T02:27:31.912000+00:00|2019-10-15T02:27:28.151000+00:00,0.1151435428731154|0.059904245683140199,2227|10510,886.01829210823144,12737,0.069562557282580789,-0.0023699779496436|0.0013216452587386,2227|10510,8.6125507754863868,12737,0.00067618362059247759
Baekje Weir,2019-10-20,2,20191020T021721_20191020T021716_T52SBF|20191020T021721_20191020T021716_T52SCF,S2A_MSIL2A_20191020T021721_N0213_R003_T52SBF_20191020T052106|S2A_MSIL2A_20191020T021721_N0213_R003_T52SCF_20191020T052106,52SBF|52SCF,2019-10-20T02:27:33.920000+00:00|2019-10-20T02:27:30.154000+00:00,0.087477774663306501|0.1069395971815867,2227|10510,1318.7481705536597,12737,0.10353679599227916,-0.00069844851320560004|-0.0024200186979834999,2227|10510,-26.989841354715455,12737,-0.0021190108624256463
Baekje Weir,2019-10-30,2,20191030T021821_20191030T021819_T52SBF|20191030T021821_20191030T021819_T52SCF,S2A_MSIL2A_20191030T021821_N0213_R003_T52SBF_20191030T053042|S2A_MSIL2A_20191030T021821_N0500_R003_T52SCF_20230709T010057,52SBF|52SCF,2019-10-30T02:27:33.929000+00:00|2019-10-30T02:27:30.164000+00:00,0.068344810925889204|0.057347623539713399,2227|10510,754.92741733434309,12737,0.059270426107744606,-0.0049634993014514997|-0.0044291096102046998,2227|10510,-57.603654947583884,12737,-0.0045225449436746392
Baekje Weir,2020-05-07,1,20200507T021611_20200507T021607_T52SCF,S2A_MSIL2A_20200507T021611_N0214_R003_T52SCF_20200507T052627,52SCF,2020-05-07T02:27:30.952000+00:00,0.0280640435015438,10510,294.95309720122532,10510,0.0280640435015438,-0.0010714466904964001,10510,-11.260904717117164,10510,-0.0010714466904964001
Baekje Weir,2020-05-12,1,20200512T021559_20200512T021601_T52SCF,S2B_MSIL2A_20200512T021559_N0214_R003_T52SCF_20200512T050014,52SCF,2020-05-12T02:27:25.623000+00:00,0.046592034316524499,8407,391.69923249902143,8407,0.046592034316524499,0.023225697468155101,8407,195.25843861477995,8407,0.023225697468155101
Baekje Weir,2020-05-27,1,20200527T021611_20200527T021609_T52SBF,S2A_MSIL2A_20200527T021611_N0214_R003_T52SBF_20200527T054336,52SBF,2020-05-27T02:27:36.725000+00:00,0.0085727054289150995,2227,19.091414990193925,2227,0.0085727054289150995,-0.0053652136679875999,2227,-11.948330838608385,2227,-0.0053652136679875999
Baekje Weir,2020-06-01,1,20200601T021609_20200601T021604_T52SCF,S2B_MSIL2A_20200601T021609_N0214_R003_T52SCF_20200601T050555,52SCF,2020-06-01T02:27:28.534000+00:00,0.049831424437854502,10510,523.72827084185076,10510,0.049831424437854495,0.0058723139487169996,10510,61.718019601015669,10510,0.0058723139487169996
Baekje Weir,2020-06-06,1,20200606T021611_20200606T021609_T52SCF,S2A_MSIL2A_20200606T021611_N0214_R003_T52SCF_20200606T052013,52SCF,2020-06-06T02:27:33.246000+00:00,0.037476504695734103,10510,393.87806435216544,10510,0.037476504695734103,-0.011455453596813801,10510,-120.39681730251304,10510,-0.011455453596813801
Baekje Weir,2020-06-11,1,20200611T021609_20200611T021605_T52SBF,S2B_MSIL2A_20200611T021609_N0214_R003_T52SBF_20200611T050308,52SBF,2020-06-11T02:27:33.013000+00:00,0.044469181051458598,324,14.408014660672587,324,0.044469181051458598,0.043502701025540498,324,14.094875132275121,324,0.043502701025540498
Baekje Weir,2020-06-16,2,20200616T021611_20200616T021609_T52SBF|20200616T021611_20200616T021609_T52SCF,S2A_MSIL2A_20200616T021611_N0214_R003_T52SBF_20200616T053533|S2A_MSIL2A_20200616T021611_N0214_R003_T52SCF_20200616T053533,52SBF|52SCF,2020-06-16T02:27:36.801000+00:00|2020-06-16T02:27:33.032000+00:00,0.082012864101633207|0.098180367615793199,2227|10510,1214.5183119963235,12737,0.095353561434900175,0.016464269762136399|0.0106448892335231,2227|10510,148.54371460460553,12737,0.011662378472529288
Baekje Weir,2020-06-21,2,20200621T021609_20200621T021605_T52SBF|20200621T021609_20200621T021605_T52SCF,S2B_MSIL2A_20200621T021609_N0214_R003_T52SBF_20200621T050033|S2B_MSIL2A_20200621T021609_N0214_R003_T52SCF_20200621T050033,52SBF|52SCF,2020-06-21T02:27:33.249000+00:00|2020-06-21T02:27:29.493000+00:00,0.10960605494651821|0.095856090279964501,2227|10510,1251.540193208323,12737,0.098260202026248175,0.0017824243686637999|0.00052261266597090005,2227|10510,9.4621181883684411,12737,0.0007428843674623884
Baekje Weir,2020-07-21,2,20200721T021609_20200721T021604_T52SBF|20200721T021609_20200721T021604_T52SCF,S2B_MSIL2A_20200721T021609_N0214_R003_T52SBF_20200721T045342|S2B_MSIL2A_20200721T021609_N0214_R003_T52SCF_20200721T045342,52SBF|52SCF,2020-07-21T02:27:32.485000+00:00|2020-07-21T02:27:28.732000+00:00,0.15681964775350049|0.023703989431630702,2227|10501,598.15294856859964,12728,0.046995046242033281,0.028445648747991999|-0.0075060988840281,2227|10501,-15.4730846194009,12728,-0.0012156728959303034
Baekje Weir,2020-08-20,2,20200820T021609_20200820T021606_T52SBF|20200820T021609_20200820T021606_T52SCF,S2B_MSIL2A_20200820T021609_N0214_R003_T52SBF_20200820T045434|S2B_MSIL2A_20200820T021609_N0214_R003_T52SCF_20200820T045434,52SBF|52SCF,2020-08-20T02:27:34.237000+00:00|2020-08-20T02:27:30.482000+00:00,0.19697413651728779|0.11581708774010591,2227|10453,1649.2974201713271,12680,0.13007077446146112,0.078250631417514802|0.024190205703309101,2227|10453,427.12437638349547,12680,0.033684887727405008
Baekje Weir,2020-08-25,2,20200825T021611_20200825T021608_T52SBF|20200825T021611_20200825T021608_T52SCF,S2A_MSIL2A_20200825T021611_N0214_R003_T52SBF_20200825T053321|S2A_MSIL2A_20200825T021611_N0214_R003_T52SCF_20200825T053321,52SBF|52SCF,2020-08-25T02:27:36.117000+00:00|2020-08-25T02:27:32.350000+00:00,0.2079271204518427|0.1321915359408109,2227|10510,1852.3867399841763,12737,0.14543351966586923,0.071025427254864201|0.0120839335868245,2227|10510,285.17576849410807,12737,0.02238955550711377
Baekje Weir,2020-09-04,2,20200904T021611_20200904T021607_T52SBF|20200904T021611_20200904T021607_T52SCF,S2A_MSIL2A_20200904T021611_N0214_R003_T52SBF_20200904T052050|S2A_MSIL2A_20200904T021611_N0214_R003_T52SCF_20200904T052050,52SBF|52SCF,2020-09-04T02:27:35.232000+00:00|2020-09-04T02:27:31.467000+00:00,0.16442259406922369|0.036492185423004399,2227|10495,749.15460300659231,12722,0.058886543232714375,0.1106986747873602|-0.0089565783710377003,2227|10495,152.52665874741052,12722,0.011989204429131466
Baekje Weir,2020-09-14,1,20200914T021611_20200914T021607_T52SCF,S2A_MSIL2A_20200914T021611_N0214_R003_T52SCF_20200914T052323,52SCF,2020-09-14T02:27:31.077000+00:00,-0.022602557763266699,8283,-187.21698595313808,8283,-0.022602557763266699,-0.0061923206889895003,8283,-51.290992266900034,8283,-0.0061923206889895003
Baekje Weir,2020-09-24,2,20200924T021611_20200924T021608_T52SBF|20200924T021611_20200924T021608_T52SCF,S2A_MSIL2A_20200924T021611_N0214_R003_T52SBF_20200924T053235|S2A_MSIL2A_20200924T021611_N0214_R003_T52SCF_20200924T053235,52SBF|52SCF,2020-09-24T02:27:35.912000+00:00|2020-09-24T02:27:32.145000+00:00,0.23364934433743181|0.1895044111206709,2227|10510,2512.0284507177116,12737,0.19722292931755606,0.068681195939828396|0.018638659799634898,2227|10510,348.84533785216058,12737,0.02738834402545031
Baekje Weir,2020-10-09,2,20201009T021609_20201009T021609_T52SBF|20201009T021609_20201009T021609_T52SCF,S2B_MSIL2A_20201009T021609_N0214_R003_T52SBF_20201009T045242|S2B_MSIL2A_20201009T021609_N0214_R003_T52SCF_20201009T045242,52SBF|52SCF,2020-10-09T02:27:34.367000+00:00|2020-10-09T02:27:30.606000+00:00,0.1407930430819514|0.18885412616369299,2227|10510,2298.4029729239192,12737,0.18045088897887407,0.019059448027369499|0.0039143248475935997,2227|10510,83.584944905160597,12737,0.0065623730003266543
Baekje Weir,2020-10-19,2,20201019T021719_20201019T022536_T52SBF|20201019T021719_20201019T022536_T52SCF,S2B_MSIL2A_20201019T021719_N0214_R003_T52SBF_20201019T045725|S2B_MSIL2A_20201019T021719_N0214_R003_T52SCF_20201019T045725,52SBF|52SCF,2020-10-19T02:27:34.395000+00:00|2020-10-19T02:27:30.634000+00:00,0.095676680103119194|0.1004686381174117,2227|10510,1268.9973532036436,12737,0.09963078850621368,0.0024086771632284001|-0.0022117200691165002,2227|10510,-17.881053883904769,12737,-0.001403866992533938
Baekje Weir,2020-10-24,2,20201024T021751_20201024T022447_T52SBF|20201024T021751_20201024T022447_T52SCF,S2A_MSIL2A_20201024T021751_N0214_R003_T52SBF_20201024T045915|S2A_MSIL2A_20201024T021751_N0500_R003_T52SCF_20230427T115410,52SBF|52SCF,2020-10-24T02:27:36.027000+00:00|2020-10-24T02:27:32.261000+00:00,0.1596895054065072|0.13751484944591,2227|10510,1800.9095962168058,12737,0.14139197583550331,-0.0035208735279592999|-0.0054568658057899998,2227|10510,-65.192644965618257,12737,-0.0051183673522507854
Baekje Weir,2021-05-02,2,20210502T021601_20210502T022719_T52SBF|20210502T021601_20210502T022719_T52SCF,S2A_MSIL2A_20210502T021601_N0300_R003_T52SBF_20210502T041531|S2A_MSIL2A_20210502T021601_N0300_R003_T52SCF_20210502T041531,52SBF|52SCF,2021-05-02T02:27:30.087000+00:00|2021-05-02T02:27:28.195000+00:00,0.038091750290708902|0.037827915776169098,1600|7970,362.43528920120195,9570,0.037872026039833015,0.021449959118194799|0.0063229498888805,1600|7970,84.713845203489257,9570,0.0088520214423708724
Baekje Weir,2021-05-22,2,20210522T021601_20210522T022207_T52SBF|20210522T021601_20210522T022207_T52SCF,S2A_MSIL2A_20210522T021601_N0500_R003_T52SBF_20230224T233603|S2A_MSIL2A_20210522T021601_N0500_R003_T52SCF_20230224T233603,52SBF|52SCF,2021-05-22T02:27:31.181000+00:00|2021-05-22T02:27:27.417000+00:00,-0.0027709010748065998|0.084858614293744999,2227|10510,885.69323953366563,12737,0.069537036942267857,-0.014790652710305999|-0.0021497287467092999,2227|10510,-55.532432713766198,12737,-0.0043599303378948099
Baekje Weir,2021-06-21,2,20210621T021601_20210621T022255_T52SBF|20210621T021601_20210621T022255_T52SCF,S2A_MSIL2A_20210621T021601_N0300_R003_T52SBF_20210621T050048|S2A_MSIL2A_20210621T021601_N0300_R003_T52SCF_20210621T050048,52SBF|52SCF,2021-06-21T02:27:31.423000+00:00|2021-06-21T02:27:27.664000+00:00,0.057775634236456701|0.123360522733513,2227|10510,1425.1854313738106,12737,0.11189333684335484,0.0045298003378230001|-0.0028219677672936001,2227|10474,-19.469425042301346,12701,-0.0015329048927093414
Baekje Weir,2021-07-16,1,20210716T021609_20210716T022506_T52SBF,S2B_MSIL2A_20210716T021609_N0301_R003_T52SBF_20210716T045806,52SBF,2021-07-16T02:27:32.746000+00:00,0.15883175330337679,1854,294.47407062446058,1854,0.15883175330337679,0.0622459594959026,1854,115.40400890540342,1854,0.0622459594959026
Baekje Weir,2021-07-26,2,20210726T021609_20210726T021605_T52SBF|20210726T021609_20210726T021605_T52SCF,S2B_MSIL2A_20210726T021609_N0301_R003_T52SBF_20210726T043052|S2B_MSIL2A_20210726T021609_N0301_R003_T52SCF_20210726T043052,52SBF|52SCF,2021-07-26T02:27:32.668000+00:00|2021-07-26T02:27:28.907000+00:00,0.1789820054004112|0.23519411367437409,2227|10510,2870.4830607443873,12737,0.22536571097938191,0.065661824923265499|0.0154425500774999,2227|10507,308.48375776840373,12734,0.024225204787843863
Baekje Weir,2021-07-31,2,20210731T021611_20210731T022724_T52SBF|20210731T021611_20210731T022724_T52SCF,S2A_MSIL2A_20210731T021611_N0301_R003_T52SBF_20210731T041630|S2A_MSIL2A_20210731T021611_N0301_R003_T52SCF_20210731T041630,52SBF|52SCF,2021-07-31T02:27:35.278000+00:00|2021-07-31T02:27:33.384000+00:00,0.1017719240891975|0.116428670525022,1675|4668,713.95700686020848,6343,0.11255825427403571,0.035487969991313199|0.032558478343665098,1675|4668,211.42532664367826,6343,0.033332071045826625
Baekje Weir,2021-08-05,2,20210805T021609_20210805T021604_T52SBF|20210805T021609_20210805T021604_T52SCF,S2B_MSIL2A_20210805T021609_N0301_R003_T52SBF_20210805T043604|S2B_MSIL2A_20210805T021609_N0301_R003_T52SCF_20210805T043604,52SBF|52SCF,2021-08-05T02:27:31.976000+00:00|2021-08-05T02:27:28.214000+00:00,0.171115322970427|0.1698268836949893,2227|10358,2140.1406855678401,12585,0.17005488165020582,0.0704831495247039|0.022793061933407001,2227|10355,392.9881303119451,12582,0.031234154372273493
Baekje Weir,2021-08-10,1,20210810T021611_20210810T022723_T52SBF,S2A_MSIL2A_20210810T021611_N0301_R003_T52SBF_20210810T043028,52SBF,2021-08-10T02:27:34.451000+00:00,0.17600758725850149,2227,391.96889682468282,2227,0.17600758725850149,0.10229861628199829,2227,227.8190184600102,2227,0.10229861628199829
Baekje Weir,2021-08-15,2,20210815T021609_20210815T022417_T52SBF|20210815T021609_20210815T022417_T52SCF,S2B_MSIL2A_20210815T021609_N0500_R003_T52SBF_20230213T053049|S2B_MSIL2A_20210815T021609_N0301_R003_T52SCF_20210815T045832,52SBF|52SCF,2021-08-15T02:27:30.784000+00:00|2021-08-15T02:27:27.025000+00:00,0.26130256331294488|0.14615296676093761,2227|10510,2117.9884891553825,12737,0.16628629105404588,0.10378978035754741|0.031663643980873298,2227|10510,563.92473909523642,12737,0.044274533963667775
Baekje Weir,2021-09-19,2,20210919T021611_20210919T022209_T52SBF|20210919T021611_20210919T022209_T52SCF,S2A_MSIL2A_20210919T021611_N0301_R003_T52SBF_20210919T051646|S2A_MSIL2A_20210919T021611_N0301_R003_T52SCF_20210919T051646,52SBF|52SCF,2021-09-19T02:27:33.012000+00:00|2021-09-19T02:27:29.250000+00:00,0.1792685338644017|0.1747395562618945,2227|10510,2235.7437612285339,12737,0.17553142507878888,0.0638200713103656|0.015075838710583,2227|10508,300.54421197899035,12735,0.023599859597879101
Baekje Weir,2021-09-24,1,20210924T021559_20210924T021601_T52SCF,S2B_MSIL2A_20210924T021559_N0301_R003_T52SCF_20210924T044840,52SCF,2021-09-24T02:27:24.939000+00:00,0.099732421911350094,10510,1048.1877542882894,10510,0.09973242191135008,0.0046462388529408,10488,48.729753089643111,10488,0.0046462388529408
Baekje Weir,2021-10-09,2,20211009T021611_20211009T022726_T52SBF|20211009T021611_20211009T022726_T52SCF,S2A_MSIL2A_20211009T021611_N0301_R003_T52SBF_20211009T042046|S2A_MSIL2A_20211009T021611_N0301_R003_T52SCF_20211009T042046,52SBF|52SCF,2021-10-09T02:27:37.262000+00:00|2021-10-09T02:27:35.367000+00:00,0.1824495662407494|0.12873511139825411,2227|10003,1694.0525033348849,12230,0.13851614908707155,0.0334077397593203|0.0090350002607822999,2227|10003,164.77614405261164,12230,0.013473110715667347
Baekje Weir,2021-10-14,2,20211014T021639_20211014T021639_T52SBF|20211014T021639_20211014T021639_T52SCF,S2B_MSIL2A_20211014T021639_N0301_R003_T52SBF_20211014T044840|S2B_MSIL2A_20211014T021639_N0301_R003_T52SCF_20211014T044840,52SBF|52SCF,2021-10-14T02:27:31.924000+00:00|2021-10-14T02:27:28.156000+00:00,0.074570499781274502|0.083752426290127593,2227|9742,981.98463993132134,11969,0.082044000328458627,0.012771049173245201|0.0125169493195346,2227|9736,150.30614508380592,11963,0.01256425186690679
Baekje Weir,2021-10-24,2,20211024T021749_20211024T021743_T52SBF|20211024T021749_20211024T021743_T52SCF,S2B_MSIL2A_20211024T021749_N0301_R003_T52SBF_20211024T044140|S2B_MSIL2A_20211024T021749_N0301_R003_T52SCF_20211024T044140,52SBF|52SCF,2021-10-24T02:27:32.275000+00:00|2021-10-24T02:27:28.506000+00:00,-0.018303520152465402|0.0203978687310396,2227|10510,173.61966098368575,12737,0.013631126716156532,-0.0031445227802670999|-0.0036485370401900001,2227|10508,-45.341679449971352,12735,-0.0035603988574771381
Baekje Weir,2021-10-29,1,20211029T021821_20211029T021817_T52SCF,S2A_MSIL2A_20211029T021821_N0301_R003_T52SCF_20211029T050825,52SCF,2021-10-29T02:27:31.689000+00:00,0.0127117489060453,3518,44.719932651467367,3518,0.0127117489060453,-0.0040336277522937001,3438,-13.86761221238574,3438,-0.0040336277522937001
Baekje Weir,2022-05-02,1,20220502T021559_20220502T021557_T52SBF,S2B_MSIL2A_20220502T021559_N0400_R003_T52SBF_20220502T044228,52SBF,2022-05-02T02:27:24.932000+00:00,0.017257638097195899,2227,38.432760042455271,2227,0.017257638097195899,0.018404162466639899,2227,40.986069813207052,2227,0.018404162466639899
Baekje Weir,2022-05-12,1,20220512T021559_20220512T022238_T52SBF,S2B_MSIL2A_20220512T021559_N0400_R003_T52SBF_20220512T050041,52SBF,2022-05-12T02:27:28.641000+00:00,0.0687665980476274,2227,153.14321385206622,2227,0.0687665980476274,0.021403039432718599,2227,47.664568816664321,2227,0.021403039432718599
Baekje Weir,2022-05-17,2,20220517T021611_20220517T022234_T52SBF|20220517T021611_20220517T022234_T52SCF,S2A_MSIL2A_20220517T021611_N0400_R003_T52SBF_20220517T055107|S2A_MSIL2A_20220517T021611_N0400_R003_T52SCF_20220517T055107,52SBF|52SCF,2022-05-17T02:27:35.857000+00:00|2022-05-17T02:27:32.099000+00:00,-0.030548406437750399|0.062970796162054393,2227|10510,593.79176652632145,12737,0.046619436800370687,-0.0136888765837047|0.0023579599997948001,2227|10510,-5.7029685540670165,12737,-0.00044774817885428412
Baekje Weir,2022-05-22,2,20220522T021609_20220522T022240_T52SBF|20220522T021609_20220522T022240_T52SCF,S2B_MSIL2A_20220522T021609_N0400_R003_T52SBF_20220522T050008|S2B_MSIL2A_20220522T021609_N0510_R003_T52SCF_20240614T102159,52SBF|52SCF,2022-05-22T02:27:30.751000+00:00|2022-05-22T02:27:27.066000+00:00,0.041658417337922103|0.078574967132293894,2227|10510,918.59619997196137,12737,0.072120295200750681,-0.0053760447925492996|-0.0064558341101021996,2227|10510,-79.823268250181414,12737,-0.0062670384117281472
Baekje Weir,2022-05-27,2,20220527T021611_20220527T022236_T52SBF|20220527T021611_20220527T022236_T52SCF,S2A_MSIL2A_20220527T021611_N0400_R003_T52SBF_20220527T054614|S2A_MSIL2A_20220527T021611_N0400_R003_T52SCF_20220527T054614,52SBF|52SCF,2022-05-27T02:27:38.163000+00:00|2022-05-27T02:27:34.401000+00:00,0.098111283774846597|0.0742893661918725,2227|10510,999.27506764316331,12737,0.078454507940893717,0.0081914965384708004|-0.00084400809806759998,2227|10510,9.3719376804839953,12737,0.00073580416742435384
Baekje Weir,2022-06-01,2,20220601T021559_20220601T022239_T52SBF|20220601T021559_20220601T022239_T52SCF,S2B_MSIL2A_20220601T021559_N0400_R003_T52SBF_20220601T044554|S2B_MSIL2A_20220601T021559_N0400_R003_T52SCF_20220601T044554,52SBF|52SCF,2022-06-01T02:27:30.477000+00:00|2022-06-01T02:27:26.717000+00:00,0.061737691750121802|0.072284137351360897,2227|10510,897.19612309032425,12737,0.070440144703644833,0.0189668140098424|0.0051214530780812999,2227|10510,96.065566650553478,12737,0.0075422443786255381
Baekje Weir,2022-06-11,2,20220611T021539_20220611T022211_T52SBF|20220611T021539_20220611T022211_T52SCF,S2B_MSIL2A_20220611T021539_N0400_R003_T52SBF_20220611T045008|S2B_MSIL2A_20220611T021539_N0400_R003_T52SCF_20220611T045008,52SBF|52SCF,2022-06-11T02:27:33.189000+00:00|2022-06-11T02:27:29.423000+00:00,0.124094347361171|0.085711336350247594,2227|10510,1177.1842566144301,12737,0.09242241160512131,0.028771380594176998|-0.0020943185355245999,2227|10510,42.062576774868631,12737,0.0033023927749759466
Baekje Weir,2022-06-16,1,20220616T021541_20220616T022208_T52SBF,S2A_MSIL2A_20220616T021541_N0400_R003_T52SBF_20220616T054811,52SBF,2022-06-16T02:27:41.609000+00:00,0.042081482029398501,2227,93.715460479470465,2227,0.042081482029398501,0.0314312608580469,2227,69.997417930870441,2227,0.0314312608580469
Baekje Weir,2022-06-21,1,20220621T021539_20220621T022216_T52SCF,S2B_MSIL2A_20220621T021539_N0400_R003_T52SCF_20220621T045243,52SCF,2022-06-21T02:27:31.494000+00:00,0.061337661868269097,10510,644.65882623550817,10510,0.06133766186826909,0.0082381514659798007,10510,86.5829719074477,10510,0.0082381514659798007
Baekje Weir,2022-07-16,1,20220716T021541_20220716T022239_T52SBF,S2A_MSIL2A_20220716T021541_N0400_R003_T52SBF_20220716T070759,52SBF,2022-07-16T02:27:43.061000+00:00,0.0574299137791991,2227,127.89641798627639,2227,0.0574299137791991,0.040172809631749198,2227,89.464847049905458,2227,0.040172809631749198
Baekje Weir,2022-07-26,1,20220726T021541_20220726T022207_T52SBF,S2A_MSIL2A_20220726T021541_N0400_R003_T52SBF_20220726T054657,52SBF,2022-07-26T02:27:40.727000+00:00,0.2155205678900082,2227,479.96430469104826,2227,0.2155205678900082,0.089243697644489597,2227,198.74571465427834,2227,0.089243697644489597
Baekje Weir,2022-09-09,2,20220909T021539_20220909T022159_T52SBF|20220909T021539_20220909T022159_T52SCF,S2B_MSIL2A_20220909T021539_N0400_R003_T52SBF_20220909T043406|S2B_MSIL2A_20220909T021539_N0400_R003_T52SCF_20220909T043406,52SBF|52SCF,2022-09-09T02:27:32.586000+00:00|2022-09-09T02:27:28.862000+00:00,0.13414227639067799|-0.057523064976570601,2227|10510,-305.83256338171714,12737,-0.024011349876871878,0.0312336141137355|-0.0072943308424799997,2227|10510,-7.1061585231758357,12737,-0.0005579146206466072
Baekje Weir,2022-09-19,1,20220919T021539_20220919T022651_T52SBF,S2B_MSIL2A_20220919T021539_N0400_R003_T52SBF_20220919T052243,52SBF,2022-09-19T02:27:32.293000+00:00,0.6019138562426416,2227,1340.4621578523629,2227,0.6019138562426416,0.016184614093483402,2227,36.043135586187532,2227,0.016184614093483402
Baekje Weir,2022-09-24,2,20220924T021541_20220924T022204_T52SBF|20220924T021541_20220924T022204_T52SCF,S2A_MSIL2A_20220924T021541_N0400_R003_T52SBF_20220924T054059|S2A_MSIL2A_20220924T021541_N0400_R003_T52SCF_20220924T054059,52SBF|52SCF,2022-09-24T02:27:37.687000+00:00|2022-09-24T02:27:33.971000+00:00,0.20768401698324199|0.1254509550367767,2227|10510,1781.0018432582028,12737,0.13982898981378683,0.036486113487305599|0.0081778683281953993,2227|10510,167.20397086556324,12737,0.013127421752811749
Baekje Weir,2022-09-29,2,20220929T021529_20220929T022606_T52SBF|20220929T021529_20220929T022606_T52SCF,S2B_MSIL2A_20220929T021529_N0400_R003_T52SBF_20220929T051901|S2B_MSIL2A_20220929T021529_N0400_R003_T52SCF_20220929T051901,52SBF|52SCF,2022-09-29T02:27:30.507000+00:00|2022-09-29T02:27:26.747000+00:00,0.1171628451685623|0.078608953470118703,2227|10510,1087.1017571613359,12737,0.085349906348538576,0.032945051400380003|0.0076921620147919001,2227|10510,154.21325224410913,12737,0.012107501942695229
Baekje Weir,2022-10-19,2,20221019T021709_20221019T022253_T52SBF|20221019T021709_20221019T022253_T52SCF,S2B_MSIL2A_20221019T021709_N0400_R003_T52SBF_20221019T043130|S2B_MSIL2A_20221019T021709_N0400_R003_T52SCF_20221019T043130,52SBF|52SCF,2022-10-19T02:27:30.114000+00:00|2022-10-19T02:27:26.351000+00:00,0.070525456346524407|0.098346389423827105,2227|10510,1190.6807441281328,12737,0.093482040050885826,-0.0004661364010117|-0.0027176820169999998,2227|10510,-29.600923763723053,12737,-0.0023240106590031446
Baekje Weir,2022-10-24,2,20221024T021741_20221024T022408_T52SBF|20221024T021741_20221024T022408_T52SCF,S2A_MSIL2A_20221024T021741_N0400_R003_T52SBF_20221024T053657|S2A_MSIL2A_20221024T021741_N0400_R003_T52SCF_20221024T053657,52SBF|52SCF,2022-10-24T02:27:33.168000+00:00|2022-10-24T02:27:29.413000+00:00,0.061126344073839503|0.071422265340567601,2227|10510,886.77637698180615,12737,0.069622075605072317,0.0123067728522619|0.0040729159017119003,2227|10510,70.213529268979329,12737,0.0055125641256951663
Baekje Weir,2022-10-29,2,20221029T021809_20221029T022341_T52SBF|20221029T021809_20221029T022341_T52SCF,S2B_MSIL2A_20221029T021809_N0400_R003_T52SBF_20221029T075219|S2B_MSIL2A_20221029T021809_N0400_R003_T52SCF_20221029T075219,52SBF|52SCF,2022-10-29T02:27:29.544000+00:00|2022-10-29T02:27:25.783000+00:00,0.0719720035212007|0.1016764455881177,2227|10510,1228.9010949728308,12737,0.096482774199013174,-0.0094859471336415993|-0.0079797832271209998,2227|10510,-104.99272598366156,12737,-0.0082431283648945249
Baekje Weir,2023-06-06,2,20230606T021539_20230606T022202_T52SBF|20230606T021539_20230606T022202_T52SCF,S2B_MSIL2A_20230606T021539_N0509_R003_T52SBF_20230606T043948|S2B_MSIL2A_20230606T021539_N0509_R003_T52SCF_20230606T043948,52SBF|52SCF,2023-06-06T02:27:35.273000+00:00|2023-06-06T02:27:31.516000+00:00,0.020938295520613499|0.11708962391046231,2227|10510,1277.2415314233649,12737,0.10027805067310708,-0.0032811086029655|0.0033676298740193001,2227|10510,28.086761117138675,12737,0.0022051315943423626
Baekje Weir,2023-06-16,2,20230616T021539_20230616T022203_T52SBF|20230616T021539_20230616T022203_T52SCF,S2B_MSIL2A_20230616T021539_N0509_R003_T52SBF_20230616T043833|S2B_MSIL2A_20230616T021539_N0509_R003_T52SCF_20230616T043833,52SBF|52SCF,2023-06-16T02:27:35.616000+00:00|2023-06-16T02:27:31.851000+00:00,0.040257431167439503|0.060598478725394797,2227|10510,726.54331061378707,12737,0.057041949486832617,0.0075773756171959999|-0.0018519835940587,2227|10510,-2.5895320740614451,12737,-0.00020330784910586834
Baekje Weir,2023-07-21,2,20230721T021541_20230721T022311_T52SBF|20230721T021541_20230721T022311_T52SCF,S2A_MSIL2A_20230721T021541_N0509_R003_T52SBF_20230721T070259|S2A_MSIL2A_20230721T021541_N0509_R003_T52SCF_20230721T070259,52SBF|52SCF,2023-07-21T02:27:34.651000+00:00|2023-07-21T02:27:30.889000+00:00,0.1044742352882792|-0.0099937867390973,2227|10510,127.62942335908518,12737,0.010020367697188127,0.022400911234752401|-0.032739219820721498,2227|10510,-294.20237099598933,12737,-0.023098246918111746
Baekje Weir,2023-08-05,2,20230805T021539_20230805T022202_T52SBF|20230805T021539_20230805T022202_T52SCF,S2B_MSIL2A_20230805T021539_N0509_R003_T52SBF_20230805T044141|S2B_MSIL2A_20230805T021539_N0509_R003_T52SCF_20230805T044141,52SBF|52SCF,2023-08-05T02:27:35.505000+00:00|2023-08-05T02:27:31.771000+00:00,0.1107026524140171|0.053114102005350598,2227|10510,804.76401900225096,12737,0.063183168642714213,0.081581486123327801|0.013768881932678599,2227|10510,326.39291870910313,12737,0.025625572639483639
Baekje Weir,2023-08-15,1,20230815T021539_20230815T021939_T52SCF,S2B_MSIL2A_20230815T021539_N0509_R003_T52SCF_20230815T052653,52SCF,2023-08-15T02:27:32.521000+00:00,0.043238094968179701,10510,454.43237811556867,10510,0.043238094968179701,0.014620423165803699,10510,153.66064747259688,10510,0.014620423165803699
Baekje Weir,2023-08-25,1,20230825T021539_20230825T022658_T52SBF,S2B_MSIL2A_20230825T021539_N0509_R003_T52SBF_20230825T062238,52SBF,2023-08-25T02:27:34.747000+00:00,0.14853850176835801,2227,330.7952434381333,2227,0.14853850176835801,0.069240862184353699,2227,154.19940008455569,2227,0.069240862184353699
Baekje Weir,2023-09-09,2,20230909T021541_20230909T022102_T52SBF|20230909T021541_20230909T022102_T52SCF,S2A_MSIL2A_20230909T021541_N0509_R003_T52SBF_20230909T072557|S2A_MSIL2A_20230909T021541_N0509_R003_T52SCF_20230909T072557,52SBF|52SCF,2023-09-09T02:27:35.869000+00:00|2023-09-09T02:27:32.097000+00:00,0.1781535546683731|0.061050847601361001,2227|10510,1038.3923745367711,12737,0.08152566338515907,0.044081174105612603|0.0071659210717730003,2227|10510,173.4826051975335,12737,0.013620366271298853
Baekje Weir,2023-09-24,1,20230924T021539_20230924T022642_T52SCF,S2B_MSIL2A_20230924T021539_N0509_R003_T52SCF_20230924T053147,52SCF,2023-09-24T02:27:30.436000+00:00,-0.0155999030230315,10510,-163.95498077206108,10510,-0.0155999030230315,-0.0023405274302739001,10510,-24.598943292178689,10510,-0.0023405274302739001
Baekje Weir,2023-10-29,2,20231029T021811_20231029T022436_T52SBF|20231029T021811_20231029T022436_T52SCF,S2A_MSIL2A_20231029T021811_N0509_R003_T52SBF_20231029T052155|S2A_MSIL2A_20231029T021811_N0509_R003_T52SCF_20231029T052155,52SBF|52SCF,2023-10-29T02:27:30.420000+00:00|2023-10-29T02:27:26.658000+00:00,0.052240338763730597|0.072711607823552002,2227|10510,880.53823265235962,12737,0.069132310014317314,-0.0038597773354030998|0.00017918940989629999,2227|10510,-6.7124434279325911,12737,-0.00052700348810022697
Baekje Weir,2024-05-16,2,20240516T021611_20240516T022028_T52SBF|20240516T021611_20240516T022028_T52SCF,S2A_MSIL2A_20240516T021611_N0510_R003_T52SBF_20240516T074100|S2A_MSIL2A_20240516T021611_N0510_R003_T52SCF_20240516T074100,52SBF|52SCF,2024-05-16T02:27:33.327000+00:00|2024-05-16T02:27:29.562000+00:00,-0.00097860086239239994|0.091416608193899296,2227|10510,958.60920799733378,12737,0.0752617734158227,-0.0047694341623720996|0.00048028778557459998,2227|10510,-5.5737052532136193,12737,-0.00043759953310933651
Baekje Weir,2024-05-31,2,20240531T021529_20240531T021532_T52SBF|20240531T021529_20240531T021532_T52SCF,S2B_MSIL2A_20240531T021529_N0510_R003_T52SBF_20240531T042042|S2B_MSIL2A_20240531T021529_N0510_R003_T52SCF_20240531T042042,52SBF|52SCF,2024-05-31T02:27:31.088000+00:00|2024-05-31T02:27:27.331000+00:00,-0.033618179631217403|0.11822163425495889,2227|10510,1167.6416899808969,12737,0.091673211115717745,0.0018960731574398999|-0.0003198373511673,2227|10510,0.86106436085033433,12737,6.7603388619795425e-05
Baekje Weir,2024-06-10,2,20240610T021539_20240610T021535_T52SBF|20240610T021539_20240610T021535_T52SCF,S2B_MSIL2A_20240610T021539_N0510_R003_T52SBF_20240610T042021|S2B_MSIL2A_20240610T021539_N0510_R003_T52SCF_20240610T042021,52SBF|52SCF,2024-06-10T02:27:33.871000+00:00|2024-06-10T02:27:30.105000+00:00,0.079982536486742001|0.071026481114569606,2227|10510,924.60942527010104,12737,0.072592402078205318,0.0069415925979191004|-0.0073493217318105,2227|10510,-61.782444685762513,12737,-0.0048506276741589471
Baekje Weir,2024-08-04,1,20240804T021531_20240804T022721_T52SBF,S2A_MSIL2A_20240804T021531_N0511_R003_T52SBF_20240804T084047,52SBF,2024-08-04T02:27:33.396000+00:00,0.089585732661649195,2226,199.41784090483111,2226,0.089585732661649195,0.13561990224667661,2226,301.88990240110212,2226,0.13561990224667661
Baekje Weir,2024-08-09,1,20240809T021539_20240809T022639_T52SBF,S2B_MSIL2A_20240809T021539_N0511_R003_T52SBF_20240809T042748,52SBF,2024-08-09T02:27:34.536000+00:00,0.1812552440416888,2227,403.65542848084095,2227,0.1812552440416888,0.1163850387599307,2227,259.18948131836567,2227,0.1163850387599307
Baekje Weir,2024-08-14,2,20240814T021601_20240814T022230_T52SBF|20240814T021601_20240814T022230_T52SCF,S2A_MSIL2A_20240814T021601_N0511_R003_T52SBF_20240814T052653|S2A_MSIL2A_20240814T021601_N0511_R003_T52SCF_20240814T052653,52SBF|52SCF,2024-08-14T02:27:32.107000+00:00|2024-08-14T02:27:28.344000+00:00,0.3243246796029477|0.1225198342865074,2227|10510,2009.9545198269573,12737,0.15780439034521138,0.10443760866979|0.0214149214109771,2227|10510,457.65337853699168,12737,0.035931018178298788
Baekje Weir,2024-08-19,2,20240819T021539_20240819T022637_T52SBF|20240819T021539_20240819T022637_T52SCF,S2B_MSIL2A_20240819T021539_N0511_R003_T52SBF_20240819T042921|S2B_MSIL2A_20240819T021539_N0511_R003_T52SCF_20240819T042921,52SBF|52SCF,2024-08-19T02:27:32.452000+00:00|2024-08-19T02:27:28.694000+00:00,0.24513856477676749|0.1157695136184398,990|7958,1163.9809685045439,8948,0.13008280828168794,0.1856473732462357|0.044021610867698603,990|7958,534.11487879891888,8948,0.059690978855489372
Baekje Weir,2024-08-29,2,20240829T021539_20240829T022214_T52SBF|20240829T021539_20240829T022214_T52SCF,S2B_MSIL2A_20240829T021539_N0511_R003_T52SBF_20240829T043313|S2B_MSIL2A_20240829T021539_N0511_R003_T52SCF_20240829T043313,52SBF|52SCF,2024-08-29T02:27:32.887000+00:00|2024-08-29T02:27:29.125000+00:00,0.3420260411472415|0.1611205229246204,2227|10510,2455.0686895726672,12737,0.19275093739284502,0.087913259911002198|0.016282741159212799,2227|10510,366.91443940512841,12737,0.028806974908151716
Baekje Weir,2024-09-03,2,20240903T021601_20240903T022601_T52SBF|20240903T021601_20240903T022601_T52SCF,S2A_MSIL2A_20240903T021601_N0511_R003_T52SBF_20240903T072445|S2A_MSIL2A_20240903T021601_N0511_R003_T52SCF_20240903T072445,52SBF|52SCF,2024-09-03T02:27:30.601000+00:00|2024-09-03T02:27:26.836000+00:00,0.12177450739132779|0.1048709999494421,2227|8581,1171.0898785266495,10808,0.10835398580002309,0.14184895823523869|0.077794044246430702,2227|8581,983.44832366849846,10808,0.090992628022621994
Baekje Weir,2024-09-08,2,20240908T021539_20240908T022403_T52SBF|20240908T021539_20240908T022403_T52SCF,S2B_MSIL2A_20240908T021539_N0511_R003_T52SBF_20240908T043148|S2B_MSIL2A_20240908T021539_N0511_R003_T52SCF_20240908T043148,52SBF|52SCF,2024-09-08T02:27:33.091000+00:00|2024-09-08T02:27:29.324000+00:00,0.44848716873623629|0.26664570369424051,2227|10510,3801.2272706020658,12737,0.29843976372788455,0.081408599776110896|0.016106363135432102,2227|10510,350.57482825479036,12737,0.02752412877873835
Baekje Weir,2024-09-23,2,20240923T021531_20240923T022308_T52SBF|20240923T021531_20240923T022308_T52SCF,S2A_MSIL2A_20240923T021531_N0511_R003_T52SBF_20240923T053200|S2A_MSIL2A_20240923T021531_N0511_R003_T52SCF_20240923T053200,52SBF|52SCF,2024-09-23T02:27:32.278000+00:00|2024-09-23T02:27:28.510000+00:00,0.37556499725009418|0.030060762476738698,2227|10510,1152.3218625064835,12737,0.090470429654273654,0.061554268914271702|-0.028516168023427799,2227|10510,-162.62356905414308,12737,-0.012767807886797761
Baekje Weir,2024-09-28,1,20240928T021529_20240928T022712_T52SBF,S2B_MSIL2A_20240928T021529_N0511_R003_T52SBF_20240928T042817,52SBF,2024-09-28T02:27:30.895000+00:00,0.24041216036582019,2227,535.3978811346816,2227,0.24041216036582019,0.070363732092475206,2227,156.70003136994228,2227,0.070363732092475206
Baekje Weir,2024-10-08,1,20241008T021529_20241008T022704_T52SBF,S2B_MSIL2A_20241008T021529_N0511_R003_T52SBF_20241008T150637,52SBF,2024-10-08T02:27:30.173000+00:00,0.12958486847970199,2226,288.45591723581663,2226,0.12958486847970199,0.0577233742594973,2226,128.49223110164098,2226,0.0577233742594973
Baekje Weir,2025-06-05,1,20250605T021529_20250605T022440_T52SCF,S2B_MSIL2A_20250605T021529_N0511_R003_T52SCF_20250605T041606,52SCF,2025-06-05T02:27:27.102000+00:00,0.096162231964370001,10510,1010.6650579455287,10510,0.096162231964370001,0.0085426475207169995,10510,89.78322544273567,10510,0.0085426475207169995
Baekje Weir,2025-06-15,2,20250615T021529_20250615T021530_T52SBF|20250615T021529_20250615T021530_T52SCF,S2B_MSIL2A_20250615T021529_N0511_R003_T52SBF_20250615T035315|S2B_MSIL2A_20250615T021529_N0511_R003_T52SCF_20250615T035315,52SBF|52SCF,2025-06-15T02:27:29.547000+00:00|2025-06-15T02:27:25.795000+00:00,0.076181396996764003|0.074564888312208297,2227|10510,953.3329472731026,12737,0.07484752667606992,0.0064957870971240001|0.0014270132154496,2227|10510,29.464026759670446,12737,0.0023132626803541215
Baekje Weir,2025-06-22,1,20250622T022131_20250622T022128_T52SBF,S2A_MSIL2A_20250622T022131_N0511_R003_T52SBF_20250622T071517,52SBF,2025-06-22T02:27:44.891000+00:00,-0.058255673119909999,2227,-129.73538403803957,2227,-0.058255673119909999,0.0026517668489720002,2227,5.9054847726606443,2227,0.0026517668489720002
Baekje Weir,2025-07-10,2,20250710T021631_20250710T022524_T52SBF|20250710T021631_20250710T022524_T52SCF,S2C_MSIL2A_20250710T021631_N0511_R003_T52SBF_20250710T055619|S2C_MSIL2A_20250710T021631_N0511_R003_T52SCF_20250710T055619,52SBF|52SCF,2025-07-10T02:27:53.781000+00:00|2025-07-10T02:27:50+00:00,0.2027534597393903|0.1050830044889942,2227|10507,1555.6390830054843,12734,0.12216421258092384,0.072408205711708001|0.029326618295575299,2227|10507,469.38785255158336,12734,0.036860990462665569
Baekje Weir,2025-07-12,1,20250712T022131_20250712T022332_T52SBF,S2A_MSIL2A_20250712T022131_N0511_R003_T52SBF_20250712T062412,52SBF,2025-07-12T02:27:49.880000+00:00,0.16038447172914119,2227,357.17621854079744,2227,0.16038447172914119,0.053731206341538301,2227,119.6593965226058,2227,0.053731206341538301
Baekje Weir,2025-07-25,2,20250725T021539_20250725T022319_T52SBF|20250725T021539_20250725T022319_T52SCF,S2B_MSIL2A_20250725T021539_N0511_R003_T52SBF_20250725T041758|S2B_MSIL2A_20250725T021539_N0511_R003_T52SCF_20250725T041758,52SBF|52SCF,2025-07-25T02:27:32.626000+00:00|2025-07-25T02:27:28.870000+00:00,0.015670578468715099|0.14413943886045599,2227|10510,1549.8038806732211,12737,0.12167730868126098,0.076161496550877603|0.0189575569480957,2227|10510,368.85557634329024,12737,0.02895937633220462
Baekje Weir,2025-08-01,1,20250801T022131_20250801T022131_T52SCF,S2A_MSIL2A_20250801T022131_N0511_R003_T52SCF_20250801T071659,52SCF,2025-08-01T02:27:44.418000+00:00,0.054621487946682097,6179,337.50617402254869,6179,0.054621487946682097,0.0013981182402886001,6179,8.6389726067432591,6179,0.0013981182402885998
Baekje Weir,2025-08-21,1,20250821T022131_20250821T022128_T52SBF,S2A_MSIL2A_20250821T022131_N0511_R003_T52SBF_20250821T073716,52SBF,2025-08-21T02:27:44.674000+00:00,0.18204338736555439,1983,360.99203714589436,1983,0.18204338736555439,0.0937770386114435,1983,185.95986756649245,1983,0.0937770386114435
Baekje Weir,2025-09-03,2,20250903T021529_20250903T022208_T52SBF|20250903T021529_20250903T022208_T52SCF,S2B_MSIL2A_20250903T021529_N0511_R003_T52SBF_20250903T041538|S2B_MSIL2A_20250903T021529_N0511_R003_T52SCF_20250903T041538,52SBF|52SCF,2025-09-03T02:27:30.370000+00:00|2025-09-03T02:27:26.612000+00:00,0.20438601139939669|0.105403575587928,2227|10510,1562.9592268155798,12737,0.12271015363237653,0.073881052615357101|0.012989941428035201,2227|10510,301.05738858305017,12737,0.023636444106386916
Baekje Weir,2025-09-10,1,20250910T022131_20250910T022325_T52SBF,S2A_MSIL2A_20250910T022131_N0511_R003_T52SBF_20250910T062313,52SBF,2025-09-10T02:27:42.595000+00:00,0.23690093640762749,2227,527.57838537978648,2227,0.23690093640762752,0.053762187663600997,2227,119.72839192683942,2227,0.053762187663600997
Baekje Weir,2025-10-20,1,20251020T022131_20251020T022129_T52SBF,S2A_MSIL2A_20251020T022131_N0511_R003_T52SBF_20251020T071520,52SBF,2025-10-20T02:27:45.617000+00:00,0.039543175107843498,2227,88.062650965167464,2227,0.039543175107843498,0.00047804973344779997,2227,1.0646167563882505,2227,0.00047804973344779997
Baekje Weir,2025-10-28,2,20251028T021821_20251028T022504_T52SBF|20251028T021821_20251028T022504_T52SCF,S2C_MSIL2A_20251028T021821_N0511_R003_T52SBF_20251028T054320|S2C_MSIL2A_20251028T021821_N0511_R003_T52SCF_20251028T054320,52SBF|52SCF,2025-10-28T02:27:43.688000+00:00|2025-10-28T02:27:39.911000+00:00,0.0039735758243844999|-0.098588537175122698,2227|10510,-1027.3163723496355,12737,-0.080656070687731451,-0.0045170128149195996|-0.0077633671764907996,2227|10510,-91.652376563744255,12737,-0.0071957585431219485
Changnyeong-Haman Weir,2017-09-12,1,20170912T020649_20170912T021455_T52SDE,S2B_MSIL2A_20170912T020649_N0500_R103_T52SDE_20230824T201656,52SDE,2017-09-12T02:17:32.342000+00:00,0.1750934889371441,7145,1251.0429784558946,7145,0.1750934889371441,0.045435295068288702,7145,324.63518326292279,7145,0.045435295068288702
Changnyeong-Haman Weir,2018-10-12,1,20181012T020651_20181012T020650_T52SDE,S2A_MSIL2A_20181012T020651_N0500_R103_T52SDE_20230729T042036,52SDE,2018-10-12T02:17:38.193000+00:00,-0.0078220718301375992,7145,-55.888703226333149,7145,-0.0078220718301375992,-0.031270416071959801,7145,-223.42712283415278,7145,-0.031270416071959801
Changnyeong-Haman Weir,2018-10-17,1,20181017T020649_20181017T021729_T52SDE,S2B_MSIL2A_20181017T020649_N0500_R103_T52SDE_20230709T211938,52SDE,2018-10-17T02:17:39.571000+00:00,0.030612765975841401,7145,218.72821289738681,7145,0.030612765975841401,-0.0111066851921911,7145,-79.35726569820541,7145,-0.0111066851921911
Changnyeong-Haman Weir,2019-05-05,1,20190505T020659_20190505T021736_T52SDE,S2B_MSIL2A_20190505T020659_N0211_R103_T52SDE_20190505T041612,52SDE,2019-05-05T02:17:49+00:00,-0.056457009659890603,7145,-403.38533401991833,7145,-0.056457009659890596,-0.0144157458461764,6180,-89.089309329370153,6180,-0.0144157458461764
Changnyeong-Haman Weir,2019-05-10,1,20190510T020701_20190510T020657_T52SDE,S2A_MSIL2A_20190510T020701_N0500_R103_T52SDE_20221201T133723,52SDE,2019-05-10T02:17:45.268000+00:00,0.017611867613529401,7145,125.83679409866757,7145,0.017611867613529401,-0.0002547549005373,7145,-1.8202237643390085,7145,-0.0002547549005373
Changnyeong-Haman Weir,2019-06-04,1,20190604T020659_20190604T020701_T52SDE,S2B_MSIL2A_20190604T020659_N0500_R103_T52SDE_20230808T145552,52SDE,2019-06-04T02:17:49.507000+00:00,0.032612789669014701,7064,230.37674622191986,7064,0.032612789669014701,0.0232019420859285,7064,163.89851889499892,7064,0.0232019420859285
Changnyeong-Haman Weir,2019-06-09,1,20190609T020701_20190609T020655_T52SDE,S2A_MSIL2A_20190609T020701_N0212_R103_T52SDE_20190609T050254,52SDE,2019-06-09T02:17:43+00:00,0.095490822659247895,7113,679.22622157523028,7113,0.095490822659247895,0.028440205968693601,7112,202.2667448493489,7112,0.028440205968693601
Changnyeong-Haman Weir,2019-07-04,1,20190704T020659_20190704T020701_T52SDE,S2B_MSIL2A_20190704T020659_N0500_R103_T52SDE_20230717T171623,52SDE,2019-07-04T02:17:50.105000+00:00,0.13479270623814979,7145,963.0938860715803,7145,0.13479270623814979,0.048730692258776298,7145,348.18079618895666,7145,0.048730692258776298
Changnyeong-Haman Weir,2019-08-18,1,20190818T020701_20190818T021257_T52SDE,S2A_MSIL2A_20190818T020701_N0213_R103_T52SDE_20190818T042046,52SDE,2019-08-18T02:17:44.255000+00:00,0.16917644719469679,7141,1208.0890094173299,7141,0.16917644719469679,0.088297558827101705,7141,630.5328675843333,7141,0.088297558827101705
Changnyeong-Haman Weir,2019-09-17,1,20190917T020651_20190917T021734_T52SDE,S2A_MSIL2A_20190917T020651_N0213_R103_T52SDE_20190917T060908,52SDE,2019-09-17T02:17:43.638000+00:00,0.19565484761492691,7145,1397.9538862086526,7145,0.19565484761492688,0.022272801642574801,7145,159.13916773619695,7145,0.022272801642574801
Changnyeong-Haman Weir,2019-10-12,1,20191012T020659_20191012T020654_T52SDE,S2B_MSIL2A_20191012T020659_N0500_R103_T52SDE_20230719T000522,52SDE,2019-10-12T02:17:42.524000+00:00,0.032717126160896497,7145,233.76386641960548,7145,0.032717126160896497,-0.021418274566858801,7145,-153.03357178020613,7145,-0.021418274566858801
Changnyeong-Haman Weir,2019-10-22,1,20191022T020719_20191022T020722_T52SDE,S2B_MSIL2A_20191022T020719_N0213_R103_T52SDE_20191022T044434,52SDE,2019-10-22T02:17:42.528000+00:00,0.092706820185551195,7145,662.39023022576328,7145,0.092706820185551195,0.023809757983688999,7145,170.12072079345791,7145,0.023809757983688999
Changnyeong-Haman Weir,2019-10-27,1,20191027T020801_20191027T020756_T52SDE,S2A_MSIL2A_20191027T020801_N0213_R103_T52SDE_20191027T050157,52SDE,2019-10-27T02:17:44.668000+00:00,0.042627731469154301,7145,304.57514134710749,7145,0.042627731469154301,-0.012061229261543601,7141,-86.12923815668286,7141,-0.012061229261543602
Changnyeong-Haman Weir,2020-05-04,1,20200504T020701_20200504T020657_T52SDE,S2A_MSIL2A_20200504T020701_N0214_R103_T52SDE_20200504T051748,52SDE,2020-05-04T02:17:44.918000+00:00,-0.0062607703769221998,7145,-44.733204343109115,7145,-0.0062607703769221998,-0.0103466446453777,7145,-73.926775991223664,7145,-0.0103466446453777
Changnyeong-Haman Weir,2020-05-29,1,20200529T020659_20200529T020654_T52SDE,S2B_MSIL2A_20200529T020659_N0214_R103_T52SDE_20200529T050207,52SDE,2020-05-29T02:17:42.672000+00:00,0.027405832238524899,7131,195.43098969292106,7131,0.027405832238524899,0.013239747474829601,7131,94.412639243009878,7131,0.013239747474829601
Changnyeong-Haman Weir,2020-06-08,1,20200608T020659_20200608T020655_T52SDE,S2B_MSIL2A_20200608T020659_N0214_R103_T52SDE_20200608T045438,52SDE,2020-06-08T02:17:43.544000+00:00,0.073580930817655196,7145,525.73575069214633,7145,0.073580930817655182,0.0127873491096866,7145,91.365609388710752,7145,0.0127873491096866
Changnyeong-Haman Weir,2020-06-23,1,20200623T020701_20200623T020659_T52SDE,S2A_MSIL2A_20200623T020701_N0214_R103_T52SDE_20200623T051817,52SDE,2020-06-23T02:17:47.116000+00:00,0.14148920353891131,6661,942.45958477268823,6661,0.14148920353891131,0.0297788804493926,6661,198.35712267340412,6661,0.0297788804493926
Changnyeong-Haman Weir,2020-06-28,1,20200628T020659_20200628T021737_T52SDE,S2B_MSIL2A_20200628T020659_N0214_R103_T52SDE_20200628T041834,52SDE,2020-06-28T02:17:46.684000+00:00,0.1145773865923785,7140,818.08254026958252,7140,0.11457738659237851,0.041964625847842399,7140,299.62742855359471,7140,0.041964625847842399
Changnyeong-Haman Weir,2020-10-01,1,20201001T020701_20201001T020659_T52SDE,S2A_MSIL2A_20201001T020701_N0214_R103_T52SDE_20201001T045717,52SDE,2020-10-01T02:17:47.057000+00:00,0.17325176922900029,7145,1237.8838911412072,7145,0.17325176922900032,0.012126732859820501,7145,86.645506283417475,7145,0.012126732859820501
Changnyeong-Haman Weir,2020-10-06,1,20201006T020659_20201006T020656_T52SDE,S2B_MSIL2A_20201006T020659_N0500_R103_T52SDE_20230411T043438,52SDE,2020-10-06T02:17:44.954000+00:00,0.1646862759313816,7145,1176.6834415297214,7145,0.16468627593138158,0.0055894586458925003,7145,39.936682024901913,7145,0.0055894586458925003
Changnyeong-Haman Weir,2020-10-26,1,20201026T020759_20201026T020756_T52SDE,S2B_MSIL2A_20201026T020759_N0214_R103_T52SDE_20201026T043232,52SDE,2020-10-26T02:17:44.696000+00:00,0.19599324751349259,7145,1400.3717534839045,7145,0.19599324751349259,-0.0016502288904050001,7142,-11.785934735272511,7142,-0.0016502288904050001
Changnyeong-Haman Weir,2021-05-09,1,20210509T020651_20210509T021025_T52SDE,S2A_MSIL2A_20210509T020651_N0300_R103_T52SDE_20210509T044903,52SDE,2021-05-09T02:17:40.444000+00:00,0.096611639562416404,7145,690.29016467346526,7145,0.096611639562416404,0.013639132686219101,7145,97.451603043035476,7145,0.013639132686219101
Changnyeong-Haman Weir,2021-05-19,1,20210519T020651_20210519T020653_T52SDE,S2A_MSIL2A_20210519T020651_N0500_R103_T52SDE_20230224T152720,52SDE,2021-05-19T02:17:41.641000+00:00,0.067097801804146304,7145,479.41379389062536,7145,0.067097801804146304,0.0071185994427323002,7145,50.862393018322287,7145,0.0071185994427323002
Changnyeong-Haman Weir,2021-05-29,1,20210529T020651_20210529T021027_T52SDE,S2A_MSIL2A_20210529T020651_N0500_R103_T52SDE_20230227T170302,52SDE,2021-05-29T02:17:42.195000+00:00,0.1110732100003595,7145,793.61808545256861,7145,0.1110732100003595,0.0080534738265926002,7145,57.542070491004125,7145,0.0080534738265926002
Changnyeong-Haman Weir,2021-06-08,1,20210608T020651_20210608T021027_T52SDE,S2A_MSIL2A_20210608T020651_N0300_R103_T52SDE_20210608T045137,52SDE,2021-06-08T02:17:42.122000+00:00,0.035503868592927798,7145,253.6751410964691,7145,0.035503868592927798,0.0204719754876567,5513,112.86200086345139,5513,0.0204719754876567
Changnyeong-Haman Weir,2021-07-28,1,20210728T020701_20210728T020656_T52SDE,S2A_MSIL2A_20210728T020701_N0301_R103_T52SDE_20210728T045236,52SDE,2021-07-28T02:17:44.752000+00:00,0.2105287051623039,7045,1483.1747278684311,7045,0.2105287051623039,0.078153241505355506,7045,550.58958640522951,7045,0.078153241505355506
Changnyeong-Haman Weir,2021-08-07,1,20210807T020701_20210807T021029_T52SDE,S2A_MSIL2A_20210807T020701_N0301_R103_T52SDE_20210807T051852,52SDE,2021-08-07T02:17:44.203000+00:00,0.46413168777007607,2071,961.21672537182758,2071,0.46413168777007607,0.2111020734813589,2071,437.19239417989428,2071,0.2111020734813589
Changnyeong-Haman Weir,2021-09-11,1,20210911T020649_20210911T020649_T52SDE,S2B_MSIL2A_20210911T020649_N0301_R103_T52SDE_20210911T043804,52SDE,2021-09-11T02:17:37.721000+00:00,0.1012072870995904,7145,723.12606632657344,7145,0.1012072870995904,0.026290505461809999,7145,187.84566152463245,7145,0.026290505461809999
Changnyeong-Haman Weir,2021-10-01,1,20211001T020649_20211001T020652_T52SDE,S2B_MSIL2A_20211001T020649_N0500_R103_T52SDE_20230111T002651,52SDE,2021-10-01T02:17:40.876000+00:00,0.12880219170049359,7145,920.29165970002668,7145,0.12880219170049359,0.010908434820627101,7145,77.940766793380632,7145,0.010908434820627101
Changnyeong-Haman Weir,2021-10-31,1,20211031T020819_20211031T020820_T52SDE,S2B_MSIL2A_20211031T020819_N0500_R103_T52SDE_20230127T035223,52SDE,2021-10-31T02:17:42.637000+00:00,0.1805229676999287,7145,1289.8366042159905,7145,0.1805229676999287,0.00091694878456520003,7145,6.5515990657183538,7145,0.00091694878456520003
Changnyeong-Haman Weir,2022-05-04,1,20220504T020701_20220504T021642_T52SDE,S2A_MSIL2A_20220504T020701_N0400_R103_T52SDE_20220504T052914,52SDE,2022-05-04T02:17:46.255000+00:00,0.033141083919709803,7145,236.79304460632653,7145,0.033141083919709803,0.010150250697018399,7145,72.523541230196457,7145,0.010150250697018399
Changnyeong-Haman Weir,2022-05-24,1,20220524T020701_20220524T021301_T52SDE,S2A_MSIL2A_20220524T020701_N0510_R103_T52SDE_20240616T112904,52SDE,2022-05-24T02:17:47.867000+00:00,0.1447924340280887,7145,1034.5419411306937,7145,0.1447924340280887,0.035923138556140197,7145,256.67082498362169,7145,0.035923138556140197
Changnyeong-Haman Weir,2022-06-03,1,20220603T020701_20220603T021559_T52SDE,S2A_MSIL2A_20220603T020701_N0400_R103_T52SDE_20220603T055620,52SDE,2022-06-03T02:17:49.267000+00:00,0.0412756556607713,7145,294.91455969621092,7145,0.0412756556607713,0.052789130182006497,7145,377.1783351504364,7145,0.052789130182006497
Changnyeong-Haman Weir,2022-06-18,1,20220618T020659_20220618T021309_T52SDE,S2B_MSIL2A_20220618T020659_N0400_R103_T52SDE_20220618T043051,52SDE,2022-06-18T02:17:45.506000+00:00,0.16210348842613129,7145,1158.2294248047081,7145,0.16210348842613129,0.061344601572140001,7145,438.30717823294032,7145,0.061344601572140001
Changnyeong-Haman Weir,2022-08-22,1,20220822T020711_20220822T021658_T52SDE,S2A_MSIL2A_20220822T020711_N0400_R103_T52SDE_20220824T143002,52SDE,2022-08-22T02:17:54.051000+00:00,0.14161431653897899,7145,1011.8342916710048,7145,0.14161431653897899,0.052296403657715901,7145,373.65780413438011,7145,0.052296403657715901
Changnyeong-Haman Weir,2022-10-01,1,20221001T020701_20221001T021301_T52SDE,S2A_MSIL2A_20221001T020701_N0400_R103_T52SDE_20221001T052952,52SDE,2022-10-01T02:17:48.649000+00:00,0.24614233166409749,7145,1758.6869597399766,7145,0.24614233166409749,0.0099586386044248996,7145,71.154472828615908,7145,0.0099586386044248996
Changnyeong-Haman Weir,2022-10-11,1,20221011T020701_20221011T021300_T52SDE,S2A_MSIL2A_20221011T020701_N0400_R103_T52SDE_20221011T052455,52SDE,2022-10-11T02:17:47.042000+00:00,0.21899982716820801,7145,1564.7537651168464,7145,0.21899982716820804,0.0048230388785767001,7145,34.46061278743052,7145,0.0048230388785767001
Changnyeong-Haman Weir,2022-10-16,1,20221016T020649_20221016T021304_T52SDE,S2B_MSIL2A_20221016T020649_N0400_R103_T52SDE_20221016T042307,52SDE,2022-10-16T02:17:40.621000+00:00,0.20798403446362829,7145,1486.0459262426241,7145,0.20798403446362829,0.004527016494806,7145,32.345532855388868,7145,0.004527016494806
Changnyeong-Haman Weir,2022-10-26,1,20221026T020749_20221026T021400_T52SDE,S2B_MSIL2A_20221026T020749_N0400_R103_T52SDE_20221026T042127,52SDE,2022-10-26T02:17:40.602000+00:00,0.058564385105278803,7145,418.44253157721704,7145,0.058564385105278803,0.00085622598627509996,7145,6.1177346719355894,7145,0.00085622598627509996
Changnyeong-Haman Weir,2022-10-31,1,20221031T020821_20221031T021424_T52SDE,S2A_MSIL2A_20221031T020821_N0400_R103_T52SDE_20221031T052455,52SDE,2022-10-31T02:17:45.247000+00:00,0.034454492592917101,7145,246.17734957639269,7145,0.034454492592917101,-0.0001458163109479,7145,-1.0418575417227456,7145,-0.00014581631094790003
Changnyeong-Haman Weir,2023-05-09,1,20230509T020651_20230509T021248_T52SDE,S2A_MSIL2A_20230509T020651_N0509_R103_T52SDE_20230509T051551,52SDE,2023-05-09T02:17:41.087000+00:00,0.016046089417548801,7145,114.64930888838617,7145,0.016046089417548801,0.0027748277349213001,7145,19.826144166012689,7145,0.0027748277349213001
Changnyeong-Haman Weir,2023-05-14,1,20230514T020659_20230514T021257_T52SDE,S2B_MSIL2A_20230514T020659_N0509_R103_T52SDE_20230514T042809,52SDE,2023-05-14T02:17:44.853000+00:00,0.081676095382953201,7145,583.57570151120058,7145,0.081676095382953201,0.022190215629480599,7145,158.54909067263887,7145,0.022190215629480599
Changnyeong-Haman Weir,2023-06-23,1,20230623T020659_20230623T021723_T52SDE,S2B_MSIL2A_20230623T020659_N0509_R103_T52SDE_20230623T055723,52SDE,2023-06-23T02:17:45.235000+00:00,0.22864150986631379,7145,1633.6435879948122,7145,0.22864150986631382,0.072369340109918995,7145,517.0789350853712,7145,0.072369340109918995
Changnyeong-Haman Weir,2023-10-01,1,20231001T020659_20231001T021254_T52SDE,S2B_MSIL2A_20231001T020659_N0509_R103_T52SDE_20231001T042700,52SDE,2023-10-01T02:17:43.258000+00:00,0.088772116866446898,7145,634.27677501076312,7145,0.088772116866446898,0.0096653827568467,7145,69.059159797669665,7145,0.0096653827568466983
Changnyeong-Haman Weir,2023-10-06,1,20231006T020651_20231006T021253_T52SDE,S2A_MSIL2A_20231006T020651_N0509_R103_T52SDE_20231006T052302,52SDE,2023-10-06T02:17:42.308000+00:00,0.0600011897640245,7145,428.70850086395507,7145,0.0600011897640245,0.023288246462255101,7145,166.3945209728127,7145,0.023288246462255101
Changnyeong-Haman Weir,2023-10-11,1,20231011T020649_20231011T021253_T52SDE,S2B_MSIL2A_20231011T020649_N0509_R103_T52SDE_20231011T042543,52SDE,2023-10-11T02:17:43.111000+00:00,0.14381532288995649,7145,1027.5604820487392,7145,0.14381532288995649,0.011826054193153201,7145,84.497157210079621,7145,0.011826054193153201
Changnyeong-Haman Weir,2023-10-16,1,20231016T020651_20231016T021251_T52SDE,S2A_MSIL2A_20231016T020651_N0509_R103_T52SDE_20231016T051356,52SDE,2023-10-16T02:17:40.259000+00:00,0.0408478183722625,7145,291.85766226981553,7145,0.040847818372262493,0.0051520511228254004,7145,36.811405272587486,7145,0.0051520511228254004
Changnyeong-Haman Weir,2023-10-31,1,20231031T020819_20231031T021420_T52SDE,S2B_MSIL2A_20231031T020819_N0509_R103_T52SDE_20231031T042727,52SDE,2023-10-31T02:17:43.661000+00:00,0.020107219879547299,7145,143.66608603936544,7145,0.020107219879547299,-0.0027268031801497001,7145,-19.483008722169608,7145,-0.0027268031801497001
Changnyeong-Haman Weir,2024-05-03,1,20240503T020651_20240503T021443_T52SDE,S2A_MSIL2A_20240503T020651_N0510_R103_T52SDE_20240503T061350,52SDE,2024-05-03T02:17:44.228000+00:00,-0.0335267354375621,7145,-239.54852470138121,7145,-0.0335267354375621,-0.0092247020470330992,7145,-65.910496126051498,7145,-0.0092247020470330992
Changnyeong-Haman Weir,2024-05-13,1,20240513T020651_20240513T021436_T52SDE,S2A_MSIL2A_20240513T020651_N0510_R103_T52SDE_20240513T051859,52SDE,2024-05-13T02:17:44.509000+00:00,0.0481985746652972,7145,344.37881598354852,7145,0.0481985746652972,-0.0071841261580278997,7145,-51.330581399109342,7145,-0.0071841261580278997
Changnyeong-Haman Weir,2024-05-18,1,20240518T020649_20240518T020649_T52SDE,S2B_MSIL2A_20240518T020649_N0510_R103_T52SDE_20240518T040445,52SDE,2024-05-18T02:17:39.699000+00:00,0.083957538608527699,7145,599.87661335793041,7145,0.083957538608527699,0.0089986798824683006,7145,64.295567760236011,7145,0.0089986798824683006
Changnyeong-Haman Weir,2024-06-12,1,20240612T020701_20240612T021146_T52SDE,S2A_MSIL2A_20240612T020701_N0510_R103_T52SDE_20240612T053459,52SDE,2024-06-12T02:17:47.490000+00:00,0.054294434384656302,7145,387.93373367836926,7145,0.054294434384656302,0.017798676071988501,7145,127.17154053435785,7145,0.017798676071988501
Changnyeong-Haman Weir,2024-08-31,1,20240831T020651_20240831T020650_T52SDE,S2A_MSIL2A_20240831T020651_N0511_R103_T52SDE_20240831T060051,52SDE,2024-08-31T02:17:40.433000+00:00,0.22702403352068171,7145,1622.0867195052708,7145,0.22702403352068171,0.036986295498326001,7145,264.26708133553927,7145,0.036986295498326001
Changnyeong-Haman Weir,2024-09-05,1,20240905T020659_20240905T020653_T52SDE,S2B_MSIL2A_20240905T020659_N0511_R103_T52SDE_20240905T040210,52SDE,2024-09-05T02:17:43.984000+00:00,0.26759568828527469,7145,1911.9711927982876,7145,0.26759568828527469,0.041139474684209698,7145,293.94154661867827,7145,0.041139474684209698
Changnyeong-Haman Weir,2024-09-10,1,20240910T020651_20240910T020650_T52SDE,S2A_MSIL2A_20240910T020651_N0511_R103_T52SDE_20240910T054852,52SDE,2024-09-10T02:17:40.351000+00:00,0.17654880541254689,7145,1261.4412146726474,7145,0.17654880541254689,0.039837207568967602,7145,284.63684808027352,7145,0.039837207568967602
Changnyeong-Haman Weir,2024-09-30,1,20240930T020651_20240930T020653_T52SDE,S2A_MSIL2A_20240930T020651_N0511_R103_T52SDE_20240930T055753,52SDE,2024-09-30T02:17:43.507000+00:00,0.14569390322685399,7145,1040.9829385558719,7145,0.14569390322685402,0.031305647432496503,7145,223.67885090518752,7145,0.031305647432496503
Changnyeong-Haman Weir,2024-10-05,1,20241005T020649_20241005T020652_T52SDE,S2B_MSIL2A_20241005T020649_N0511_R103_T52SDE_20241005T040520,52SDE,2024-10-05T02:17:42.212000+00:00,-0.0010244250803413001,4982,-5.1036857502603565,4982,-0.0010244250803413001,-0.0073025071465189998,4982,-36.381090603957659,4982,-0.0073025071465190007
Changnyeong-Haman Weir,2024-10-10,1,20241010T020651_20241010T020648_T52SDE,S2A_MSIL2A_20241010T020651_N0511_R103_T52SDE_20241010T055650,52SDE,2024-10-10T02:17:38.369000+00:00,0.12204278380313879,7145,871.9956902734267,7145,0.12204278380313879,0.015028301413590701,7145,107.37721360010556,7145,0.015028301413590701
Changnyeong-Haman Weir,2024-10-30,1,20241030T020821_20241030T021624_T52SDE,S2A_MSIL2A_20241030T020821_N0511_R103_T52SDE_20241030T051219,52SDE,2024-10-30T02:17:41.912000+00:00,0.1128789509054967,7145,806.52010421977388,7145,0.1128789509054967,0.0047474027247044002,7145,33.920192468012942,7145,0.0047474027247044002
Changnyeong-Haman Weir,2025-05-08,1,20250508T020711_20250508T020903_T52SDE,S2C_MSIL2A_20250508T020711_N0511_R103_T52SDE_20250508T055213,52SDE,2025-05-08T02:18:01.140000+00:00,-0.1475162860412409,7145,-1054.0038637646662,7145,-0.1475162860412409,-0.0028673491831239998,7145,-20.48720991342098,7145,-0.0028673491831239998
Changnyeong-Haman Weir,2025-05-28,1,20250528T020711_20250528T021218_T52SDE,S2C_MSIL2A_20250528T020711_N0511_R103_T52SDE_20250528T063213,52SDE,2025-05-28T02:18:01.370000+00:00,-0.086712160541021904,7145,-619.55838706560155,7145,-0.086712160541021904,0.0107567050488502,7145,76.856657574034685,7145,0.0107567050488502
Changnyeong-Haman Weir,2025-05-30,1,20250530T021121_20250530T021428_T52SDE,S2A_MSIL2A_20250530T021121_N0511_R103_T52SDE_20250530T062212,52SDE,2025-05-30T02:17:58.527000+00:00,0.075913251818469904,7145,542.4001842429675,7145,0.075913251818469904,0.032956521638569401,7145,235.47434710757838,7145,0.032956521638569401
Changnyeong-Haman Weir,2025-06-07,1,20250607T020711_20250607T021157_T52SDE,S2C_MSIL2A_20250607T020711_N0511_R103_T52SDE_20250607T055113,52SDE,2025-06-07T02:18:01.858000+00:00,0.1050935511198503,7136,749.94758079125177,7136,0.1050935511198503,0.033528709493053602,7136,239.2608709424305,7136,0.033528709493053602
Changnyeong-Haman Weir,2025-07-02,1,20250702T020659_20250702T020654_T52SDE,S2B_MSIL2A_20250702T020659_N0511_R103_T52SDE_20250702T034405,52SDE,2025-07-02T02:17:44.450000+00:00,0.42527953188107531,2385,1014.2916835363646,2385,0.42527953188107531,0.19149952321028821,2385,456.72636285653738,2385,0.19149952321028821
Changnyeong-Haman Weir,2025-07-07,1,20250707T020711_20250707T021412_T52SDE,S2C_MSIL2A_20250707T020711_N0511_R103_T52SDE_20250707T054916,52SDE,2025-07-07T02:18:04.134000+00:00,0.063632339805967095,515,32.770655000073056,515,0.063632339805967095,0.0038513022845054999,515,1.9834206765203324,515,0.0038513022845054999
Changnyeong-Haman Weir,2025-07-09,1,20250709T021131_20250709T021441_T52SDE,S2A_MSIL2A_20250709T021131_N0511_R103_T52SDE_20250709T062417,52SDE,2025-07-09T02:18:00.206000+00:00,0.1713076922110226,7145,1223.9934608477565,7145,0.1713076922110226,0.1021112722114781,7145,729.58503995101103,7145,0.1021112722114781
Changnyeong-Haman Weir,2025-07-29,1,20250729T021131_20250729T021429_T52SDE,S2A_MSIL2A_20250729T021131_N0511_R103_T52SDE_20250729T061616,52SDE,2025-07-29T02:17:59.629000+00:00,0.1995696731120532,7145,1425.9253143856201,7145,0.1995696731120532,0.059110745917414199,7145,422.34627957992444,7145,0.059110745917414199
Changnyeong-Haman Weir,2025-08-01,1,20250801T020649_20250801T021704_T52SDE,S2B_MSIL2A_20250801T020649_N0511_R103_T52SDE_20250801T040552,52SDE,2025-08-01T02:17:41.374000+00:00,0.081795632334576707,7145,584.42979303055051,7145,0.081795632334576693,0.068357760655427702,7145,488.41619988303091,7145,0.068357760655427702
Changnyeong-Haman Weir,2025-08-18,1,20250818T021121_20250818T021646_T52SDE,S2A_MSIL2A_20250818T021121_N0511_R103_T52SDE_20250818T061108,52SDE,2025-08-18T02:17:54.846000+00:00,0.18815899698155539,7145,1344.3960334332132,7145,0.18815899698155539,0.059121081301779198,7145,422.42012590121237,7145,0.059121081301779198
Changnyeong-Haman Weir,2025-08-21,1,20250821T020659_20250821T020653_T52SDE,S2B_MSIL2A_20250821T020659_N0511_R103_T52SDE_20250821T035126,52SDE,2025-08-21T02:17:43.644000+00:00,0.17679144700538729,7131,1260.6998085954167,7131,0.17679144700538729,0.054751293551615399,7131,390.43147431656939,7131,0.054751293551615399
Chilgok Weir,2017-05-03,1,20170503T021611_20170503T022350_T52SDE,S2A_MSIL2A_20170503T021611_N0500_R003_T52SDE_20230925T151324,52SDE,2017-05-03T02:27:39.423000+00:00,-0.021962560381835201,8387,-184.19999392245182,8387,-0.021962560381835201,-0.0018097637545815,8387,-15.178488609675041,8387,-0.0018097637545815
Chilgok Weir,2017-07-27,1,20170727T021559_20170727T022347_T52SDE,S2B_MSIL2A_20170727T021559_N0500_R003_T52SDE_20230919T203258,52SDE,2017-07-27T02:27:36.945000+00:00,-0.0088581624015825998,8387,-74.293408062073269,8387,-0.0088581624015825998,-0.012807517568572201,8387,-107.41664984761505,8387,-0.012807517568572201
Chilgok Weir,2017-09-12,1,20170912T020649_20170912T021455_T52SDE,S2B_MSIL2A_20170912T020649_N0500_R103_T52SDE_20230824T201656,52SDE,2017-09-12T02:17:32.342000+00:00,-0.0138760271919604,8387,-116.37824005897187,8387,-0.0138760271919604,-0.0021267798431243001,8387,-17.837302544283503,8387,-0.0021267798431243001
Chilgok Weir,2017-09-25,1,20170925T021549_20170925T022334_T52SDE,S2B_MSIL2A_20170925T021549_N0500_R003_T52SDE_20230917T092502,52SDE,2017-09-25T02:27:23.451000+00:00,0.078644752824418407,2866,225.39586159478316,2866,0.078644752824418407,0.0066531330362095001,2866,19.067879281776428,2866,0.0066531330362095001
Chilgok Weir,2017-10-30,1,20171030T021821_20171030T022623_T52SDE,S2A_MSIL2A_20171030T021821_N0500_R003_T52SDE_20230911T092126,52SDE,2017-10-30T02:27:36.446000+00:00,0.0297368542417198,8387,249.40299652530396,8387,0.0297368542417198,-0.0057219451619164004,8387,-47.989954072992852,8387,-0.0057219451619164004
Chilgok Weir,2018-10-12,1,20181012T020651_20181012T020650_T52SDE,S2A_MSIL2A_20181012T020651_N0500_R103_T52SDE_20230729T042036,52SDE,2018-10-12T02:17:38.193000+00:00,-0.070724230257290896,8387,-593.16411916789878,8387,-0.070724230257290896,-0.068078186648961994,8387,-570.97175142484423,8387,-0.068078186648961994
Chilgok Weir,2018-10-15,1,20181015T021641_20181015T022428_T52SDE,S2A_MSIL2A_20181015T021641_N0500_R003_T52SDE_20230710T053551,52SDE,2018-10-15T02:27:34.169000+00:00,-0.042329951136749498,8387,-355.02130018391802,8387,-0.042329951136749498,-0.049859604347272199,8387,-418.17250166057192,8387,-0.049859604347272199
Chilgok Weir,2018-10-17,1,20181017T020649_20181017T021729_T52SDE,S2B_MSIL2A_20181017T020649_N0500_R103_T52SDE_20230709T211938,52SDE,2018-10-17T02:17:39.571000+00:00,-0.0183762252315583,6185,-113.65695305718809,6185,-0.0183762252315583,-0.041444278416794697,6185,-256.33286200787518,6185,-0.04144427841679469
Chilgok Weir,2018-10-20,1,20181020T021709_20181020T022232_T52SDE,S2B_MSIL2A_20181020T021709_N0510_R003_T52SDE_20250531T231417,52SDE,2018-10-20T02:27:34.358000+00:00,-0.044532827827186899,8387,-373.4968269866165,8387,-0.044532827827186899,-0.038703058979892999,8387,-324.60255566436257,8387,-0.038703058979892999
Chilgok Weir,2018-10-30,1,20181030T021819_20181030T022432_T52SDE,S2B_MSIL2A_20181030T021819_N0500_R003_T52SDE_20230707T113406,52SDE,2018-10-30T02:27:34.785000+00:00,-0.1346615333312183,8387,-1129.406280048928,8387,-0.1346615333312183,-0.0124976685272552,8387,-104.81794593808935,8387,-0.0124976685272552
Chilgok Weir,2019-05-03,1,20190503T021611_20190503T021607_T52SDE,S2A_MSIL2A_20190503T021611_N0500_R003_T52SDE_20221205T094439,52SDE,2019-05-03T02:27:41.104000+00:00,0.020264105878498102,8387,169.95505600296357,8387,0.020264105878498102,0.0052280158519246002,8387,43.847368950091621,8387,0.0052280158519246002
Chilgok Weir,2019-05-05,1,20190505T020659_20190505T021736_T52SDE,S2B_MSIL2A_20190505T020659_N0211_R103_T52SDE_20190505T041612,52SDE,2019-05-05T02:17:49+00:00,-0.0132226335027626,2309,-30.531060757878844,2309,-0.0132226335027626,-0.0086035374984035004,2309,-19.865568083813681,2309,-0.0086035374984035004
Chilgok Weir,2019-05-10,1,20190510T020701_20190510T020657_T52SDE,S2A_MSIL2A_20190510T020701_N0500_R103_T52SDE_20221201T133723,52SDE,2019-05-10T02:17:45.268000+00:00,-0.1386776881017957,8387,-1163.0897701097606,8387,-0.1386776881017957,-0.0094028601859406993,8387,-78.861788379484651,8387,-0.0094028601859406993
Chilgok Weir,2019-05-23,1,20190523T021611_20190523T022214_T52SDE,S2A_MSIL2A_20190523T021611_N0500_R003_T52SDE_20221212T010402,52SDE,2019-05-23T02:27:40.685000+00:00,-0.040431130016521002,8387,-339.09588744856165,8387,-0.040431130016521002,-0.00049969354952119998,8387,-4.1909297998343042,8387,-0.00049969354952119998
Chilgok Weir,2019-05-30,1,20190530T020701_20190530T020656_T52SDE,S2A_MSIL2A_20190530T020701_N0212_R103_T52SDE_20190530T050413,52SDE,2019-05-30T02:17:44+00:00,0.044569820414404999,8385,373.71794417478594,8385,0.044569820414404999,0.0087710807979738004,8383,73.527970329414373,8383,0.0087710807979738004
Chilgok Weir,2019-06-04,1,20190604T020659_20190604T020701_T52SDE,S2B_MSIL2A_20190604T020659_N0500_R103_T52SDE_20230808T145552,52SDE,2019-06-04T02:17:49.507000+00:00,0.0048584859067259999,8387,40.748121299710959,8387,0.0048584859067259999,-0.0026746426825824,8387,-22.432228178818587,8387,-0.0026746426825824
Chilgok Weir,2019-06-09,1,20190609T020701_20190609T020655_T52SDE,S2A_MSIL2A_20190609T020701_N0212_R103_T52SDE_20190609T050254,52SDE,2019-06-09T02:17:43+00:00,0.021998092291532999,4462,98.15548780482024,4462,0.021998092291532999,0.021689940215621099,4462,96.780513242101335,4462,0.021689940215621099
Chilgok Weir,2019-06-12,1,20190612T021611_20190612T022608_T52SDE,S2A_MSIL2A_20190612T021611_N0212_R003_T52SDE_20190612T043019,52SDE,2019-06-12T02:27:40+00:00,0.025301686488636,8387,212.20524458019014,8387,0.025301686488636,0.012972088063524401,8387,108.79690258877915,8387,0.012972088063524401
Chilgok Weir,2019-06-17,1,20190617T021609_20190617T022127_T52SDE,S2B_MSIL2A_20190617T021609_N0212_R003_T52SDE_20190617T055313,52SDE,2019-06-17T02:27:44+00:00,0.040819283662132597,6704,273.65247767093695,6704,0.040819283662132597,0.036494284165921702,6704,244.6576810483391,6704,0.036494284165921702
Chilgok Weir,2019-06-22,1,20190622T021611_20190622T021607_T52SDE,S2A_MSIL2A_20190622T021611_N0212_R003_T52SDE_20190622T051801,52SDE,2019-06-22T02:27:41+00:00,0.0539268947989021,8387,452.28486667839189,8387,0.0539268947989021,0.0536238260424136,8387,449.74302901772285,8387,0.0536238260424136
Chilgok Weir,2019-07-04,1,20190704T020659_20190704T020701_T52SDE,S2B_MSIL2A_20190704T020659_N0500_R103_T52SDE_20230717T171623,52SDE,2019-07-04T02:17:50.105000+00:00,-0.0431710191460997,8387,-362.07533757833818,8387,-0.0431710191460997,-0.010647473160742001,8387,-89.300357399143152,8387,-0.010647473160742001
Chilgok Weir,2019-08-01,1,20190801T021611_20190801T021608_T52SDE,S2A_MSIL2A_20190801T021611_N0213_R003_T52SDE_20190801T050256,52SDE,2019-08-01T02:27:41.941000+00:00,0.044576180627108497,6484,289.0319551861715,6484,0.044576180627108497,0.023382565670831301,6484,151.61255580967017,6484,0.023382565670831305
Chilgok Weir,2019-08-18,1,20190818T020701_20190818T021257_T52SDE,S2A_MSIL2A_20190818T020701_N0213_R103_T52SDE_20190818T042046,52SDE,2019-08-18T02:17:44.255000+00:00,0.13254147536691449,3544,469.72698870034498,3544,0.13254147536691449,0.075847102790745802,3544,268.80213229040311,3544,0.075847102790745802
Chilgok Weir,2019-08-26,1,20190826T021609_20190826T021607_T52SDE,S2B_MSIL2A_20190826T021609_N0213_R003_T52SDE_20190826T045559,52SDE,2019-08-26T02:27:41.887000+00:00,0.017359024207488302,8387,145.5901360282044,8387,0.017359024207488302,0.0010017258465039999,8387,8.4014746746290463,8387,0.0010017258465039999
Chilgok Weir,2019-09-17,1,20190917T020651_20190917T021206_T52SDE,S2A_MSIL2A_20190917T020651_N0213_R103_T52SDE_20190917T042040,52SDE,2019-09-17T02:17:37.137000+00:00,0.060243577790369901,8387,505.26288692783237,8387,0.060243577790369901,0.00033704201802689998,8387,2.82677140519161,8387,0.00033704201802689998
Chilgok Weir,2019-10-12,1,20191012T020659_20191012T020654_T52SDE,S2B_MSIL2A_20191012T020659_N0500_R103_T52SDE_20230719T000522,52SDE,2019-10-12T02:17:42.524000+00:00,-0.069228371358861202,8387,-580.61835058676888,8387,-0.069228371358861202,-0.045255970510921999,8387,-379.5618246751028,8387,-0.045255970510921999
Chilgok Weir,2019-10-20,1,20191020T021721_20191020T021716_T52SDE,S2A_MSIL2A_20191020T021721_N0213_R003_T52SDE_20191020T052106,52SDE,2019-10-20T02:27:40.534000+00:00,-0.036875821796587903,8387,-309.27751740798271,8387,-0.036875821796587903,-0.0136574152098995,8387,-114.5447413654271,8387,-0.0136574152098995
Chilgok Weir,2019-10-22,1,20191022T020719_20191022T020722_T52SDE,S2B_MSIL2A_20191022T020719_N0213_R103_T52SDE_20191022T044434,52SDE,2019-10-22T02:17:42.528000+00:00,-0.016851335077487799,8387,-141.33214729489018,8387,-0.016851335077487799,-0.011923402940645001,8387,-100.00158046318963,8387,-0.011923402940645001
Chilgok Weir,2019-10-27,1,20191027T020801_20191027T020756_T52SDE,S2A_MSIL2A_20191027T020801_N0213_R103_T52SDE_20191027T050157,52SDE,2019-10-27T02:17:44.668000+00:00,0.016159586553558199,8386,135.51429283813906,8386,0.016159586553558199,-0.011427936587404999,8380,-95.766108602453897,8380,-0.011427936587404999
Chilgok Weir,2019-10-30,1,20191030T021821_20191030T021819_T52SDE,S2A_MSIL2A_20191030T021821_N0500_R003_T52SDE_20230709T010057,52SDE,2019-10-30T02:27:40.543000+00:00,0.1872505726708803,8387,1570.470552990673,8387,0.1872505726708803,-0.0077865528865052004,8387,-65.305819059119116,8387,-0.0077865528865052004
Chilgok Weir,2020-05-04,1,20200504T020701_20200504T020657_T52SDE,S2A_MSIL2A_20200504T020701_N0214_R103_T52SDE_20200504T051748,52SDE,2020-05-04T02:17:44.918000+00:00,-0.0076684530600257001,8387,-64.31531581443555,8387,-0.0076684530600257001,-0.0056174876672486001,8387,-47.113869065214011,8387,-0.0056174876672486001
Chilgok Weir,2020-05-12,1,20200512T021559_20200512T021601_T52SDE,S2B_MSIL2A_20200512T021559_N0214_R003_T52SDE_20200512T050014,52SDE,2020-05-12T02:27:36.017000+00:00,0.017214180043702801,8387,144.37532802653539,8387,0.017214180043702801,0.0093871367856153999,8387,78.729916220956355,8387,0.0093871367856153999
Chilgok Weir,2020-05-29,1,20200529T020659_20200529T020654_T52SDE,S2B_MSIL2A_20200529T020659_N0214_R103_T52SDE_20200529T050207,52SDE,2020-05-29T02:17:42.672000+00:00,-0.068042683668020798,8386,-570.60594524002238,8386,-0.068042683668020798,-0.0090077629127691006,7636,-68.783277601904857,7636,-0.0090077629127691006
Chilgok Weir,2020-06-01,1,20200601T021609_20200601T021604_T52SDE,S2B_MSIL2A_20200601T021609_N0214_R003_T52SDE_20200601T050555,52SDE,2020-06-01T02:27:38.928000+00:00,0.021365482496749501,8387,179.19230170023806,8387,0.021365482496749501,0.0080566540864041008,8387,67.571157822671196,8387,0.0080566540864041008
Chilgok Weir,2020-06-08,1,20200608T020659_20200608T020655_T52SDE,S2B_MSIL2A_20200608T020659_N0214_R103_T52SDE_20200608T045438,52SDE,2020-06-08T02:17:43.544000+00:00,-0.0053548339112516998,8387,-44.910992013668007,8387,-0.0053548339112516998,-0.0027991184719789002,8387,-23.476206624487034,8387,-0.0027991184719789002
Chilgok Weir,2020-06-16,1,20200616T021611_20200616T021609_T52SDE,S2A_MSIL2A_20200616T021611_N0214_R003_T52SDE_20200616T053533,52SDE,2020-06-16T02:27:43.423000+00:00,0.017238254927881599,8387,144.57724408014298,8387,0.017238254927881599,0.0016604336674522001,8387,13.926057168921602,8387,0.0016604336674522001
Chilgok Weir,2020-06-21,1,20200621T021609_20200621T021605_T52SDE,S2B_MSIL2A_20200621T021609_N0214_R003_T52SDE_20200621T050033,52SDE,2020-06-21T02:27:39.886000+00:00,0.027238478415872201,8377,228.17673368976142,8377,0.027238478415872201,0.0124810855182557,8377,104.554053386428,8377,0.0124810855182557
Chilgok Weir,2020-06-23,1,20200623T020701_20200623T020659_T52SDE,S2A_MSIL2A_20200623T020701_N0214_R103_T52SDE_20200623T051817,52SDE,2020-06-23T02:17:47.116000+00:00,0.0015699528405189,7901,12.40419739293983,7901,0.0015699528405189,0.005328953941533,7901,42.104065092052231,7901,0.005328953941533
Chilgok Weir,2020-06-26,1,20200626T021611_20200626T021608_T52SDE,S2A_MSIL2A_20200626T021611_N0214_R003_T52SDE_20200626T053706,52SDE,2020-06-26T02:27:42.828000+00:00,0.021247908949831501,5910,125.57514189350417,5910,0.021247908949831501,0.0079818473412732998,5910,47.172717786925205,5910,0.0079818473412732998
Chilgok Weir,2020-06-28,1,20200628T020659_20200628T020655_T52SDE,S2B_MSIL2A_20200628T020659_N0214_R103_T52SDE_20200628T044730,52SDE,2020-06-28T02:17:40.177000+00:00,0.0082877874075399996,5727,47.464158482981574,5727,0.0082877874075399996,0.0086573425248548004,5727,49.580600639843439,5727,0.0086573425248548004
Chilgok Weir,2020-07-16,1,20200716T021611_20200716T021608_T52SDE,S2A_MSIL2A_20200716T021611_N0214_R003_T52SDE_20200716T053754,52SDE,2020-07-16T02:27:42.052000+00:00,0.0001022312078535,8387,0.85741314026730453,8387,0.0001022312078535,-0.037758295721078,8387,-316.6788262126812,8387,-0.037758295721078
Chilgok Weir,2020-08-20,1,20200820T021609_20200820T021606_T52SDE,S2B_MSIL2A_20200820T021609_N0214_R003_T52SDE_20200820T045434,52SDE,2020-08-20T02:27:40.877000+00:00,0.045656082830371703,8387,382.91756669832745,8387,0.045656082830371703,-0.0012325561336520999,8387,-10.337448292940161,8387,-0.0012325561336520999
Chilgok Weir,2020-08-25,1,20200825T021611_20200825T021608_T52SDE,S2A_MSIL2A_20200825T021611_N0214_R003_T52SDE_20200825T053321,52SDE,2020-08-25T02:27:42.745000+00:00,0.043099061971134403,8387,361.47183275190423,8387,0.043099061971134403,0.0035167226064039998,8387,29.494752499910348,8387,0.0035167226064039998
Chilgok Weir,2020-09-04,1,20200904T021611_20200904T021607_T52SDE,S2A_MSIL2A_20200904T021611_N0214_R003_T52SDE_20200904T052050,52SDE,2020-09-04T02:27:41.859000+00:00,0.0135716907474742,8387,113.82577029906611,8387,0.0135716907474742,-0.0394235018393733,8387,-330.64490992682386,8387,-0.0394235018393733
Chilgok Weir,2020-09-14,1,20200914T021611_20200914T021607_T52SDE,S2A_MSIL2A_20200914T021611_N0214_R003_T52SDE_20200914T052323,52SDE,2020-09-14T02:27:41.457000+00:00,-0.017250370795709801,5862,-101.12167360445085,5862,-0.017250370795709801,-0.0419580325049171,5862,-245.95798654382403,5862,-0.0419580325049171
Chilgok Weir,2020-10-01,1,20201001T020701_20201001T020659_T52SDE,S2A_MSIL2A_20201001T020701_N0214_R103_T52SDE_20201001T045717,52SDE,2020-10-01T02:17:47.057000+00:00,-0.0343282466698311,8387,-287.91100481987343,8387,-0.0343282466698311,-0.025217904676894901,8387,-211.50256652511754,8387,-0.025217904676894901
Chilgok Weir,2020-10-06,1,20201006T020659_20201006T020656_T52SDE,S2B_MSIL2A_20201006T020659_N0500_R103_T52SDE_20230411T043438,52SDE,2020-10-06T02:17:44.954000+00:00,-0.098611937845372394,8387,-827.05832270913822,8387,-0.098611937845372394,-0.027191638184654698,8387,-228.05626945469896,8387,-0.027191638184654698
Chilgok Weir,2020-10-19,1,20201019T021719_20201019T022536_T52SDE,S2B_MSIL2A_20201019T021719_N0214_R003_T52SDE_20201019T045725,52SDE,2020-10-19T02:27:41.037000+00:00,-0.0244181964267184,8227,-200.88850200261228,8227,-0.0244181964267184,-0.0069410336321986997,8227,-57.103883692098705,8227,-0.0069410336321986997
Chilgok Weir,2020-10-24,1,20201024T021751_20201024T022447_T52SDE,S2A_MSIL2A_20201024T021751_N0214_R003_T52SDE_20201024T045915,52SDE,2020-10-24T02:27:42.640000+00:00,0.0033849667164892001,8387,28.389715851194921,8387,0.0033849667164892001,-0.010644075835310801,8387,-89.271864030751686,8387,-0.010644075835310801
Chilgok Weir,2020-10-26,1,20201026T020759_20201026T020756_T52SDE,S2B_MSIL2A_20201026T020759_N0214_R103_T52SDE_20201026T043232,52SDE,2020-10-26T02:17:44.696000+00:00,0.054399160999548703,8387,456.24576330321497,8387,0.054399160999548703,-0.0096084017386104999,8384,-80.556840176510434,8384,-0.0096084017386104999
Chilgok Weir,2020-10-29,1,20201029T021819_20201029T021816_T52SDE,S2B_MSIL2A_20201029T021819_N0214_R003_T52SDE_20201029T043353,52SDE,2020-10-29T02:27:40.407000+00:00,0.085257785402246405,3275,279.21924719235699,3275,0.085257785402246405,8.9265167377652855e-05,3275,0.29234342316181311,3275,8.9265167377652855e-05
Chilgok Weir,2021-05-09,1,20210509T020651_20210509T021025_T52SDE,S2A_MSIL2A_20210509T020651_N0300_R103_T52SDE_20210509T044903,52SDE,2021-05-09T02:17:40.444000+00:00,-0.0075304111039598996,8387,-63.157557928911679,8387,-0.0075304111039598996,-0.0045571308483797002,8386,-38.216099294512169,8386,-0.0045571308483797002
Chilgok Weir,2021-05-12,1,20210512T021601_20210512T022720_T52SDE,S2A_MSIL2A_20210512T021601_N0300_R003_T52SDE_20210512T041625,52SDE,2021-05-12T02:27:36.831000+00:00,0.0262028121033385,98,2.5678755861271729,98,0.0262028121033385,0.0060626444228485,98,0.59413915343915302,98,0.0060626444228485
Chilgok Weir,2021-05-19,1,20210519T020651_20210519T020653_T52SDE,S2A_MSIL2A_20210519T020651_N0500_R103_T52SDE_20230224T152720,52SDE,2021-05-19T02:17:41.641000+00:00,-0.064832481905628306,8387,-543.75002574250459,8387,-0.064832481905628306,-0.012041278214960399,8387,-100.99020038887286,8387,-0.012041278214960399
Chilgok Weir,2021-05-22,1,20210522T021601_20210522T022207_T52SDE,S2A_MSIL2A_20210522T021601_N0500_R003_T52SDE_20230224T233603,52SDE,2021-05-22T02:27:37.809000+00:00,0.031744833763607302,8387,266.24392077537442,8387,0.031744833763607302,0.0067271299404141997,8387,56.420438810253891,8387,0.0067271299404141997
Chilgok Weir,2021-05-29,1,20210529T020651_20210529T021027_T52SDE,S2A_MSIL2A_20210529T020651_N0500_R103_T52SDE_20230227T170302,52SDE,2021-05-29T02:17:42.195000+00:00,-0.0170228873252499,8387,-142.77095599687092,8387,-0.0170228873252499,-0.0139808362797697,8387,-117.25727387842848,8387,-0.0139808362797697
Chilgok Weir,2021-06-21,1,20210621T021601_20210621T022255_T52SDE,S2A_MSIL2A_20210621T021601_N0300_R003_T52SDE_20210621T050048,52SDE,2021-06-21T02:27:38.058000+00:00,0.0310163515933191,7718,239.38420159723682,7718,0.0310163515933191,0.010730692168689399,7718,82.81948215794479,7718,0.010730692168689401
Chilgok Weir,2021-07-28,1,20210728T020701_20210728T020656_T52SDE,S2A_MSIL2A_20210728T020701_N0301_R103_T52SDE_20210728T045236,52SDE,2021-07-28T02:17:44.752000+00:00,0.065486580122079793,8387,549.23594748388325,8387,0.065486580122079793,-0.003544472769633,8369,-29.663692609058579,8369,-0.003544472769633
Chilgok Weir,2021-08-05,1,20210805T021609_20210805T021604_T52SDE,S2B_MSIL2A_20210805T021609_N0301_R003_T52SDE_20210805T043604,52SDE,2021-08-05T02:27:38.611000+00:00,0.020742933195007199,8367,173.55612204262525,8367,0.020742933195007199,-0.0107636074570489,8367,-90.059103593128143,8367,-0.0107636074570489
Chilgok Weir,2021-08-07,1,20210807T020701_20210807T021029_T52SDE,S2A_MSIL2A_20210807T020701_N0301_R103_T52SDE_20210807T051852,52SDE,2021-08-07T02:17:44.203000+00:00,0.055077742353003001,8387,461.93702511463619,8387,0.055077742353003001,-0.0149843180186981,8162,-122.30200366861389,8162,-0.0149843180186981
Chilgok Weir,2021-09-11,1,20210911T020649_20210911T020649_T52SDE,S2B_MSIL2A_20210911T020649_N0301_R103_T52SDE_20210911T043804,52SDE,2021-09-11T02:17:37.721000+00:00,-0.0053892049844342996,8387,-45.19926220445047,8387,-0.0053892049844342996,-0.012288563407012501,8386,-103.05189273120683,8386,-0.012288563407012501
Chilgok Weir,2021-09-19,1,20210919T021611_20210919T022209_T52SDE,S2A_MSIL2A_20210919T021611_N0301_R003_T52SDE_20210919T051646,52SDE,2021-09-19T02:27:39.632000+00:00,0.027731736568469299,8369,232.08690334151956,8369,0.027731736568469299,0.0155769137386475,8369,130.36319107874093,8369,0.0155769137386475
Chilgok Weir,2021-10-01,1,20211001T020649_20211001T020652_T52SDE,S2B_MSIL2A_20211001T020649_N0500_R103_T52SDE_20230111T002651,52SDE,2021-10-01T02:17:40.876000+00:00,-0.0305514472254097,8387,-256.23498787951115,8387,-0.0305514472254097,-0.0074586338946610996,8387,-62.555562474522645,8387,-0.0074586338946610996
Chilgok Weir,2021-10-14,1,20211014T021639_20211014T021639_T52SDE,S2B_MSIL2A_20211014T021639_N0301_R003_T52SDE_20211014T044840,52SDE,2021-10-14T02:27:38.550000+00:00,-0.076772035619222301,8387,-643.8870627384174,8387,-0.076772035619222301,-0.022378525552795799,8387,-187.68869381129835,8387,-0.022378525552795799
Chilgok Weir,2021-10-19,1,20211019T021721_20211019T022407_T52SDE,S2A_MSIL2A_20211019T021721_N0301_R003_T52SDE_20211019T051640,52SDE,2021-10-19T02:27:42.721000+00:00,0.046980249078334202,3058,143.66560168154598,3058,0.046980249078334202,-0.0073285305617901003,3058,-22.410646457954126,3058,-0.0073285305617901003
Chilgok Weir,2021-10-24,1,20211024T021749_20211024T021743_T52SDE,S2B_MSIL2A_20211024T021749_N0301_R003_T52SDE_20211024T044140,52SDE,2021-10-24T02:27:38.899000+00:00,0.075113050438026005,8387,629.97315402372408,8387,0.075113050438026005,-0.011068021688471701,8387,-92.827497901212155,8387,-0.011068021688471701
Chilgok Weir,2021-10-31,1,20211031T020819_20211031T020820_T52SDE,S2B_MSIL2A_20211031T020819_N0500_R103_T52SDE_20230127T035223,52SDE,2021-10-31T02:17:42.637000+00:00,-0.035510124072143198,8387,-297.82341059306498,8387,-0.035510124072143198,-0.0170255124045109,8387,-142.79297253663293,8387,-0.0170255124045109
Chilgok Weir,2022-05-02,1,20220502T021559_20220502T021557_T52SDE,S2B_MSIL2A_20220502T021559_N0400_R003_T52SDE_20220502T044228,52SDE,2022-05-02T02:27:31.577000+00:00,-0.0093843255500940994,8387,-78.70633838863921,8387,-0.0093843255500940994,-0.0020338134686026001,8387,-17.057593561170005,8387,-0.0020338134686026001
Chilgok Weir,2022-05-04,1,20220504T020701_20220504T021642_T52SDE,S2A_MSIL2A_20220504T020701_N0400_R103_T52SDE_20220504T052914,52SDE,2022-05-04T02:17:46.255000+00:00,-0.060967696782760698,8387,-511.33607291701395,8387,-0.060967696782760698,-0.0041442262096443002,8387,-34.757625220286748,8387,-0.0041442262096443002
Chilgok Weir,2022-05-17,1,20220517T021611_20220517T022234_T52SDE,S2A_MSIL2A_20220517T021611_N0400_R003_T52SDE_20220517T055107,52SDE,2022-05-17T02:27:42.483000+00:00,0.033886354596741997,8387,284.20485600287515,8387,0.033886354596741997,0.020336350240560901,8387,170.56096946758427,8387,0.020336350240560901
Chilgok Weir,2022-05-22,1,20220522T021609_20220522T022240_T52SDE,S2B_MSIL2A_20220522T021609_N0400_R003_T52SDE_20220522T050008,52SDE,2022-05-22T02:27:37.379000+00:00,0.02976794038053,8387,249.6637159715051,8387,0.02976794038053,0.016202466811555499,8387,135.89008914851595,8387,0.016202466811555499
Chilgok Weir,2022-05-24,1,20220524T020701_20220524T021301_T52SDE,S2A_MSIL2A_20220524T020701_N0510_R103_T52SDE_20240616T112904,52SDE,2022-05-24T02:17:47.867000+00:00,-0.088321241682312202,8387,-740.75025398955245,8387,-0.088321241682312202,-0.0075715865762991004,8387,-63.502896615420553,8387,-0.0075715865762991004
Chilgok Weir,2022-05-27,1,20220527T021611_20220527T022236_T52SDE,S2A_MSIL2A_20220527T021611_N0400_R003_T52SDE_20220527T054614,52SDE,2022-05-27T02:27:44.789000+00:00,0.0314702815897102,8387,263.94125169289947,8387,0.0314702815897102,0.0144546288383385,8387,121.230972067145,8387,0.0144546288383385
Chilgok Weir,2022-06-03,1,20220603T020701_20220603T021559_T52SDE,S2A_MSIL2A_20220603T020701_N0400_R103_T52SDE_20220603T055620,52SDE,2022-06-03T02:17:49.267000+00:00,0.015996922153968501,8387,134.16618610533382,8387,0.015996922153968501,0.0032372314162352998,8387,27.15065988796546,8387,0.0032372314162352998
Chilgok Weir,2022-06-16,1,20220616T021541_20220616T022208_T52SDE,S2A_MSIL2A_20220616T021541_N0400_R003_T52SDE_20220616T054811,52SDE,2022-06-16T02:27:45.586000+00:00,0.042379611767139301,8387,355.43780389099732,8387,0.042379611767139301,0.025693834650092302,8387,215.49419121032415,8387,0.025693834650092302
Chilgok Weir,2022-06-18,1,20220618T020659_20220618T021309_T52SDE,S2B_MSIL2A_20220618T020659_N0400_R103_T52SDE_20220618T043051,52SDE,2022-06-18T02:17:45.506000+00:00,0.12624785062719451,8387,1058.8407232102804,8387,0.12624785062719451,-0.0062740430966045004,8387,-52.620399451221942,8387,-0.0062740430966045004
Chilgok Weir,2022-06-21,1,20220621T021539_20220621T022216_T52SDE,S2B_MSIL2A_20220621T021539_N0400_R003_T52SDE_20220621T045243,52SDE,2022-06-21T02:27:41.876000+00:00,0.10335407131960631,8387,866.83059615753814,8387,0.10335407131960631,0.0274148919236353,8387,229.92869856352925,8387,0.0274148919236353
Chilgok Weir,2022-07-01,1,20220701T021539_20220701T022213_T52SDE,S2B_MSIL2A_20220701T021539_N0400_R003_T52SDE_20220701T043554,52SDE,2022-07-01T02:27:42.482000+00:00,0.030889100378631799,8387,259.06688487558489,8387,0.030889100378631799,0.0098315654858738,8387,82.457339730023563,8387,0.0098315654858738
Chilgok Weir,2022-08-22,1,20220822T020711_20220822T021658_T52SDE,S2A_MSIL2A_20220822T020711_N0400_R103_T52SDE_20220824T143002,52SDE,2022-08-22T02:17:54.051000+00:00,-0.010412434522894301,8387,-87.329088343514499,8387,-0.010412434522894301,-0.0035453929890371001,8387,-29.735210999054157,8387,-0.0035453929890371001
Chilgok Weir,2022-09-09,1,20220909T021539_20220909T022159_T52SDE,S2B_MSIL2A_20220909T021539_N0400_R003_T52SDE_20220909T043406,52SDE,2022-09-09T02:27:36.575000+00:00,-0.051283576222735702,8387,-430.11535378008432,8387,-0.051283576222735702,-0.018594224387863501,8387,-155.94975994101119,8387,-0.018594224387863501
Chilgok Weir,2022-09-24,1,20220924T021541_20220924T022204_T52SDE,S2A_MSIL2A_20220924T021541_N0400_R003_T52SDE_20220924T054059,52SDE,2022-09-24T02:27:41.633000+00:00,-0.018318736545930799,8387,-153.6392434107216,8387,-0.018318736545930799,-0.0012938690597154,8387,-10.85167980383306,8387,-0.0012938690597154
Chilgok Weir,2022-09-29,1,20220929T021529_20220929T022606_T52SDE,S2B_MSIL2A_20220929T021529_N0400_R003_T52SDE_20220929T051901,52SDE,2022-09-29T02:27:37.138000+00:00,-0.011273062730424501,8387,-94.547177120070288,8387,-0.011273062730424501,-0.0022644615744444002,8387,-18.992039224865184,8387,-0.0022644615744444002
Chilgok Weir,2022-10-01,1,20221001T020701_20221001T021301_T52SDE,S2A_MSIL2A_20221001T020701_N0400_R103_T52SDE_20221001T052952,52SDE,2022-10-01T02:17:48.649000+00:00,0.0054012155769245004,8387,45.299995043665781,8387,0.0054012155769245004,-0.00027571841015449998,8387,-2.3124503059657915,8387,-0.00027571841015449998
Chilgok Weir,2022-10-11,1,20221011T020701_20221011T021300_T52SDE,S2A_MSIL2A_20221011T020701_N0400_R103_T52SDE_20221011T052455,52SDE,2022-10-11T02:17:47.042000+00:00,0.020159093474072201,8387,169.07431696704356,8387,0.020159093474072201,-0.0031562057052556998,8387,-26.471097249979554,8387,-0.0031562057052556998
Chilgok Weir,2022-10-14,1,20221014T021641_20221014T022306_T52SDE,S2A_MSIL2A_20221014T021641_N0400_R003_T52SDE_20221014T054257,52SDE,2022-10-14T02:27:41.921000+00:00,0.033754136393231701,8387,283.09594193003426,8387,0.033754136393231701,-0.0018709141257886,8387,-15.691356772988989,8387,-0.0018709141257886
Chilgok Weir,2022-10-16,1,20221016T020649_20221016T021304_T52SDE,S2B_MSIL2A_20221016T020649_N0400_R103_T52SDE_20221016T042307,52SDE,2022-10-16T02:17:40.621000+00:00,-0.017531118912373599,8386,-147.01596319916499,8386,-0.017531118912373599,-0.004836154422107,8386,-40.5559909837893,8386,-0.004836154422107
Chilgok Weir,2022-10-19,1,20221019T021709_20221019T022253_T52SDE,S2B_MSIL2A_20221019T021709_N0400_R003_T52SDE_20221019T043130,52SDE,2022-10-19T02:27:36.743000+00:00,-0.0240689218117696,8387,-201.86604723531164,8387,-0.0240689218117696,-0.0048687922077109997,8387,-40.834560246072158,8387,-0.0048687922077109997
Chilgok Weir,2022-10-26,1,20221026T020749_20221026T021400_T52SDE,S2B_MSIL2A_20221026T020749_N0400_R103_T52SDE_20221026T042127,52SDE,2022-10-26T02:17:40.602000+00:00,-0.058118031996271899,8387,-487.43593435273243,8387,-0.058118031996271899,-0.0047911157474464002,8387,-40.183087773832959,8387,-0.0047911157474464002
Chilgok Weir,2022-10-31,1,20221031T020821_20221031T021424_T52SDE,S2A_MSIL2A_20221031T020821_N0400_R103_T52SDE_20221031T052455,52SDE,2022-10-31T02:17:45.247000+00:00,0.031172280988802498,8387,261.44192065308653,8387,0.031172280988802495,0.027201001602531898,8387,228.13480044043504,8387,0.027201001602531898
Chilgok Weir,2023-05-09,1,20230509T020651_20230509T021248_T52SDE,S2A_MSIL2A_20230509T020651_N0509_R103_T52SDE_20230509T051551,52SDE,2023-05-09T02:17:41.087000+00:00,-0.019438360652326001,8387,-163.02953079105816,8387,-0.019438360652326001,0.0051762512929506999,8387,43.413219593977523,8387,0.0051762512929506999
Chilgok Weir,2023-05-14,1,20230514T020659_20230514T021257_T52SDE,S2B_MSIL2A_20230514T020659_N0509_R103_T52SDE_20230514T042809,52SDE,2023-05-14T02:17:44.853000+00:00,-0.054316750362058797,8387,-455.55458528658716,8387,-0.054316750362058797,-0.0069316768502278,8387,-58.135973742860557,8387,-0.0069316768502278
Chilgok Weir,2023-05-17,1,20230517T021539_20230517T022202_T52SDE,S2B_MSIL2A_20230517T021539_N0509_R003_T52SDE_20230517T044103,52SDE,2023-05-17T02:27:39.333000+00:00,0.0272191452447989,8387,228.28697116812839,8387,0.0272191452447989,0.017917166087949701,8387,150.27127197963415,8387,0.017917166087949701
Chilgok Weir,2023-06-06,1,20230606T021539_20230606T022202_T52SDE,S2B_MSIL2A_20230606T021539_N0509_R003_T52SDE_20230606T043948,52SDE,2023-06-06T02:27:39.386000+00:00,-0.0027024102180601001,8387,-22.665114498870061,8387,-0.0027024102180601001,0.0081249541941973997,8387,68.143990826733585,8387,0.0081249541941973997
Chilgok Weir,2023-06-16,1,20230616T021539_20230616T022203_T52SDE,S2B_MSIL2A_20230616T021539_N0509_R003_T52SDE_20230616T043833,52SDE,2023-06-16T02:27:40.006000+00:00,0.037617564689395901,8387,315.49851504996343,8387,0.037617564689395901,0.0296640583904321,8387,248.79245772055401,8387,0.0296640583904321
Chilgok Weir,2023-06-23,1,20230623T020659_20230623T021723_T52SDE,S2B_MSIL2A_20230623T020659_N0509_R103_T52SDE_20230623T055723,52SDE,2023-06-23T02:17:45.235000+00:00,-0.1139711062270163,8387,-955.87566792598568,8387,-0.1139711062270163,-0.0025490386825948999,8387,-21.378787430923424,8387,-0.0025490386825948999
Chilgok Weir,2023-08-05,1,20230805T021539_20230805T022202_T52SDE,S2B_MSIL2A_20230805T021539_N0509_R003_T52SDE_20230805T044141,52SDE,2023-08-05T02:27:39.528000+00:00,0.028334117518401699,8387,237.63824362683505,8387,0.028334117518401699,0.0010264675722272,8387,8.6089835282695262,8387,0.0010264675722272
Chilgok Weir,2023-08-15,1,20230815T021539_20230815T021939_T52SDE,S2B_MSIL2A_20230815T021539_N0509_R003_T52SDE_20230815T052653,52SDE,2023-08-15T02:27:42.908000+00:00,-0.0122975293546265,8387,-103.13937869725245,8387,-0.0122975293546265,-0.059433405947253298,8387,-498.4679756796134,8387,-0.059433405947253298
Chilgok Weir,2023-09-09,1,20230909T021541_20230909T022102_T52SDE,S2A_MSIL2A_20230909T021541_N0509_R003_T52SDE_20230909T072557,52SDE,2023-09-09T02:27:42.482000+00:00,0.050802084517495898,8387,426.07708284823809,8387,0.050802084517495898,0.0080912689462598001,8387,67.861472652280938,8387,0.0080912689462598001
Chilgok Weir,2023-09-24,1,20230924T021539_20230924T022642_T52SDE,S2B_MSIL2A_20230924T021539_N0509_R003_T52SDE_20230924T053147,52SDE,2023-09-24T02:27:40.832000+00:00,0.017284037873892499,8387,144.96122564833638,8387,0.017284037873892499,0.014407608350922099,8387,120.83661123918364,8387,0.014407608350922099
Chilgok Weir,2023-09-29,1,20230929T021531_20230929T022200_T52SDE,S2A_MSIL2A_20230929T021531_N0509_R003_T52SDE_20230929T052453,52SDE,2023-09-29T02:27:37.208000+00:00,0.035687351163849697,8387,299.30981421120742,8387,0.035687351163849697,0.043058938508967401,8387,361.13531727470956,8387,0.043058938508967401
Chilgok Weir,2023-10-01,1,20231001T020659_20231001T021254_T52SDE,S2B_MSIL2A_20231001T020659_N0509_R103_T52SDE_20231001T042700,52SDE,2023-10-01T02:17:43.258000+00:00,-0.088748281967153106,8387,-744.33184085851315,8387,-0.088748281967153106,-0.032039559898500297,8387,-268.71578886872197,8387,-0.032039559898500297
Chilgok Weir,2023-10-04,1,20231004T021529_20231004T022639_T52SDE,S2B_MSIL2A_20231004T021529_N0509_R003_T52SDE_20231004T052938,52SDE,2023-10-04T02:27:37.887000+00:00,-0.064847245332702599,8387,-543.87384660537668,8387,-0.064847245332702599,-0.030848407161856401,8387,-258.72559086648965,8387,-0.030848407161856405
Chilgok Weir,2023-10-06,1,20231006T020651_20231006T021253_T52SDE,S2A_MSIL2A_20231006T020651_N0509_R103_T52SDE_20231006T052302,52SDE,2023-10-06T02:17:42.308000+00:00,0.0103878056347061,8387,87.122525858280056,8387,0.0103878056347061,0.0078754070434482008,8387,66.05103887340006,8387,0.0078754070434482008
Chilgok Weir,2023-10-11,1,20231011T020649_20231011T021253_T52SDE,S2B_MSIL2A_20231011T020649_N0509_R103_T52SDE_20231011T042543,52SDE,2023-10-11T02:17:43.111000+00:00,-0.065922938095563002,8387,-552.89568180748688,8387,-0.065922938095563002,-0.024690660042947499,8387,-207.08056578020069,8387,-0.024690660042947499
Chilgok Weir,2023-10-16,1,20231016T020651_20231016T021251_T52SDE,S2A_MSIL2A_20231016T020651_N0509_R103_T52SDE_20231016T051356,52SDE,2023-10-16T02:17:40.259000+00:00,-0.019965521952247101,8387,-167.45083261349643,8387,-0.019965521952247101,-0.0131756794163036,8387,-110.50442326453829,8387,-0.0131756794163036
Chilgok Weir,2023-10-29,1,20231029T021811_20231029T022436_T52SDE,S2A_MSIL2A_20231029T021811_N0509_R003_T52SDE_20231029T052155,52SDE,2023-10-29T02:27:37.047000+00:00,0.034504273782974701,8387,289.38734421780879,8387,0.034504273782974701,-0.010423180840701899,8387,-87.419217710966834,8387,-0.010423180840701899
Chilgok Weir,2023-10-31,1,20231031T020819_20231031T021420_T52SDE,S2B_MSIL2A_20231031T020819_N0509_R103_T52SDE_20231031T042727,52SDE,2023-10-31T02:17:43.661000+00:00,0.017951918032833799,8387,150.56273654137706,8387,0.017951918032833799,-0.0119857930309614,8387,-100.52484615067326,8387,-0.0119857930309614
Chilgok Weir,2024-05-03,1,20240503T020651_20240503T021443_T52SDE,S2A_MSIL2A_20240503T020651_N0510_R103_T52SDE_20240503T061350,52SDE,2024-05-03T02:17:44.228000+00:00,-0.020083694030874,8387,-168.44194183694023,8387,-0.020083694030874,-0.002116932579917,8387,-17.754713547763878,8387,-0.002116932579917
Chilgok Weir,2024-05-13,1,20240513T020651_20240513T021436_T52SDE,S2A_MSIL2A_20240513T020651_N0510_R103_T52SDE_20240513T051859,52SDE,2024-05-13T02:17:44.509000+00:00,-0.00087742667417199996,8387,-7.3589775162805635,8387,-0.00087742667417199996,-0.0031095046455906,8387,-26.079415462568363,8387,-0.0031095046455906
Chilgok Weir,2024-05-16,1,20240516T021611_20240516T022028_T52SDE,S2A_MSIL2A_20240516T021611_N0510_R003_T52SDE_20240516T074100,52SDE,2024-05-16T02:27:39.944000+00:00,0.025646467876030799,8387,215.09692607627031,8387,0.025646467876030799,0.002738011014851,8387,22.963698381555336,8387,0.002738011014851
Chilgok Weir,2024-05-18,1,20240518T020649_20240518T020649_T52SDE,S2B_MSIL2A_20240518T020649_N0510_R103_T52SDE_20240518T040445,52SDE,2024-05-18T02:17:39.699000+00:00,0.037568168008322203,8387,315.08422508579832,8387,0.037568168008322203,0.0084188848632048997,8387,70.609187347699489,8387,0.0084188848632048997
Chilgok Weir,2024-05-31,1,20240531T021529_20240531T021532_T52SDE,S2B_MSIL2A_20240531T021529_N0510_R003_T52SDE_20240531T042042,52SDE,2024-05-31T02:27:37.724000+00:00,0.058389254751219997,8387,489.7106795984821,8387,0.058389254751219997,0.0137768779056498,8387,115.54667499468488,8387,0.0137768779056498
Chilgok Weir,2024-06-10,1,20240610T021539_20240610T021535_T52SDE,S2B_MSIL2A_20240610T021539_N0510_R003_T52SDE_20240610T042021,52SDE,2024-06-10T02:27:40.499000+00:00,0.0581566397397284,8387,487.75973749710209,8387,0.0581566397397284,0.0189758143263433,8387,159.15015475504126,8387,0.0189758143263433
Chilgok Weir,2024-06-12,1,20240612T020701_20240612T021146_T52SDE,S2A_MSIL2A_20240612T020701_N0510_R103_T52SDE_20240612T053459,52SDE,2024-06-12T02:17:47.490000+00:00,0.23328735686951649,8387,1956.5810620646348,8387,0.23328735686951649,-0.0033262280601587002,8387,-27.89707474055102,8387,-0.0033262280601587002
Chilgok Weir,2024-07-05,1,20240705T021541_20240705T022512_T52SDE,S2A_MSIL2A_20240705T021541_N0510_R003_T52SDE_20240705T054449,52SDE,2024-07-05T02:27:39.877000+00:00,0.036626346890934601,8378,306.8555342522501,8378,0.036626346890934601,0.0088638206557997007,8378,74.261089454289888,8378,0.0088638206557997007
Chilgok Weir,2024-07-30,1,20240730T021539_20240730T021533_T52SDE,S2B_MSIL2A_20240730T021539_N0511_R003_T52SDE_20240730T041503,52SDE,2024-07-30T02:27:38.710000+00:00,0.043377222464687497,4298,186.43530215322687,4298,0.043377222464687497,0.046449865400426803,4298,199.64152149103441,4298,0.046449865400426803
Chilgok Weir,2024-08-09,1,20240809T021539_20240809T022639_T52SDE,S2B_MSIL2A_20240809T021539_N0511_R003_T52SDE_20240809T042748,52SDE,2024-08-09T02:27:41.159000+00:00,0.018465944963294002,8387,154.8738804071468,8387,0.018465944963294002,-0.0111404470258547,8387,-93.43492920584336,8387,-0.0111404470258547
Chilgok Weir,2024-08-14,1,20240814T021601_20240814T022230_T52SDE,S2A_MSIL2A_20240814T021601_N0511_R003_T52SDE_20240814T052653,52SDE,2024-08-14T02:27:38.739000+00:00,0.067089026379139494,7605,510.21204561335583,7605,0.067089026379139494,0.0068355054317982,7605,51.984018808825311,7605,0.0068355054317982
Chilgok Weir,2024-08-24,1,20240824T021531_20240824T022206_T52SDE,S2A_MSIL2A_20240824T021531_N0511_R003_T52SDE_20240824T073115,52SDE,2024-08-24T02:27:34.897000+00:00,0.1344641558357258,7522,1011.4393801963295,7522,0.1344641558357258,0.030907439241048801,7522,232.48575797116908,7522,0.030907439241048801
Chilgok Weir,2024-08-31,1,20240831T020651_20240831T020650_T52SDE,S2A_MSIL2A_20240831T020651_N0511_R103_T52SDE_20240831T060051,52SDE,2024-08-31T02:17:40.433000+00:00,0.19487967015784469,8387,1634.4557936138433,8387,0.19487967015784469,0.0027661021828466999,8387,23.199299007535274,8387,0.0027661021828466999
Chilgok Weir,2024-09-05,1,20240905T020659_20240905T020653_T52SDE,S2B_MSIL2A_20240905T020659_N0511_R103_T52SDE_20240905T040210,52SDE,2024-09-05T02:17:43.984000+00:00,0.064450890292390303,8387,540.54961688227752,8387,0.064450890292390303,0.0016062559349931001,8387,13.471668526787131,8387,0.0016062559349931001
Chilgok Weir,2024-09-10,1,20240910T020651_20240910T020650_T52SDE,S2A_MSIL2A_20240910T020651_N0511_R103_T52SDE_20240910T054852,52SDE,2024-09-10T02:17:40.351000+00:00,0.1192429317774289,8387,1000.0904688172961,8387,0.1192429317774289,0.0011889418019193001,8387,9.9716548926971704,8387,0.0011889418019193001
Chilgok Weir,2024-09-23,1,20240923T021531_20240923T022308_T52SDE,S2A_MSIL2A_20240923T021531_N0511_R003_T52SDE_20240923T053200,52SDE,2024-09-23T02:27:38.887000+00:00,0.014279657675245701,3347,47.794014239047364,3347,0.014279657675245703,-0.0044358136803492,3347,-14.846668388128773,3347,-0.0044358136803492
Chilgok Weir,2024-09-30,1,20240930T020651_20240930T020653_T52SDE,S2A_MSIL2A_20240930T020651_N0511_R103_T52SDE_20240930T055753,52SDE,2024-09-30T02:17:43.507000+00:00,-0.0096344208929577992,8387,-80.803888029237058,8387,-0.0096344208929577992,-0.024608115915629902,8387,-206.38826818438798,8387,-0.024608115915629902
Chilgok Weir,2024-10-05,1,20241005T020649_20241005T020652_T52SDE,S2B_MSIL2A_20241005T020649_N0511_R103_T52SDE_20241005T040520,52SDE,2024-10-05T02:17:42.212000+00:00,-0.050087917562194197,8387,-420.08736459412273,8387,-0.050087917562194197,-0.0203709291761992,8387,-170.85098300078269,8387,-0.0203709291761992
Chilgok Weir,2024-10-08,1,20241008T021529_20241008T022704_T52SDE,S2B_MSIL2A_20241008T021529_N0511_R003_T52SDE_20241008T150637,52SDE,2024-10-08T02:27:36.798000+00:00,-0.042511459282367998,8387,-356.54360900122037,8387,-0.042511459282367998,-0.0167542690649163,8387,-140.518054647453,8387,-0.0167542690649163
Chilgok Weir,2024-10-10,1,20241010T020651_20241010T020648_T52SDE,S2A_MSIL2A_20241010T020651_N0511_R103_T52SDE_20241010T055650,52SDE,2024-10-10T02:17:38.369000+00:00,-0.072694661965057306,8387,-609.69012990093563,8387,-0.072694661965057306,-0.0103725711470911,8387,-86.994754210653056,8387,-0.0103725711470911
Chilgok Weir,2024-10-30,1,20241030T020821_20241030T021624_T52SDE,S2A_MSIL2A_20241030T020821_N0511_R103_T52SDE_20241030T051219,52SDE,2024-10-30T02:17:41.912000+00:00,-0.050315740445162703,8387,-421.99811511357962,8387,-0.050315740445162703,-0.013611854863422699,8387,-114.16262673952617,8387,-0.013611854863422699
Chilgok Weir,2025-05-08,1,20250508T020711_20250508T020903_T52SDE,S2C_MSIL2A_20250508T020711_N0511_R103_T52SDE_20250508T055213,52SDE,2025-05-08T02:18:01.140000+00:00,-0.0402508607779066,8387,-337.58396934430266,8387,-0.0402508607779066,0.0053938291542295997,8387,45.238045116523651,8387,0.0053938291542295997
Chilgok Weir,2025-05-28,1,20250528T020711_20250528T021218_T52SDE,S2C_MSIL2A_20250528T020711_N0511_R103_T52SDE_20250528T063213,52SDE,2025-05-28T02:18:01.370000+00:00,-0.2502188825229863,8387,-2098.5857677202862,8387,-0.2502188825229863,-0.0103101156475983,8387,-86.470939936406936,8387,-0.0103101156475983
Chilgok Weir,2025-05-30,1,20250530T021121_20250530T021428_T52SDE,S2A_MSIL2A_20250530T021121_N0511_R103_T52SDE_20250530T062212,52SDE,2025-05-30T02:17:58.527000+00:00,-0.062440839707436697,8387,-523.69132262627159,8387,-0.062440839707436697,-0.0012257231196887001,8387,-10.280139804829128,8387,-0.0012257231196887001
Chilgok Weir,2025-06-05,1,20250605T021529_20250605T022440_T52SDE,S2B_MSIL2A_20250605T021529_N0511_R003_T52SDE_20250605T041606,52SDE,2025-06-05T02:27:37.503000+00:00,-0.0050676912023745998,8387,-42.50272611431577,8387,-0.0050676912023745998,0.0136373119775562,8387,114.37613555576385,8387,0.0136373119775562
Chilgok Weir,2025-06-07,1,20250607T020711_20250607T021157_T52SDE,S2C_MSIL2A_20250607T020711_N0511_R103_T52SDE_20250607T055113,52SDE,2025-06-07T02:18:01.858000+00:00,-0.029040266869782099,8387,-243.56071823686247,8387,-0.029040266869782099,0.0030020867025235998,8387,25.178501174065431,8387,0.0030020867025235998
Chilgok Weir,2025-06-10,1,20250610T021551_20250610T022732_T52SDE,S2C_MSIL2A_20250610T021551_N0511_R003_T52SDE_20250610T044827,52SDE,2025-06-10T02:27:57.510000+00:00,0.049203486546468597,8367,411.68557193430274,8367,0.049203486546468597,0.032879336531765398,8367,275.10140876128111,8367,0.032879336531765398
Chilgok Weir,2025-07-02,1,20250702T020659_20250702T020654_T52SDE,S2B_MSIL2A_20250702T020659_N0511_R103_T52SDE_20250702T034405,52SDE,2025-07-02T02:17:44.450000+00:00,0.043852564913765102,8080,354.32872450322202,8080,0.043852564913765102,-0.0034641134651202999,8080,-27.990036798172024,8080,-0.0034641134651202999
Chilgok Weir,2025-07-05,1,20250705T021539_20250705T021535_T52SDE,S2B_MSIL2A_20250705T021539_N0511_R003_T52SDE_20250705T035632,52SDE,2025-07-05T02:27:40.728000+00:00,0.044292732179509797,8387,371.48314478954865,8387,0.044292732179509797,0.016674490566862599,8387,139.84895238427663,8387,0.016674490566862599
Chilgok Weir,2025-07-07,1,20250707T020711_20250707T021412_T52SDE,S2C_MSIL2A_20250707T020711_N0511_R103_T52SDE_20250707T054916,52SDE,2025-07-07T02:18:04.134000+00:00,0.0618595412068811,8387,518.8159721021118,8387,0.0618595412068811,-0.0060039648012195999,8387,-50.355252787828782,8387,-0.0060039648012195999
Chilgok Weir,2025-07-09,1,20250709T021131_20250709T021441_T52SDE,S2A_MSIL2A_20250709T021131_N0511_R103_T52SDE_20250709T062417,52SDE,2025-07-09T02:18:00.206000+00:00,0.1028430063595933,8387,862.54429433790904,8387,0.1028430063595933,-0.0020179531756676001,8387,-16.924573284324161,8387,-0.0020179531756676001
Chilgok Weir,2025-07-10,1,20250710T021631_20250710T022524_T52SDE,S2C_MSIL2A_20250710T021631_N0511_R003_T52SDE_20250710T055619,52SDE,2025-07-10T02:28:00.375000+00:00,0.034762845660235603,8387,291.55598655239601,8387,0.034762845660235603,0.010483713874113801,8387,87.926908262192441,8387,0.010483713874113801
Chilgok Weir,2025-07-25,1,20250725T021539_20250725T022319_T52SDE,S2B_MSIL2A_20250725T021539_N0511_R003_T52SDE_20250725T041758,52SDE,2025-07-25T02:27:39.267000+00:00,0.062243854912990497,8387,522.03921115525134,8387,0.062243854912990504,-0.014425378458957999,8387,-120.98564913528074,8387,-0.014425378458957999
Chilgok Weir,2025-07-29,1,20250729T021131_20250729T021429_T52SDE,S2A_MSIL2A_20250729T021131_N0511_R103_T52SDE_20250729T061616,52SDE,2025-07-29T02:17:59.629000+00:00,0.16159791921750741,8387,1355.3217484772347,8387,0.16159791921750741,0.00017799948741009999,8387,1.4928817009085087,8387,0.00017799948741009999
Chilgok Weir,2025-08-01,2,20250801T020649_20250801T021704_T52SDE|20250801T022131_20250801T022131_T52SDE,S2B_MSIL2A_20250801T020649_N0511_R103_T52SDE_20250801T040552|S2A_MSIL2A_20250801T022131_N0511_R003_T52SDE_20250801T071659,52SDE|52SDE,2025-08-01T02:17:41.374000+00:00|2025-08-01T02:27:54.803000+00:00,0.15271317672396259|0.1073266078127143,8387|8387,2180.9536729091092,16774,0.13001989226833846,0.0027944621453946999|0.0089247751462945002,8387|8387,98.289243165397323,16774,0.0058596186458446005
Chilgok Weir,2025-08-18,1,20250818T021121_20250818T021646_T52SDE,S2A_MSIL2A_20250818T021121_N0511_R103_T52SDE_20250818T061108,52SDE,2025-08-18T02:17:54.846000+00:00,0.063480914952776302,8373,531.52570089959602,8373,0.063480914952776302,0.0071503921456117,8373,59.870233435206764,8373,0.0071503921456117
Chilgok Weir,2025-08-21,1,20250821T020659_20250821T020653_T52SDE,S2B_MSIL2A_20250821T020659_N0511_R103_T52SDE_20250821T035126,52SDE,2025-08-21T02:17:43.644000+00:00,0.1367056581524228,8000,1093.6452652193825,8000,0.1367056581524228,0.0120286592427419,8000,96.229273941935205,8000,0.0120286592427419
Chilgok Weir,2025-09-23,1,20250923T021529_20250923T022229_T52SDE,S2B_MSIL2A_20250923T021529_N0511_R003_T52SDE_20250923T041635,52SDE,2025-09-23T02:27:36.546000+00:00,0.057270136813268001,8387,480.32463745287873,8387,0.057270136813268001,0.022930687272888401,8387,192.31967415771501,8387,0.022930687272888401
Chilgok Weir,2025-10-20,1,20251020T022131_20251020T022129_T52SDE,S2A_MSIL2A_20251020T022131_N0511_R003_T52SDE_20251020T071520,52SDE,2025-10-20T02:27:52.231000+00:00,-0.0851454997522227,8387,-714.11530642189177,8387,-0.0851454997522227,-0.031027075937590499,8387,-260.22408588857149,8387,-0.031027075937590496
Chilgok Weir,2025-10-28,1,20251028T021821_20251028T022504_T52SDE,S2C_MSIL2A_20251028T021821_N0511_R003_T52SDE_20251028T054320,52SDE,2025-10-28T02:27:50.290000+00:00,-0.089761113392788694,8387,-752.82645802531874,8387,-0.089761113392788694,-0.0084129133533058995,8387,-70.559104294176578,8387,-0.0084129133533058995
Dalseong Weir,2017-05-03,1,20170503T021611_20170503T022350_T52SDE,S2A_MSIL2A_20170503T021611_N0500_R003_T52SDE_20230925T151324,52SDE,2017-05-03T02:27:39.423000+00:00,-0.030990830169039502,10513,-325.80659756711231,10513,-0.030990830169039505,-0.0043978411658010998,10513,-46.234504176066963,10513,-0.0043978411658010998
Dalseong Weir,2017-07-27,1,20170727T021559_20170727T022347_T52SDE,S2B_MSIL2A_20170727T021559_N0500_R003_T52SDE_20230919T203258,52SDE,2017-07-27T02:27:36.945000+00:00,-0.0095107907066054997,10513,-99.986942698543615,10513,-0.0095107907066054997,-0.021683121126471298,10513,-227.95465240259276,10513,-0.021683121126471298
Dalseong Weir,2017-09-12,1,20170912T020649_20170912T021455_T52SDE,S2B_MSIL2A_20170912T020649_N0500_R103_T52SDE_20230824T201656,52SDE,2017-09-12T02:17:32.342000+00:00,0.039479065201037,10277,405.72635307105725,10277,0.039479065201037,0.00041128201508110001,10277,4.2267452689884646,10277,0.00041128201508110001
Dalseong Weir,2017-09-25,1,20170925T021549_20170925T022334_T52SDE,S2B_MSIL2A_20170925T021549_N0500_R003_T52SDE_20230917T092502,52SDE,2017-09-25T02:27:23.451000+00:00,0.069758419157853802,10513,733.37026060651704,10513,0.069758419157853802,0.010632397021662,10513,111.7783898887326,10513,0.010632397021662
Dalseong Weir,2017-10-30,1,20171030T021821_20171030T022623_T52SDE,S2A_MSIL2A_20171030T021821_N0500_R003_T52SDE_20230911T092126,52SDE,2017-10-30T02:27:36.446000+00:00,0.0051516563158386999,10513,54.15936284841225,10513,0.0051516563158386999,-0.0069325873418360001,10513,-72.882290724721869,10513,-0.0069325873418360001
Dalseong Weir,2018-10-12,1,20181012T020651_20181012T020650_T52SDE,S2A_MSIL2A_20181012T020651_N0500_R103_T52SDE_20230729T042036,52SDE,2018-10-12T02:17:38.193000+00:00,-0.085558608871646305,10513,-899.47765506761766,10513,-0.085558608871646305,-0.052217460500084502,10513,-548.96216223738838,10513,-0.052217460500084502
Dalseong Weir,2018-10-15,1,20181015T021641_20181015T022428_T52SDE,S2A_MSIL2A_20181015T021641_N0500_R003_T52SDE_20230710T053551,52SDE,2018-10-15T02:27:34.169000+00:00,-0.0317911712563975,10513,-334.22058341850692,10513,-0.0317911712563975,-0.036020052299374099,10513,-378.67880982331991,10513,-0.036020052299374099
Dalseong Weir,2018-10-17,1,20181017T020649_20181017T021729_T52SDE,S2B_MSIL2A_20181017T020649_N0500_R103_T52SDE_20230709T211938,52SDE,2018-10-17T02:17:39.571000+00:00,-0.017692098576831902,10513,-185.99703233823379,10513,-0.017692098576831902,-0.036806140071936597,10513,-386.94295057626942,10513,-0.036806140071936597
Dalseong Weir,2018-10-20,1,20181020T021709_20181020T022232_T52SDE,S2B_MSIL2A_20181020T021709_N0510_R003_T52SDE_20250531T231417,52SDE,2018-10-20T02:27:34.358000+00:00,0.017260911312877499,10513,181.46396063228113,10513,0.017260911312877499,-0.031754660250904301,10513,-333.83674321775692,10513,-0.031754660250904301
Dalseong Weir,2018-10-30,1,20181030T021819_20181030T022432_T52SDE,S2B_MSIL2A_20181030T021819_N0500_R003_T52SDE_20230707T113406,52SDE,2018-10-30T02:27:34.785000+00:00,-0.095252936593776302,10513,-1001.3941224103703,10513,-0.095252936593776302,-0.0293163882252689,10513,-308.20318941225196,10513,-0.0293163882252689
Dalseong Weir,2019-05-03,1,20190503T021611_20190503T021607_T52SDE,S2A_MSIL2A_20190503T021611_N0500_R003_T52SDE_20221205T094439,52SDE,2019-05-03T02:27:41.104000+00:00,-0.018918733066157701,10513,-198.8926407245159,10513,-0.018918733066157701,-0.0066037629518800002,10513,-69.425359913114448,10513,-0.006603762951880001
Dalseong Weir,2019-05-05,1,20190505T020659_20190505T021736_T52SDE,S2B_MSIL2A_20190505T020659_N0211_R103_T52SDE_20190505T041612,52SDE,2019-05-05T02:17:49+00:00,0.0014037886847915999,519,0.72856632740684035,519,0.0014037886847915999,-0.0028506325579397002,519,-1.4794782975707044,519,-0.0028506325579397002
Dalseong Weir,2019-05-10,1,20190510T020701_20190510T020657_T52SDE,S2A_MSIL2A_20190510T020701_N0500_R103_T52SDE_20221201T133723,52SDE,2019-05-10T02:17:45.268000+00:00,-0.071542296197782407,10513,-752.12415992728643,10513,-0.071542296197782407,-0.0101515897300889,10513,-106.72366283242461,10513,-0.0101515897300889
Dalseong Weir,2019-05-23,1,20190523T021611_20190523T022214_T52SDE,S2A_MSIL2A_20190523T021611_N0500_R003_T52SDE_20221212T010402,52SDE,2019-05-23T02:27:40.685000+00:00,-0.0217462204733802,10513,-228.61801583664604,10513,-0.0217462204733802,-0.0011511764740935,10513,-12.102318272144965,10513,-0.0011511764740935
Dalseong Weir,2019-05-30,1,20190530T020701_20190530T020656_T52SDE,S2A_MSIL2A_20190530T020701_N0212_R103_T52SDE_20190530T050413,52SDE,2019-05-30T02:17:44+00:00,-0.027659847910458599,10513,-290.78798108265124,10513,-0.027659847910458599,-0.0023211766307838001,10511,-24.397887566168521,10511,-0.0023211766307838001
Dalseong Weir,2019-06-04,1,20190604T020659_20190604T020701_T52SDE,S2B_MSIL2A_20190604T020659_N0500_R103_T52SDE_20230808T145552,52SDE,2019-06-04T02:17:49.507000+00:00,-0.00038173072867559999,10513,-4.0131351505665824,10513,-0.00038173072867559994,-0.0059173398430121,10513,-62.208993769586208,10513,-0.0059173398430121
Dalseong Weir,2019-06-09,1,20190609T020701_20190609T020655_T52SDE,S2A_MSIL2A_20190609T020701_N0212_R103_T52SDE_20190609T050254,52SDE,2019-06-09T02:17:43+00:00,-0.0107210145350262,10513,-112.71002580673044,10513,-0.0107210145350262,-0.0091268500861559996,10513,-95.950574955758029,10513,-0.0091268500861559996
Dalseong Weir,2019-06-12,1,20190612T021611_20190612T022608_T52SDE,S2A_MSIL2A_20190612T021611_N0212_R003_T52SDE_20190612T043019,52SDE,2019-06-12T02:27:40+00:00,0.034790184162186398,10513,365.74920609706561,10513,0.034790184162186398,0.017362621012097099,10513,182.53323470017679,10513,0.017362621012097099
Dalseong Weir,2019-06-17,1,20190617T021609_20190617T022127_T52SDE,S2B_MSIL2A_20190617T021609_N0212_R003_T52SDE_20190617T055313,52SDE,2019-06-17T02:27:44+00:00,0.043816146354967098,8830,386.89657231435945,8830,0.043816146354967098,0.0311838411211567,8830,275.35331709981364,8830,0.031183841121156696
Dalseong Weir,2019-06-22,1,20190622T021611_20190622T021607_T52SDE,S2A_MSIL2A_20190622T021611_N0212_R003_T52SDE_20190622T051801,52SDE,2019-06-22T02:27:41+00:00,0.0384443456148462,10513,404.16540544887812,10513,0.0384443456148462,0.0044643005459320999,10513,46.933191639384169,10513,0.0044643005459320999
Dalseong Weir,2019-07-04,1,20190704T020659_20190704T020701_T52SDE,S2B_MSIL2A_20190704T020659_N0500_R103_T52SDE_20230717T171623,52SDE,2019-07-04T02:17:50.105000+00:00,0.066160407470064395,10513,695.54436373278702,10513,0.066160407470064395,-0.010687567768477501,10513,-112.35839995000397,10513,-0.010687567768477501
Dalseong Weir,2019-08-01,1,20190801T021611_20190801T021608_T52SDE,S2A_MSIL2A_20190801T021611_N0213_R003_T52SDE_20190801T050256,52SDE,2019-08-01T02:27:41.941000+00:00,0.089730578828083399,9130,819.24018470040141,9130,0.089730578828083399,0.0033068962770302999,9130,30.191963009286638,9130,0.0033068962770302999
Dalseong Weir,2019-08-18,1,20190818T020701_20190818T021257_T52SDE,S2A_MSIL2A_20190818T020701_N0213_R103_T52SDE_20190818T042046,52SDE,2019-08-18T02:17:44.255000+00:00,0.078311656600011798,10513,823.29044583592406,10513,0.078311656600011798,0.0177156773260723,9256,163.97630933012522,9256,0.0177156773260723
Dalseong Weir,2019-08-26,1,20190826T021609_20190826T021607_T52SDE,S2B_MSIL2A_20190826T021609_N0213_R003_T52SDE_20190826T045559,52SDE,2019-08-26T02:27:41.887000+00:00,0.0673095959784627,10513,707.62578252157834,10513,0.0673095959784627,0.0028957281664456001,10513,30.442790213842596,10513,0.0028957281664456001
Dalseong Weir,2019-09-17,2,20190917T020651_20190917T021206_T52SDE|20190917T020651_20190917T021734_T52SDE,S2A_MSIL2A_20190917T020651_N0213_R103_T52SDE_20190917T042040|S2A_MSIL2A_20190917T020651_N0213_R103_T52SDE_20190917T060908,52SDE|52SDE,2019-09-17T02:17:37.137000+00:00|2019-09-17T02:17:43.638000+00:00,0.1064300298984913|0.12020687926402911,9656|2829,1367.7536301377702,12485,0.10955175251403847,0.0149082589806193|0.0066988113928426003,9656|2829,162.90508614721165,12485,0.013048064569260043
Dalseong Weir,2019-10-10,1,20191010T021611_20191010T021609_T52SDE,S2A_MSIL2A_20191010T021611_N0213_R003_T52SDE_20191010T052518,52SDE,2019-10-10T02:27:39.964000+00:00,-0.051643361754183,8208,-423.88871327833408,8208,-0.051643361754183,-0.051637467183254203,8208,-423.84033064015051,8208,-0.051637467183254203
Dalseong Weir,2019-10-12,1,20191012T020659_20191012T020654_T52SDE,S2B_MSIL2A_20191012T020659_N0500_R103_T52SDE_20230719T000522,52SDE,2019-10-12T02:17:42.524000+00:00,-0.064418227031063299,10513,-677.22882077756844,10513,-0.064418227031063299,-0.051610869174854503,10513,-542.58506763524542,10513,-0.05161086917485451
Dalseong Weir,2019-10-20,1,20191020T021721_20191020T021716_T52SDE,S2A_MSIL2A_20191020T021721_N0213_R003_T52SDE_20191020T052106,52SDE,2019-10-20T02:27:40.534000+00:00,-0.045711953047102002,10513,-480.56976238418338,10513,-0.045711953047102002,-0.0217531568672116,10513,-228.69093814499556,10513,-0.0217531568672116
Dalseong Weir,2019-10-22,1,20191022T020719_20191022T020722_T52SDE,S2B_MSIL2A_20191022T020719_N0213_R103_T52SDE_20191022T044434,52SDE,2019-10-22T02:17:42.528000+00:00,-0.035681917329716803,10513,-375.12399688731273,10513,-0.035681917329716803,-0.018092940304251799,10513,-190.21108141859918,10513,-0.018092940304251799
Dalseong Weir,2019-10-27,1,20191027T020801_20191027T020756_T52SDE,S2A_MSIL2A_20191027T020801_N0213_R103_T52SDE_20191027T050157,52SDE,2019-10-27T02:17:44.668000+00:00,-0.039364682004529,10513,-413.84090191361338,10513,-0.039364682004529,-0.016902840104034301,10510,-177.64884949340049,10510,-0.016902840104034301
Dalseong Weir,2019-10-30,1,20191030T021821_20191030T021819_T52SDE,S2A_MSIL2A_20191030T021821_N0500_R003_T52SDE_20230709T010057,52SDE,2019-10-30T02:27:40.543000+00:00,0.053204438320138499,10513,559.338260059616,10513,0.053204438320138499,-0.0142506599194337,10513,-149.81718773300648,10513,-0.014250659919433698
Dalseong Weir,2020-05-04,1,20200504T020701_20200504T020657_T52SDE,S2A_MSIL2A_20200504T020701_N0214_R103_T52SDE_20200504T051748,52SDE,2020-05-04T02:17:44.918000+00:00,-0.026028543010987702,10497,-273.22161598633789,10497,-0.026028543010987702,-0.010702709893320299,10497,-112.34634575018318,10497,-0.010702709893320299
Dalseong Weir,2020-05-12,1,20200512T021559_20200512T021601_T52SDE,S2B_MSIL2A_20200512T021559_N0214_R003_T52SDE_20200512T050014,52SDE,2020-05-12T02:27:36.017000+00:00,0.022421249237742299,10513,235.71459323638479,10513,0.022421249237742299,0.0122148208975823,10513,128.41441209628272,10513,0.0122148208975823
Dalseong Weir,2020-05-29,1,20200529T020659_20200529T020654_T52SDE,S2B_MSIL2A_20200529T020659_N0214_R103_T52SDE_20200529T050207,52SDE,2020-05-29T02:17:42.672000+00:00,-0.0098408610081996001,10513,-103.45697177920239,10513,-0.0098408610081996001,-0.0037835777282643999,10513,-39.776752657243634,10513,-0.0037835777282643995
Dalseong Weir,2020-06-01,1,20200601T021609_20200601T021604_T52SDE,S2B_MSIL2A_20200601T021609_N0214_R003_T52SDE_20200601T050555,52SDE,2020-06-01T02:27:38.928000+00:00,0.027223830275519199,8822,240.16863069063038,8822,0.027223830275519199,0.019369674114440499,8822,170.87926503759408,8822,0.019369674114440499
Dalseong Weir,2020-06-08,1,20200608T020659_20200608T020655_T52SDE,S2B_MSIL2A_20200608T020659_N0214_R103_T52SDE_20200608T045438,52SDE,2020-06-08T02:17:43.544000+00:00,-0.011526659458184801,10513,-121.17977088389681,10513,-0.011526659458184801,-0.0069572878567981996,10513,-73.14196723851947,10513,-0.0069572878567981996
Dalseong Weir,2020-06-16,1,20200616T021611_20200616T021609_T52SDE,S2A_MSIL2A_20200616T021611_N0214_R003_T52SDE_20200616T053533,52SDE,2020-06-16T02:27:43.423000+00:00,0.0247302657489839,10513,259.98928381906774,10513,0.0247302657489839,0.0197207607896361,10513,207.32435818144432,10513,0.0197207607896361
Dalseong Weir,2020-06-21,1,20200621T021609_20200621T021605_T52SDE,S2B_MSIL2A_20200621T021609_N0214_R003_T52SDE_20200621T050033,52SDE,2020-06-21T02:27:39.886000+00:00,0.042522160105200102,6670,283.62280790168467,6670,0.042522160105200102,0.012811361334130101,6670,85.451780098647774,6670,0.012811361334130101
Dalseong Weir,2020-06-23,1,20200623T020701_20200623T020659_T52SDE,S2A_MSIL2A_20200623T020701_N0214_R103_T52SDE_20200623T051817,52SDE,2020-06-23T02:17:47.116000+00:00,0.065094847615499704,10513,684.34213298174836,10513,0.065094847615499704,0.013275597357823301,10513,139.56635502279636,10513,0.013275597357823301
Dalseong Weir,2020-06-26,1,20200626T021611_20200626T021608_T52SDE,S2A_MSIL2A_20200626T021611_N0214_R003_T52SDE_20200626T053706,52SDE,2020-06-26T02:27:42.828000+00:00,0.028770220347801301,9698,279.01359693297701,9698,0.028770220347801301,0.0070397307063727,9698,68.271308390402439,9698,0.0070397307063726992
Dalseong Weir,2020-06-28,2,20200628T020659_20200628T020655_T52SDE|20200628T020659_20200628T021737_T52SDE,S2B_MSIL2A_20200628T020659_N0214_R103_T52SDE_20200628T044730|S2B_MSIL2A_20200628T020659_N0214_R103_T52SDE_20200628T041834,52SDE|52SDE,2020-06-28T02:17:40.177000+00:00|2020-06-28T02:17:46.684000+00:00,0.048769559406922201|0.061847387515491799,10018|2903,668.1164120960193,12921,0.051707794450585813,0.014742721914624401|0.020131333724547701,10018|2903,206.13384994306921,12921,0.015953397565441469
Dalseong Weir,2020-07-16,1,20200716T021611_20200716T021608_T52SDE,S2A_MSIL2A_20200716T021611_N0214_R003_T52SDE_20200716T053754,52SDE,2020-07-16T02:27:42.052000+00:00,-0.00055081065832130003,8197,-4.514994966259696,8197,-0.00055081065832130003,-0.0143313828583251,8197,-117.47434528969085,8197,-0.0143313828583251
Dalseong Weir,2020-08-20,1,20200820T021609_20200820T021606_T52SDE,S2B_MSIL2A_20200820T021609_N0214_R003_T52SDE_20200820T045434,52SDE,2020-08-20T02:27:40.877000+00:00,0.1002488137329499,10513,1053.9157787745023,10513,0.1002488137329499,0.0090748457756508003,10513,95.403853639416866,10513,0.0090748457756508003
Dalseong Weir,2020-08-25,1,20200825T021611_20200825T021608_T52SDE,S2A_MSIL2A_20200825T021611_N0214_R003_T52SDE_20200825T053321,52SDE,2020-08-25T02:27:42.745000+00:00,0.037235459398486298,10513,391.45638465628645,10513,0.037235459398486298,-0.00077771720557760001,10513,-8.1761409822373086,10513,-0.00077771720557760001
Dalseong Weir,2020-09-04,1,20200904T021611_20200904T021607_T52SDE,S2A_MSIL2A_20200904T021611_N0214_R003_T52SDE_20200904T052050,52SDE,2020-09-04T02:27:41.859000+00:00,0.015982546111699501,10513,168.02450727229686,10513,0.015982546111699501,-0.038594022075711699,10513,-405.7389540819571,10513,-0.038594022075711699
Dalseong Weir,2020-09-14,1,20200914T021611_20200914T021607_T52SDE,S2A_MSIL2A_20200914T021611_N0214_R003_T52SDE_20200914T052323,52SDE,2020-09-14T02:27:41.457000+00:00,-0.026702263617256999,9367,-250.1201033028463,9367,-0.026702263617256999,-0.043321184254626402,9367,-405.78953291308551,9367,-0.043321184254626402
Dalseong Weir,2020-10-01,1,20201001T020701_20201001T020659_T52SDE,S2A_MSIL2A_20201001T020701_N0214_R103_T52SDE_20201001T045717,52SDE,2020-10-01T02:17:47.057000+00:00,0.010166853349848799,10513,106.88412926696043,10513,0.010166853349848799,-0.0124466468392226,10513,-130.85159822074721,10513,-0.012446646839222602
Dalseong Weir,2020-10-06,1,20201006T020659_20201006T020656_T52SDE,S2B_MSIL2A_20201006T020659_N0500_R103_T52SDE_20230411T043438,52SDE,2020-10-06T02:17:44.954000+00:00,0.021119920802178501,10513,222.03372739330257,10513,0.021119920802178501,-0.0142620564817249,10513,-149.93699979237388,10513,-0.014262056481724902
Dalseong Weir,2020-10-19,1,20201019T021719_20201019T022536_T52SDE,S2B_MSIL2A_20201019T021719_N0214_R003_T52SDE_20201019T045725,52SDE,2020-10-19T02:27:41.037000+00:00,0.028037356571412299,10513,294.7567296352575,10513,0.028037356571412299,0.00070708883379829997,10513,7.4336249097215275,10513,0.00070708883379829997
Dalseong Weir,2020-10-24,1,20201024T021751_20201024T022447_T52SDE,S2A_MSIL2A_20201024T021751_N0214_R003_T52SDE_20201024T045915,52SDE,2020-10-24T02:27:42.640000+00:00,0.018208402131957201,10513,191.42493161326604,10513,0.018208402131957201,-0.0068670354275244001,10513,-72.193143449564019,10513,-0.0068670354275244001
Dalseong Weir,2020-10-26,1,20201026T020759_20201026T020756_T52SDE,S2B_MSIL2A_20201026T020759_N0214_R103_T52SDE_20201026T043232,52SDE,2020-10-26T02:17:44.696000+00:00,0.0038986016703784999,10513,40.985999360689171,10513,0.0038986016703784999,-0.0076989489712822002,10511,-80.9236526371472,10511,-0.0076989489712821994
Dalseong Weir,2020-10-29,1,20201029T021819_20201029T021816_T52SDE,S2B_MSIL2A_20201029T021819_N0214_R003_T52SDE_20201029T043353,52SDE,2020-10-29T02:27:40.407000+00:00,0.035154543588532101,8472,297.82929328204398,8472,0.035154543588532101,-0.0031336102484508001,8472,-26.547946024875177,8472,-0.0031336102484508001
Dalseong Weir,2021-05-09,1,20210509T020651_20210509T021025_T52SDE,S2A_MSIL2A_20210509T020651_N0300_R103_T52SDE_20210509T044903,52SDE,2021-05-09T02:17:40.444000+00:00,-0.0182393182799724,10513,-191.74995307734986,10513,-0.0182393182799724,-0.0061421894974372001,10513,-64.572838186557291,10513,-0.006142189497437201
Dalseong Weir,2021-05-12,1,20210512T021601_20210512T022720_T52SDE,S2A_MSIL2A_20210512T021601_N0300_R003_T52SDE_20210512T041625,52SDE,2021-05-12T02:27:36.831000+00:00,0.045377609711087799,1919,87.079633035577487,1919,0.045377609711087799,0.045036927853186103,1919,86.425864550264137,1919,0.045036927853186103
Dalseong Weir,2021-05-19,1,20210519T020651_20210519T020653_T52SDE,S2A_MSIL2A_20210519T020651_N0500_R103_T52SDE_20230224T152720,52SDE,2021-05-19T02:17:41.641000+00:00,-0.091084269123220596,10513,-957.56892129241817,10513,-0.091084269123220596,-0.0085300767159201991,10513,-89.676696514469057,10513,-0.0085300767159201991
Dalseong Weir,2021-05-22,1,20210522T021601_20210522T022207_T52SDE,S2A_MSIL2A_20210522T021601_N0500_R003_T52SDE_20230224T233603,52SDE,2021-05-22T02:27:37.809000+00:00,0.0188744754097291,10513,198.42735998248202,10513,0.0188744754097291,0.0044461658160398999,10513,46.74254122402747,10513,0.0044461658160398999
Dalseong Weir,2021-05-29,1,20210529T020651_20210529T021027_T52SDE,S2A_MSIL2A_20210529T020651_N0500_R103_T52SDE_20230227T170302,52SDE,2021-05-29T02:17:42.195000+00:00,0.044334944896654002,10513,466.09327569852354,10513,0.044334944896654002,-0.0064702244651381998,10513,-68.021469801997895,10513,-0.0064702244651381998
Dalseong Weir,2021-06-08,1,20210608T020651_20210608T021027_T52SDE,S2A_MSIL2A_20210608T020651_N0300_R103_T52SDE_20210608T045137,52SDE,2021-06-08T02:17:42.122000+00:00,-0.0116673058871558,2317,-27.033147740539988,2317,-0.0116673058871558,-0.026362288937283301,2317,-61.081423467685404,2317,-0.026362288937283301
Dalseong Weir,2021-06-21,1,20210621T021601_20210621T022255_T52SDE,S2A_MSIL2A_20210621T021601_N0300_R003_T52SDE_20210621T050048,52SDE,2021-06-21T02:27:38.058000+00:00,0.034616168935321899,10513,363.91978401703915,10513,0.034616168935321899,0.0062589704865065,10513,65.800556724642831,10513,0.0062589704865065
Dalseong Weir,2021-07-28,1,20210728T020701_20210728T020656_T52SDE,S2A_MSIL2A_20210728T020701_N0301_R103_T52SDE_20210728T045236,52SDE,2021-07-28T02:17:44.752000+00:00,0.10849810454004361,10513,1140.6405730294784,10513,0.10849810454004361,-0.0027193289515785998,10512,-28.585585938994242,10512,-0.0027193289515785998
Dalseong Weir,2021-08-05,1,20210805T021609_20210805T021604_T52SDE,S2B_MSIL2A_20210805T021609_N0301_R003_T52SDE_20210805T043604,52SDE,2021-08-05T02:27:38.611000+00:00,0.061533158910154998,10513,646.89809962245954,10513,0.061533158910155004,-0.0010622106955534001,10513,-11.167021042352895,10513,-0.0010622106955534001
Dalseong Weir,2021-08-07,1,20210807T020701_20210807T021029_T52SDE,S2A_MSIL2A_20210807T020701_N0301_R103_T52SDE_20210807T051852,52SDE,2021-08-07T02:17:44.203000+00:00,0.097441960792794602,1057,102.99615255798389,1057,0.097441960792794602,-0.00029433755686889999,1057,-0.31111479761042726,1057,-0.00029433755686889999
Dalseong Weir,2021-09-11,1,20210911T020649_20210911T020649_T52SDE,S2B_MSIL2A_20210911T020649_N0301_R103_T52SDE_20210911T043804,52SDE,2021-09-11T02:17:37.721000+00:00,0.0074636405633294002,10513,78.465253242281989,10513,0.007463640563329401,-0.0204567187149758,10501,-214.81600322596088,10501,-0.0204567187149758
Dalseong Weir,2021-09-19,1,20210919T021611_20210919T022209_T52SDE,S2A_MSIL2A_20210919T021611_N0301_R003_T52SDE_20210919T051646,52SDE,2021-09-19T02:27:39.632000+00:00,-0.043102206594498697,9502,-409.55716706092664,9502,-0.043102206594498697,-0.0088087204957771996,9502,-83.700462150874955,9502,-0.0088087204957771996
Dalseong Weir,2021-10-01,1,20211001T020649_20211001T020652_T52SDE,S2B_MSIL2A_20211001T020649_N0500_R103_T52SDE_20230111T002651,52SDE,2021-10-01T02:17:40.876000+00:00,-0.049560935896352201,10513,-521.03411907835073,10513,-0.049560935896352201,-0.010654513970498901,10513,-112.01090537185495,10513,-0.010654513970498901
Dalseong Weir,2021-10-14,1,20211014T021639_20211014T021639_T52SDE,S2B_MSIL2A_20211014T021639_N0301_R003_T52SDE_20211014T044840,52SDE,2021-10-14T02:27:38.550000+00:00,-0.059071203515574502,10513,-621.0155625592347,10513,-0.059071203515574496,-0.0095321150709066996,10513,-100.21112574044213,10513,-0.0095321150709066996
Dalseong Weir,2021-10-19,1,20211019T021721_20211019T022407_T52SDE,S2A_MSIL2A_20211019T021721_N0301_R003_T52SDE_20211019T051640,52SDE,2021-10-19T02:27:42.721000+00:00,-0.041672375373933902,8833,-368.09209167795814,8833,-0.041672375373933902,-0.0099183850241283001,8833,-87.60909491812528,8833,-0.0099183850241283001
Dalseong Weir,2021-10-24,1,20211024T021749_20211024T021743_T52SDE,S2B_MSIL2A_20211024T021749_N0301_R003_T52SDE_20211024T044140,52SDE,2021-10-24T02:27:38.899000+00:00,0.0508647964517333,1491,75.839411509534358,1491,0.050864796451733307,-0.010405350570972,1491,-15.514377701319251,1491,-0.010405350570972
Dalseong Weir,2021-10-31,1,20211031T020819_20211031T020820_T52SDE,S2B_MSIL2A_20211031T020819_N0500_R103_T52SDE_20230127T035223,52SDE,2021-10-31T02:17:42.637000+00:00,-0.042445122396527001,10513,-446.22557175468836,10513,-0.042445122396527001,-0.012124906670420399,10513,-127.46914382612965,10513,-0.012124906670420399
Dalseong Weir,2022-05-02,1,20220502T021559_20220502T021557_T52SDE,S2B_MSIL2A_20220502T021559_N0400_R003_T52SDE_20220502T044228,52SDE,2022-05-02T02:27:31.577000+00:00,0.0065959227909043999,10513,69.34293630077795,10513,0.006595922790904399,0.0060619238707234997,10513,63.72900565291615,10513,0.0060619238707234997
Dalseong Weir,2022-05-04,1,20220504T020701_20220504T021642_T52SDE,S2A_MSIL2A_20220504T020701_N0400_R103_T52SDE_20220504T052914,52SDE,2022-05-04T02:17:46.255000+00:00,-0.066329110680147102,10513,-697.31794058038645,10513,-0.066329110680147102,-0.0075045674283046003,10513,-78.895517373766268,10513,-0.0075045674283046012
Dalseong Weir,2022-05-17,1,20220517T021611_20220517T022234_T52SDE,S2A_MSIL2A_20220517T021611_N0400_R003_T52SDE_20220517T055107,52SDE,2022-05-17T02:27:42.483000+00:00,0.018537294204685299,10513,194.88257397385655,10513,0.018537294204685299,0.0040312094843278001,10513,42.380105308738159,10513,0.0040312094843278001
Dalseong Weir,2022-05-22,1,20220522T021609_20220522T022240_T52SDE,S2B_MSIL2A_20220522T021609_N0400_R003_T52SDE_20220522T050008,52SDE,2022-05-22T02:27:37.379000+00:00,0.0067794334382301003,10513,71.27218373611305,10513,0.0067794334382301012,0.0047738259139132001,10513,50.187231832969474,10513,0.0047738259139132001
Dalseong Weir,2022-05-24,1,20220524T020701_20220524T021301_T52SDE,S2A_MSIL2A_20220524T020701_N0510_R103_T52SDE_20240616T112904,52SDE,2022-05-24T02:17:47.867000+00:00,-0.25962319341596279,10513,-2729.4186323820168,10513,-0.25962319341596279,-0.0100475602032004,10513,-105.63000041624581,10513,-0.0100475602032004
Dalseong Weir,2022-05-27,1,20220527T021611_20220527T022236_T52SDE,S2A_MSIL2A_20220527T021611_N0400_R003_T52SDE_20220527T054614,52SDE,2022-05-27T02:27:44.789000+00:00,0.022217788248739798,10513,233.57560785900151,10513,0.022217788248739798,-0.00069173580254110005,10513,-7.2722184921145852,10513,-0.00069173580254110005
Dalseong Weir,2022-06-03,1,20220603T020701_20220603T021559_T52SDE,S2A_MSIL2A_20220603T020701_N0400_R103_T52SDE_20220603T055620,52SDE,2022-06-03T02:17:49.267000+00:00,-0.032864960018155802,10513,-345.50932467087193,10513,-0.032864960018155802,-0.0055022310036161003,10513,-57.844954541016065,10513,-0.0055022310036161003
Dalseong Weir,2022-06-16,1,20220616T021541_20220616T022208_T52SDE,S2A_MSIL2A_20220616T021541_N0400_R003_T52SDE_20220616T054811,52SDE,2022-06-16T02:27:45.586000+00:00,0.060697899918451099,10513,638.11702184267642,10513,0.060697899918451099,0.032157954443793199,10513,338.0765750675979,10513,0.032157954443793199
Dalseong Weir,2022-06-18,1,20220618T020659_20220618T021309_T52SDE,S2B_MSIL2A_20220618T020659_N0400_R103_T52SDE_20220618T043051,52SDE,2022-06-18T02:17:45.506000+00:00,0.19192593218866991,10513,2017.7173250994867,10513,0.19192593218866991,-0.0176657927750721,10513,-185.72047944433299,10513,-0.0176657927750721
Dalseong Weir,2022-06-21,1,20220621T021539_20220621T022216_T52SDE,S2B_MSIL2A_20220621T021539_N0400_R003_T52SDE_20220621T045243,52SDE,2022-06-21T02:27:41.876000+00:00,0.094514640301514005,10513,993.63241348981671,10513,0.094514640301514005,0.036804948401345801,10513,386.93042254334841,10513,0.036804948401345801
Dalseong Weir,2022-07-01,1,20220701T021539_20220701T022213_T52SDE,S2B_MSIL2A_20220701T021539_N0400_R003_T52SDE_20220701T043554,52SDE,2022-07-01T02:27:42.482000+00:00,0.085610177106386007,10513,900.0197919194361,10513,0.085610177106386007,0.015698610290990501,10513,165.03948998918312,10513,0.015698610290990501
Dalseong Weir,2022-08-22,1,20220822T020711_20220822T021658_T52SDE,S2A_MSIL2A_20220822T020711_N0400_R103_T52SDE_20220824T143002,52SDE,2022-08-22T02:17:54.051000+00:00,-0.040628480419988601,10513,-427.12721465534014,10513,-0.040628480419988601,-0.0146885502435167,10513,-154.42072871009105,10513,-0.014688550243516698
Dalseong Weir,2022-09-09,1,20220909T021539_20220909T022159_T52SDE,S2B_MSIL2A_20220909T021539_N0400_R003_T52SDE_20220909T043406,52SDE,2022-09-09T02:27:36.575000+00:00,-0.047498048476470899,10513,-499.34698363313856,10513,-0.047498048476470899,-0.028336787861328198,10513,-297.90465078614335,10513,-0.028336787861328198
Dalseong Weir,2022-09-24,1,20220924T021541_20220924T022204_T52SDE,S2A_MSIL2A_20220924T021541_N0400_R003_T52SDE_20220924T054059,52SDE,2022-09-24T02:27:41.633000+00:00,0.038277690131856799,10513,402.41335635621056,10513,0.038277690131856799,0.0025380779449954002,10513,26.682813435736641,10513,0.0025380779449954002
Dalseong Weir,2022-09-29,1,20220929T021529_20220929T022606_T52SDE,S2B_MSIL2A_20220929T021529_N0400_R003_T52SDE_20220929T051901,52SDE,2022-09-29T02:27:37.138000+00:00,-0.0012876658925461001,10513,-13.53723152833715,10513,-0.0012876658925461001,-0.0021176484876341,10513,-22.262838550497293,10513,-0.0021176484876341
Dalseong Weir,2022-10-01,1,20221001T020701_20221001T021301_T52SDE,S2A_MSIL2A_20221001T020701_N0400_R103_T52SDE_20221001T052952,52SDE,2022-10-01T02:17:48.649000+00:00,0.016632241178055399,10513,174.8547515048964,10513,0.016632241178055399,0.00051489410656659995,10513,5.4130817423346649,10513,0.00051489410656659995
Dalseong Weir,2022-10-11,1,20221011T020701_20221011T021300_T52SDE,S2A_MSIL2A_20221011T020701_N0400_R103_T52SDE_20221011T052455,52SDE,2022-10-11T02:17:47.042000+00:00,0.0416974340038875,10513,438.3651236828693,10513,0.0416974340038875,-0.0034189545993333001,10513,-35.943469702790985,10513,-0.0034189545993333001
Dalseong Weir,2022-10-14,1,20221014T021641_20221014T022306_T52SDE,S2A_MSIL2A_20221014T021641_N0400_R003_T52SDE_20221014T054257,52SDE,2022-10-14T02:27:41.921000+00:00,0.0252766531374751,10513,265.73345443427576,10513,0.025276653137475104,0.0017569313085210999,10513,18.470618846482324,10513,0.0017569313085210999
Dalseong Weir,2022-10-16,1,20221016T020649_20221016T021304_T52SDE,S2B_MSIL2A_20221016T020649_N0400_R103_T52SDE_20221016T042307,52SDE,2022-10-16T02:17:40.621000+00:00,-0.040537129101345597,10513,-426.16683824244626,10513,-0.040537129101345597,-0.0053426344585407,10513,-56.167116062638378,10513,-0.0053426344585407
Dalseong Weir,2022-10-19,1,20221019T021709_20221019T022253_T52SDE,S2B_MSIL2A_20221019T021709_N0400_R003_T52SDE_20221019T043130,52SDE,2022-10-19T02:27:36.743000+00:00,-0.042273116995842103,10513,-444.41727897728805,10513,-0.042273116995842103,-0.0048223852704847997,10513,-50.697736348606696,10513,-0.0048223852704847997
Dalseong Weir,2022-10-26,1,20221026T020749_20221026T021400_T52SDE,S2B_MSIL2A_20221026T020749_N0400_R103_T52SDE_20221026T042127,52SDE,2022-10-26T02:17:40.602000+00:00,-0.22232394845897069,10513,-2337.291670149159,10513,-0.22232394845897072,-0.0059430750172156004,10513,-62.479547655987609,10513,-0.0059430750172156004
Dalseong Weir,2022-10-31,1,20221031T020821_20221031T021424_T52SDE,S2A_MSIL2A_20221031T020821_N0400_R103_T52SDE_20221031T052455,52SDE,2022-10-31T02:17:45.247000+00:00,0.041542173252093702,10513,436.73286739926107,10513,0.041542173252093702,0.0120628789088942,10513,126.81704596920473,10513,0.0120628789088942
Dalseong Weir,2023-05-09,1,20230509T020651_20230509T021248_T52SDE,S2A_MSIL2A_20230509T020651_N0509_R103_T52SDE_20230509T051551,52SDE,2023-05-09T02:17:41.087000+00:00,-0.036197004318108399,10513,-380.53910639627361,10513,-0.036197004318108399,0.0008103955685866,10513,8.5196886125509259,10513,0.0008103955685866
Dalseong Weir,2023-05-14,1,20230514T020659_20230514T021257_T52SDE,S2B_MSIL2A_20230514T020659_N0509_R103_T52SDE_20230514T042809,52SDE,2023-05-14T02:17:44.853000+00:00,-0.068034139702418103,10513,-715.2429106915215,10513,-0.068034139702418103,-0.0073801702993868002,10513,-77.587730357453424,10513,-0.0073801702993867993
Dalseong Weir,2023-05-17,1,20230517T021539_20230517T022202_T52SDE,S2B_MSIL2A_20230517T021539_N0509_R003_T52SDE_20230517T044103,52SDE,2023-05-17T02:27:39.333000+00:00,0.027538898949817502,10513,289.51644465943139,10513,0.027538898949817502,0.014819956332665,10513,155.80220092530715,10513,0.014819956332665
Dalseong Weir,2023-06-06,1,20230606T021539_20230606T022202_T52SDE,S2B_MSIL2A_20230606T021539_N0509_R003_T52SDE_20230606T043948,52SDE,2023-06-06T02:27:39.386000+00:00,0.038300065965656202,10513,402.64859349694365,10513,0.038300065965656202,0.0098651643783208998,10513,103.71247310928761,10513,0.0098651643783208998
Dalseong Weir,2023-06-16,1,20230616T021539_20230616T022203_T52SDE,S2B_MSIL2A_20230616T021539_N0509_R003_T52SDE_20230616T043833,52SDE,2023-06-16T02:27:40.006000+00:00,0.084140266585644094,10513,884.56662261487634,10513,0.084140266585644094,0.0083343129852442004,10513,87.618632413872277,10513,0.0083343129852442004
Dalseong Weir,2023-06-23,1,20230623T020659_20230623T021723_T52SDE,S2B_MSIL2A_20230623T020659_N0509_R103_T52SDE_20230623T055723,52SDE,2023-06-23T02:17:45.235000+00:00,0.0265243018289118,10513,278.84998512734978,10513,0.026524301828911804,-0.0112221842094412,10513,-117.97882259385534,10513,-0.0112221842094412
Dalseong Weir,2023-08-05,1,20230805T021539_20230805T022202_T52SDE,S2B_MSIL2A_20230805T021539_N0509_R003_T52SDE_20230805T044141,52SDE,2023-08-05T02:27:39.528000+00:00,0.039578750622058199,10513,416.09140528969783,10513,0.039578750622058199,0.0016830493048335001,10513,17.693897341714585,10513,0.0016830493048335001
Dalseong Weir,2023-08-15,1,20230815T021539_20230815T021939_T52SDE,S2B_MSIL2A_20230815T021539_N0509_R003_T52SDE_20230815T052653,52SDE,2023-08-15T02:27:42.908000+00:00,0.0016881461046162,10513,17.747479997830112,10513,0.0016881461046162002,-0.0435311565118651,10513,-457.64304840923779,10513,-0.0435311565118651
Dalseong Weir,2023-09-09,1,20230909T021541_20230909T022102_T52SDE,S2A_MSIL2A_20230909T021541_N0509_R003_T52SDE_20230909T072557,52SDE,2023-09-09T02:27:42.482000+00:00,0.067745650140437805,10513,712.21001992642266,10513,0.067745650140437805,-0.017800462267503099,10513,-187.13625981826007,10513,-0.017800462267503099
Dalseong Weir,2023-09-24,1,20230924T021539_20230924T022642_T52SDE,S2B_MSIL2A_20230924T021539_N0509_R003_T52SDE_20230924T053147,52SDE,2023-09-24T02:27:40.832000+00:00,-0.0287892265633466,10513,-302.66113886046281,10513,-0.0287892265633466,-0.065446973404019698,10513,-688.0440313964591,10513,-0.065446973404019698
Dalseong Weir,2023-09-29,1,20230929T021531_20230929T022200_T52SDE,S2A_MSIL2A_20230929T021531_N0509_R003_T52SDE_20230929T052453,52SDE,2023-09-29T02:27:37.208000+00:00,-0.065409545830408394,10513,-687.65055531508347,10513,-0.065409545830408394,-0.027263350405259699,10513,-286.61960281049522,10513,-0.027263350405259699
Dalseong Weir,2023-10-01,1,20231001T020659_20231001T021254_T52SDE,S2B_MSIL2A_20231001T020659_N0509_R103_T52SDE_20231001T042700,52SDE,2023-10-01T02:17:43.258000+00:00,-0.066645808461222797,10513,-700.64738435283527,10513,-0.066645808461222797,-0.027275579871976,10513,-286.74817119408368,10513,-0.027275579871976
Dalseong Weir,2023-10-04,1,20231004T021529_20231004T022639_T52SDE,S2B_MSIL2A_20231004T021529_N0509_R003_T52SDE_20231004T052938,52SDE,2023-10-04T02:27:37.887000+00:00,-0.048048884171026103,10513,-505.1379192899974,10513,-0.048048884171026103,-0.0247199633525713,10513,-259.88097472558206,10513,-0.0247199633525713
Dalseong Weir,2023-10-06,1,20231006T020651_20231006T021253_T52SDE,S2A_MSIL2A_20231006T020651_N0509_R103_T52SDE_20231006T052302,52SDE,2023-10-06T02:17:42.308000+00:00,-0.017639902073817399,10513,-185.44829050204231,10513,-0.017639902073817399,-0.013450587436975201,10513,-141.40602572492028,10513,-0.013450587436975201
Dalseong Weir,2023-10-11,1,20231011T020649_20231011T021253_T52SDE,S2B_MSIL2A_20231011T020649_N0509_R103_T52SDE_20231011T042543,52SDE,2023-10-11T02:17:43.111000+00:00,0.0014630079042395,10513,15.380602097269863,10513,0.0014630079042395,-0.0103975214484103,10513,-109.30914298713749,10513,-0.0103975214484103
Dalseong Weir,2023-10-16,1,20231016T020651_20231016T021251_T52SDE,S2A_MSIL2A_20231016T020651_N0509_R103_T52SDE_20231016T051356,52SDE,2023-10-16T02:17:40.259000+00:00,0.046333390559315603,10513,487.10293495008494,10513,0.046333390559315603,-0.0050081723499125,10513,-52.650915914630112,10513,-0.0050081723499125
Dalseong Weir,2023-10-29,1,20231029T021811_20231029T022436_T52SDE,S2A_MSIL2A_20231029T021811_N0509_R003_T52SDE_20231029T052155,52SDE,2023-10-29T02:27:37.047000+00:00,0.0098652813338335008,10513,103.7137026625916,10513,0.0098652813338335008,-0.013437415704450799,10513,-141.26755130089126,10513,-0.013437415704450799
Dalseong Weir,2023-10-31,1,20231031T020819_20231031T021420_T52SDE,S2B_MSIL2A_20231031T020819_N0509_R103_T52SDE_20231031T042727,52SDE,2023-10-31T02:17:43.661000+00:00,0.0147179290785211,10513,154.72958840249234,10513,0.014717929078521102,-0.014184867344851,10513,-149.12551039641858,10513,-0.014184867344851
Dalseong Weir,2024-05-03,1,20240503T020651_20240503T021443_T52SDE,S2A_MSIL2A_20240503T020651_N0510_R103_T52SDE_20240503T061350,52SDE,2024-05-03T02:17:44.228000+00:00,-0.093792948222858802,10513,-986.04526466691459,10513,-0.093792948222858802,-0.010200988623114599,10513,-107.24299339480378,10513,-0.010200988623114599
Dalseong Weir,2024-05-13,1,20240513T020651_20240513T021436_T52SDE,S2A_MSIL2A_20240513T020651_N0510_R103_T52SDE_20240513T051859,52SDE,2024-05-13T02:17:44.509000+00:00,-0.0402145913179058,10513,-422.77599852514368,10513,-0.0402145913179058,-0.0079746639649594993,10513,-83.837642263619216,10513,-0.0079746639649594993
Dalseong Weir,2024-05-16,1,20240516T021611_20240516T022028_T52SDE,S2A_MSIL2A_20240516T021611_N0510_R003_T52SDE_20240516T074100,52SDE,2024-05-16T02:27:39.944000+00:00,0.018782762383088,10509,197.38804988387179,10509,0.018782762383088,-0.00016459746708760001,10509,-1.7297547816235885,10509,-0.00016459746708760001
Dalseong Weir,2024-05-18,1,20240518T020649_20240518T020649_T52SDE,S2B_MSIL2A_20240518T020649_N0510_R103_T52SDE_20240518T040445,52SDE,2024-05-18T02:17:39.699000+00:00,-1.4394446768254421e-05,10513,-0.15132881887465874,10513,-1.4394446768254422e-05,-0.0010908367032814001,10513,-11.467966261597359,10513,-0.0010908367032814001
Dalseong Weir,2024-05-31,1,20240531T021529_20240531T021532_T52SDE,S2B_MSIL2A_20240531T021529_N0510_R003_T52SDE_20240531T042042,52SDE,2024-05-31T02:27:37.724000+00:00,0.042260484299152898,10513,444.28447143699441,10513,0.042260484299152898,0.0072644505391618996,10513,76.371168518209046,10513,0.0072644505391618996
Dalseong Weir,2024-06-10,1,20240610T021539_20240610T021535_T52SDE,S2B_MSIL2A_20240610T021539_N0510_R003_T52SDE_20240610T042021,52SDE,2024-06-10T02:27:40.499000+00:00,0.036641013746529699,10513,385.20697751726675,10513,0.036641013746529699,0.0036591356667054001,10513,38.468493264073871,10513,0.0036591356667054001
Dalseong Weir,2024-06-12,1,20240612T020701_20240612T021146_T52SDE,S2A_MSIL2A_20240612T020701_N0510_R103_T52SDE_20240612T053459,52SDE,2024-06-12T02:17:47.490000+00:00,0.016520635808610101,10513,173.681444255918,10513,0.016520635808610101,-0.016320505322134599,10513,-171.57747245160104,10513,-0.016320505322134599
Dalseong Weir,2024-07-05,1,20240705T021541_20240705T022512_T52SDE,S2A_MSIL2A_20240705T021541_N0510_R003_T52SDE_20240705T054449,52SDE,2024-07-05T02:27:39.877000+00:00,0.044919924875503003,9589,430.73715963119832,9589,0.044919924875503003,0.010652538265009,9589,102.14718942317131,9589,0.010652538265009
Dalseong Weir,2024-07-30,1,20240730T021539_20240730T021533_T52SDE,S2B_MSIL2A_20240730T021539_N0511_R003_T52SDE_20240730T041503,52SDE,2024-07-30T02:27:38.710000+00:00,0.084653407531829095,10215,864.73455793763424,10215,0.084653407531829095,0.0058301764054884998,10215,59.555251982065023,10215,0.0058301764054884998
Dalseong Weir,2024-08-09,1,20240809T021539_20240809T022639_T52SDE,S2B_MSIL2A_20240809T021539_N0511_R003_T52SDE_20240809T042748,52SDE,2024-08-09T02:27:41.159000+00:00,0.068898033023075803,9495,654.18682355410476,9495,0.068898033023075803,0.0039294392373529002,9495,37.310025558665785,9495,0.0039294392373529002
Dalseong Weir,2024-08-14,1,20240814T021601_20240814T022230_T52SDE,S2A_MSIL2A_20240814T021601_N0511_R003_T52SDE_20240814T052653,52SDE,2024-08-14T02:27:38.739000+00:00,0.046591998492181999,1392,64.856061901117343,1392,0.046591998492181999,0.0016777051932231001,1392,2.3353656289665552,1392,0.0016777051932231001
Dalseong Weir,2024-08-24,1,20240824T021531_20240824T022206_T52SDE,S2A_MSIL2A_20240824T021531_N0511_R003_T52SDE_20240824T073115,52SDE,2024-08-24T02:27:34.897000+00:00,0.1750971768633954,10080,1764.9795427830256,10080,0.1750971768633954,0.0086990777176416002,10080,87.686703393827329,10080,0.0086990777176416002
Dalseong Weir,2024-08-31,1,20240831T020651_20240831T020650_T52SDE,S2A_MSIL2A_20240831T020651_N0511_R103_T52SDE_20240831T060051,52SDE,2024-08-31T02:17:40.433000+00:00,0.24936863505983881,10513,2621.6124603840854,10513,0.24936863505983881,-0.0036507655008976999,10513,-38.380497710937519,10513,-0.0036507655008976999
Dalseong Weir,2024-09-05,1,20240905T020659_20240905T020653_T52SDE,S2B_MSIL2A_20240905T020659_N0511_R103_T52SDE_20240905T040210,52SDE,2024-09-05T02:17:43.984000+00:00,0.1868525200672832,10513,1964.3805434673484,10513,0.1868525200672832,-0.0092519199060762999,10513,-97.265433972580141,10513,-0.0092519199060762999
Dalseong Weir,2024-09-10,1,20240910T020651_20240910T020650_T52SDE,S2A_MSIL2A_20240910T020651_N0511_R103_T52SDE_20240910T054852,52SDE,2024-09-10T02:17:40.351000+00:00,0.069978160754889898,10513,735.68040401615747,10513,0.069978160754889898,-0.0012544431705629,10513,-13.187961052127768,10513,-0.0012544431705629
Dalseong Weir,2024-09-23,1,20240923T021531_20240923T022308_T52SDE,S2A_MSIL2A_20240923T021531_N0511_R003_T52SDE_20240923T053200,52SDE,2024-09-23T02:27:38.887000+00:00,-0.0343021204894189,10513,-360.61819270526087,10513,-0.0343021204894189,-0.054063303669008203,10513,-568.36751147228324,10513,-0.054063303669008203
Dalseong Weir,2024-09-30,1,20240930T020651_20240930T020653_T52SDE,S2A_MSIL2A_20240930T020651_N0511_R103_T52SDE_20240930T055753,52SDE,2024-09-30T02:17:43.507000+00:00,0.072056302610378903,10513,757.5279093429134,10513,0.072056302610378903,-0.021566697705197299,10513,-226.73069297473921,10513,-0.021566697705197299
Dalseong Weir,2024-10-05,1,20241005T020649_20241005T020652_T52SDE,S2B_MSIL2A_20241005T020649_N0511_R103_T52SDE_20241005T040520,52SDE,2024-10-05T02:17:42.212000+00:00,-0.0199729800703357,10513,-209.97593947943921,10513,-0.0199729800703357,-0.0183808017030812,10513,-193.23736830449266,10513,-0.0183808017030812
Dalseong Weir,2024-10-08,1,20241008T021529_20241008T022704_T52SDE,S2B_MSIL2A_20241008T021529_N0511_R003_T52SDE_20241008T150637,52SDE,2024-10-08T02:27:36.798000+00:00,-0.036837505714075,10358,-381.56288418638883,10358,-0.036837505714075,-0.016589680899629498,10358,-171.83591475836235,10358,-0.016589680899629498
Dalseong Weir,2024-10-10,1,20241010T020651_20241010T020648_T52SDE,S2A_MSIL2A_20241010T020651_N0511_R103_T52SDE_20241010T055650,52SDE,2024-10-10T02:17:38.369000+00:00,-0.079468498859870701,10513,-835.4523285138207,10513,-0.079468498859870701,-0.022092694663904899,10513,-232.26049900163221,10513,-0.022092694663904899
Dalseong Weir,2024-10-30,1,20241030T020821_20241030T021624_T52SDE,S2A_MSIL2A_20241030T020821_N0511_R103_T52SDE_20241030T051219,52SDE,2024-10-30T02:17:41.912000+00:00,-0.095368814085227696,10513,-1002.6123424779988,10513,-0.095368814085227696,-0.025561679104589299,10513,-268.72993242654729,10513,-0.025561679104589299
Dalseong Weir,2025-05-08,1,20250508T020711_20250508T020903_T52SDE,S2C_MSIL2A_20250508T020711_N0511_R103_T52SDE_20250508T055213,52SDE,2025-05-08T02:18:01.140000+00:00,-0.17023731395468711,10477,-1783.5763383032568,10477,-0.17023731395468711,-0.0062618341258239996,10477,-65.605236136258043,10477,-0.0062618341258239996
Dalseong Weir,2025-05-28,1,20250528T020711_20250528T021218_T52SDE,S2C_MSIL2A_20250528T020711_N0511_R103_T52SDE_20250528T063213,52SDE,2025-05-28T02:18:01.370000+00:00,-0.23998228596497981,10513,-2522.9337723498329,10513,-0.23998228596497984,-0.017733667905794101,10513,-186.43405069361339,10513,-0.017733667905794101
Dalseong Weir,2025-05-30,1,20250530T021121_20250530T021428_T52SDE,S2A_MSIL2A_20250530T021121_N0511_R103_T52SDE_20250530T062212,52SDE,2025-05-30T02:17:58.527000+00:00,-0.0092963848903106997,10513,-97.732894351836393,10513,-0.0092963848903106997,-0.0051379358859827999,10513,-54.015119969337178,10513,-0.0051379358859827999
Dalseong Weir,2025-06-05,1,20250605T021529_20250605T022440_T52SDE,S2B_MSIL2A_20250605T021529_N0511_R003_T52SDE_20250605T041606,52SDE,2025-06-05T02:27:37.503000+00:00,0.0073915261652369004,4992,36.898498616862604,4992,0.0073915261652368995,0.0058574459305191003,4992,29.240370085151348,4992,0.0058574459305191003
Dalseong Weir,2025-06-07,1,20250607T020711_20250607T021157_T52SDE,S2C_MSIL2A_20250607T020711_N0511_R103_T52SDE_20250607T055113,52SDE,2025-06-07T02:18:01.858000+00:00,-0.036268174568431899,6635,-240.63933826154565,6635,-0.036268174568431899,-0.0075581999337693004,6635,-50.14865656055931,6635,-0.0075581999337693004
Dalseong Weir,2025-06-10,1,20250610T021551_20250610T022732_T52SDE,S2C_MSIL2A_20250610T021551_N0511_R003_T52SDE_20250610T044827,52SDE,2025-06-10T02:27:57.510000+00:00,0.014684966106228501,10513,154.38304867478024,10513,0.014684966106228502,0.0014802251635954999,10513,15.56160714487949,10513,0.0014802251635954999
Dalseong Weir,2025-07-02,1,20250702T020659_20250702T020654_T52SDE,S2B_MSIL2A_20250702T020659_N0511_R103_T52SDE_20250702T034405,52SDE,2025-07-02T02:17:44.450000+00:00,0.11783366655149451,10513,1238.7853364558619,10513,0.11783366655149452,-0.010571517465627799,10513,-111.13836311614506,10513,-0.010571517465627799
Dalseong Weir,2025-07-05,1,20250705T021539_20250705T021535_T52SDE,S2B_MSIL2A_20250705T021539_N0511_R003_T52SDE_20250705T035632,52SDE,2025-07-05T02:27:40.728000+00:00,0.044186085560122601,10513,464.52831749356892,10513,0.044186085560122601,0.0157644265153765,10513,165.73141595615314,10513,0.0157644265153765
Dalseong Weir,2025-07-07,1,20250707T020711_20250707T021412_T52SDE,S2C_MSIL2A_20250707T020711_N0511_R103_T52SDE_20250707T054916,52SDE,2025-07-07T02:18:04.134000+00:00,0.027695718108956002,10513,291.16508447945444,10513,0.027695718108956002,-0.013057725267988899,10513,-137.2758657423673,10513,-0.013057725267988899
Dalseong Weir,2025-07-09,1,20250709T021131_20250709T021441_T52SDE,S2A_MSIL2A_20250709T021131_N0511_R103_T52SDE_20250709T062417,52SDE,2025-07-09T02:18:00.206000+00:00,0.0207421848395433,10513,218.06258921811872,10513,0.0207421848395433,-0.011184863979210501,10513,-117.58647501343999,10513,-0.011184863979210501
Dalseong Weir,2025-07-10,1,20250710T021631_20250710T022524_T52SDE,S2C_MSIL2A_20250710T021631_N0511_R003_T52SDE_20250710T055619,52SDE,2025-07-10T02:28:00.375000+00:00,0.026121642599120101,10396,271.56059646045259,10396,0.026121642599120101,-0.0042998764446032997,10396,-44.701515518095903,10396,-0.0042998764446032997
Dalseong Weir,2025-07-25,1,20250725T021539_20250725T022319_T52SDE,S2B_MSIL2A_20250725T021539_N0511_R003_T52SDE_20250725T041758,52SDE,2025-07-25T02:27:39.267000+00:00,0.17090484531541481,10513,1796.7226388009558,10513,0.17090484531541481,-0.0013549379570417001,10513,-14.244462742379392,10513,-0.0013549379570417001
Dalseong Weir,2025-07-29,1,20250729T021131_20250729T021429_T52SDE,S2A_MSIL2A_20250729T021131_N0511_R103_T52SDE_20250729T061616,52SDE,2025-07-29T02:17:59.629000+00:00,0.13907974095536979,10513,1462.1453166638025,10513,0.13907974095536979,-0.0024053844428567998,10513,-25.287806647753538,10513,-0.0024053844428567998
Dalseong Weir,2025-08-01,2,20250801T020649_20250801T021704_T52SDE|20250801T022131_20250801T022131_T52SDE,S2B_MSIL2A_20250801T020649_N0511_R103_T52SDE_20250801T040552|S2A_MSIL2A_20250801T022131_N0511_R003_T52SDE_20250801T071659,52SDE|52SDE,2025-08-01T02:17:41.374000+00:00|2025-08-01T02:27:54.803000+00:00,-0.109819210484779|0.028728468848042501,10513|10513,-852.50696682701073,21026,-0.040545370818368245,-0.0043398890189011996|-0.0043118683314014999,10513|10513,-90.955925023732277,21026,-0.0043258786751513498
Dalseong Weir,2025-08-18,1,20250818T021121_20250818T021646_T52SDE,S2A_MSIL2A_20250818T021121_N0511_R103_T52SDE_20250818T061108,52SDE,2025-08-18T02:17:54.846000+00:00,0.25630105853428198,10513,2694.4930283709064,10513,0.25630105853428198,-0.0021327926349915,10513,-22.422048971665639,10513,-0.0021327926349915
Dalseong Weir,2025-08-21,1,20250821T020659_20250821T020653_T52SDE,S2B_MSIL2A_20250821T020659_N0511_R103_T52SDE_20250821T035126,52SDE,2025-08-21T02:17:43.644000+00:00,0.1427338596675902,10510,1500.1328651063729,10510,0.1427338596675902,0.016462987817277602,10510,173.0260019595876,10510,0.016462987817277602
Dalseong Weir,2025-09-23,1,20250923T021529_20250923T022229_T52SDE,S2B_MSIL2A_20250923T021529_N0511_R003_T52SDE_20250923T041635,52SDE,2025-09-23T02:27:36.546000+00:00,0.088658118325261701,9403,833.65228661243577,9403,0.088658118325261701,0.0106791323006369,9403,100.41588102288877,9403,0.0106791323006369
Dalseong Weir,2025-10-20,1,20251020T022131_20251020T022129_T52SDE,S2A_MSIL2A_20251020T022131_N0511_R003_T52SDE_20251020T071520,52SDE,2025-10-20T02:27:52.231000+00:00,0.0084053645181534006,8957,75.286849989100006,8957,0.0084053645181534006,0.021618231250563599,8957,193.63449731129816,8957,0.021618231250563599
Dalseong Weir,2025-10-28,1,20251028T021821_20251028T022504_T52SDE,S2C_MSIL2A_20251028T021821_N0511_R003_T52SDE_20251028T054320,52SDE,2025-10-28T02:27:50.290000+00:00,-0.098075747919089407,10513,-1031.070337873387,10513,-0.098075747919089407,-0.0146482541407144,10513,-153.99709578133047,10513,-0.014648254140714398
Gangcheon Weir,2017-05-03,1,20170503T021611_20170503T022350_T52SCG,S2A_MSIL2A_20170503T021611_N0500_R003_T52SCG_20230925T151324,52SCG,2017-05-03T02:27:14.762000+00:00,-0.0099958965557372,9060,-90.562822794979027,9060,-0.0099958965557372,0.0020661520370784002,9060,18.719337455930305,9060,0.0020661520370784002
Gangcheon Weir,2017-08-26,1,20170826T022649_20170826T022651_T52SCG,S2B_MSIL2A_20170826T022649_N0500_R003_T52SCG_20230820T101037,52SCG,2017-08-26T02:27:06.465000+00:00,-0.0251462580333854,9060,-227.82509778247172,9060,-0.0251462580333854,-0.020518097159969401,9060,-185.89396026932278,9060,-0.020518097159969401
Gangcheon Weir,2017-09-20,1,20170920T021601_20170920T022343_T52SCG,S2A_MSIL2A_20170920T021601_N0500_R003_T52SCG_20230913T041635,52SCG,2017-09-20T02:27:08.212000+00:00,-0.054459460057577201,9060,-493.40270812164943,9060,-0.054459460057577201,-0.0082797385527681004,9060,-75.014431288078995,9060,-0.0082797385527681004
Gangcheon Weir,2017-10-20,1,20171020T022701_20171020T022655_T52SCG,S2A_MSIL2A_20171020T022701_N0500_R003_T52SCG_20230729T060052,52SCG,2017-10-20T02:27:10.258000+00:00,-0.2394945639043185,9060,-2169.8207489731258,9060,-0.23949456390431853,-0.0052070836415223001,9060,-47.176177792192036,9060,-0.0052070836415223001
Gangcheon Weir,2017-10-25,1,20171025T022649_20171025T022643_T52SCG,S2B_MSIL2A_20171025T022649_N0500_R003_T52SCG_20230731T095635,52SCG,2017-10-25T02:26:58.037000+00:00,-0.058102049951650497,9060,-526.4045725619535,9060,-0.058102049951650497,-0.0063581131577116002,9060,-57.604505208867096,9060,-0.0063581131577116002
Gangcheon Weir,2017-10-30,1,20171030T021821_20171030T022623_T52SCG,S2A_MSIL2A_20171030T021821_N0500_R003_T52SCG_20230911T092126,52SCG,2017-10-30T02:27:11.775000+00:00,-0.12418889383084469,9060,-1125.151378107453,9060,-0.12418889383084469,-0.0064924103147959997,9060,-58.821237452051754,9060,-0.0064924103147959997
Gangcheon Weir,2018-06-02,1,20180602T021639_20180602T021638_T52SCG,S2B_MSIL2A_20180602T021639_N0500_R003_T52SCG_20230827T172817,52SCG,2018-06-02T02:27:09.432000+00:00,-0.059618061309814903,9060,-540.13963546692298,9060,-0.059618061309814896,-0.019450365161024299,9060,-176.22030835888015,9060,-0.019450365161024299
Gangcheon Weir,2018-06-22,1,20180622T021559_20180622T021601_T52SCG,S2B_MSIL2A_20180622T021559_N0500_R003_T52SCG_20230813T031002,52SCG,2018-06-22T02:27:11.278000+00:00,0.013489278517232301,9060,122.21286336612465,9060,0.013489278517232301,0.00032902703303369998,9060,2.9809849192853219,9060,0.00032902703303369998
Gangcheon Weir,2018-07-07,1,20180707T021601_20180707T021604_T52SCG,S2A_MSIL2A_20180707T021601_N0500_R003_T52SCG_20230809T064850,52SCG,2018-07-07T02:27:13.552000+00:00,-0.074812238134038797,9060,-677.79887749439149,9060,-0.074812238134038797,-0.022567965475875099,9060,-204.46576721142839,9060,-0.022567965475875099
Gangcheon Weir,2018-08-01,1,20180801T021649_20180801T022346_T52SCG,S2B_MSIL2A_20180801T021649_N0500_R003_T52SCG_20230709T134957,52SCG,2018-08-01T02:27:09.159000+00:00,0.0024060327169356001,9060,21.798656415436536,9060,0.0024060327169356001,-0.00098704689998020006,9060,-8.9426449138206117,9060,-0.00098704689998020006
Gangcheon Weir,2018-10-20,1,20181020T021709_20181020T022232_T52SCG,S2B_MSIL2A_20181020T021709_N0510_R003_T52SCG_20250531T231417,52SCG,2018-10-20T02:27:09.679000+00:00,-0.1480795271795631,9060,-1341.6005162468416,9060,-0.1480795271795631,-0.0051125210398233999,9060,-46.319440620800002,9060,-0.0051125210398233999
Gangcheon Weir,2018-10-30,1,20181030T021819_20181030T022432_T52SCG,S2B_MSIL2A_20181030T021819_N0500_R003_T52SCG_20230707T113406,52SCG,2018-10-30T02:27:10.114000+00:00,-0.1152646313294379,9060,-1044.2975598447074,9060,-0.1152646313294379,-0.0073661811115381002,9060,-66.737600870535189,9060,-0.0073661811115381002
Gangcheon Weir,2019-05-03,1,20190503T021611_20190503T021607_T52SCG,S2A_MSIL2A_20190503T021611_N0500_R003_T52SCG_20221205T094439,52SCG,2019-05-03T02:27:16.433000+00:00,-0.024935106533221601,9060,-225.9120651909877,9060,-0.024935106533221601,-3.5327913610275345e-07,9060,-0.0032007089730909464,9060,-3.5327913610275345e-07
Gangcheon Weir,2019-05-23,1,20190523T021611_20190523T022214_T52SCG,S2A_MSIL2A_20190523T021611_N0500_R003_T52SCG_20221212T010402,52SCG,2019-05-23T02:27:16.002000+00:00,-0.026967566430223799,9060,-244.32615185782763,9060,-0.026967566430223799,-0.00078884718306330005,9060,-7.1469554785534983,9060,-0.00078884718306330005
Gangcheon Weir,2019-06-02,1,20190602T021611_20190602T021605_T52SCG,S2A_MSIL2A_20190602T021611_N0500_R003_T52SCG_20221221T030242,52SCG,2019-06-02T02:27:15.030000+00:00,-0.073642309080267199,9060,-667.19932026722086,9060,-0.073642309080267199,-0.0039897232127542002,9060,-36.146892307553053,9060,-0.0039897232127542002
Gangcheon Weir,2019-06-12,1,20190612T021611_20190612T022608_T52SCG,S2A_MSIL2A_20190612T021611_N0212_R003_T52SCG_20190612T043019,52SCG,2019-06-12T02:27:15.518000+00:00,-0.037947147070503701,9060,-343.80115245876351,9060,-0.037947147070503701,-0.0016607227374739999,9051,-15.031201496877173,9051,-0.0016607227374739999
Gangcheon Weir,2019-06-22,1,20190622T021611_20190622T021607_T52SCG,S2A_MSIL2A_20190622T021611_N0500_R003_T52SCG_20230724T205505,52SCG,2019-06-22T02:27:16.702000+00:00,-0.055646846514520197,9060,-504.16042942155298,9060,-0.055646846514520197,0.00045146726140620001,9060,4.0902933883401724,9060,0.00045146726140620006
Gangcheon Weir,2019-09-30,1,20190930T021601_20190930T021604_T52SCG,S2A_MSIL2A_20190930T021601_N0500_R003_T52SCG_20230707T024625,52SCG,2019-09-30T02:27:14.218000+00:00,-0.031352029539049697,9060,-284.04938762379027,9060,-0.031352029539049697,0.0036725884718528,9060,33.273651554986365,9060,0.0036725884718527995
Gangcheon Weir,2019-10-15,1,20191015T021639_20191015T021642_T52SCG,S2B_MSIL2A_20191015T021639_N0213_R003_T52SCG_20191015T045544,52SCG,2019-10-15T02:27:13.862000+00:00,-0.0050235090563530002,7387,-37.108661399279612,7387,-0.0050235090563530002,0.019011945535568502,7386,140.42222972570895,7386,0.019011945535568502
Gangcheon Weir,2019-10-20,1,20191020T021721_20191020T021716_T52SCG,S2A_MSIL2A_20191020T021721_N0213_R003_T52SCG_20191020T052106,52SCG,2019-10-20T02:27:15.870000+00:00,-0.0022121496354782001,9060,-20.042075697432491,9060,-0.0022121496354782001,0.0042977314762717997,9060,38.937447175022506,9060,0.0042977314762717997
Gangcheon Weir,2019-10-30,1,20191030T021821_20191030T021819_T52SCG,S2A_MSIL2A_20191030T021821_N0500_R003_T52SCG_20230709T010057,52SCG,2019-10-30T02:27:15.880000+00:00,-0.14678996123719079,9060,-1329.9170488089485,9060,-0.14678996123719079,-0.0016997609786550999,9060,-15.399834466615205,9060,-0.0016997609786550999
Gangcheon Weir,2020-05-27,1,20200527T021611_20200527T021609_T52SCG,S2A_MSIL2A_20200527T021611_N0214_R003_T52SCG_20200527T054336,52SCG,2020-05-27T02:27:18.689000+00:00,-0.026236292635762701,9060,-237.70081128001007,9060,-0.026236292635762701,0.0049127167891807998,9060,44.509214109978046,9060,0.0049127167891807998
Gangcheon Weir,2020-06-01,1,20200601T021609_20200601T021604_T52SCG,S2B_MSIL2A_20200601T021609_N0214_R003_T52SCG_20200601T050555,52SCG,2020-06-01T02:27:14.247000+00:00,0.023889745567239998,8322,198.81046261057128,8322,0.023889745567239998,0.0216659395373342,8322,180.3039488296952,8322,0.0216659395373342
Gangcheon Weir,2020-06-11,1,20200611T021609_20200611T021605_T52SCG,S2B_MSIL2A_20200611T021609_N0214_R003_T52SCG_20200611T050308,52SCG,2020-06-11T02:27:14.963000+00:00,-0.0101973666182925,7590,-77.398012632840079,7590,-0.0101973666182925,0.0151987198179584,7590,115.35828341830425,7590,0.0151987198179584
Gangcheon Weir,2020-06-16,1,20200616T021611_20200616T021609_T52SCG,S2A_MSIL2A_20200616T021611_N0214_R003_T52SCG_20200616T053533,52SCG,2020-06-16T02:27:18.759000+00:00,0.0309076416561819,9060,280.023233405008,9060,0.0309076416561819,0.023560854435695399,9060,213.46134118740031,9060,0.023560854435695399
Gangcheon Weir,2020-06-21,1,20200621T021609_20200621T021605_T52SCG,S2B_MSIL2A_20200621T021609_N0214_R003_T52SCG_20200621T050033,52SCG,2020-06-21T02:27:15.203000+00:00,0.0112001786613312,9060,101.47361867166067,9060,0.0112001786613312,0.0095130796847983992,9060,86.188501944273497,9060,0.0095130796847983992
Gangcheon Weir,2020-08-25,1,20200825T021611_20200825T021608_T52SCG,S2A_MSIL2A_20200825T021611_N0214_R003_T52SCG_20200825T053321,52SCG,2020-08-25T02:27:18.080000+00:00,-0.053088550401640899,9060,-480.98226663886652,9060,-0.053088550401640899,-0.016492306882513599,9060,-149.4203003555732,9060,-0.016492306882513599
Gangcheon Weir,2020-09-04,1,20200904T021611_20200904T021607_T52SCG,S2A_MSIL2A_20200904T021611_N0214_R003_T52SCG_20200904T052050,52SCG,2020-09-04T02:27:17.196000+00:00,-0.010297014789557701,7975,-82.118692946722661,7975,-0.010297014789557701,-0.011039574409883599,7975,-88.040605918821697,7975,-0.011039574409883599
Gangcheon Weir,2020-09-19,1,20200919T021609_20200919T022509_T52SCG,S2B_MSIL2A_20200919T021609_N0214_R003_T52SCG_20200919T051050,52SCG,2020-09-19T02:27:14.473000+00:00,0.032283727609269897,5655,182.56447963042126,5655,0.032283727609269897,0.034802953469472701,5655,196.81070186986813,5655,0.034802953469472701
Gangcheon Weir,2020-10-09,1,20201009T021609_20201009T021609_T52SCG,S2B_MSIL2A_20201009T021609_N0214_R003_T52SCG_20201009T045242,52SCG,2020-10-09T02:27:16.320000+00:00,-0.0015206063686093001,9060,-13.776693699600258,9060,-0.0015206063686093001,0.0017706828724139,9060,16.042386824069933,9060,0.0017706828724138998
Gangcheon Weir,2020-10-19,1,20201019T021719_20201019T022536_T52SCG,S2B_MSIL2A_20201019T021719_N0500_R003_T52SCG_20230415T141046,52SCG,2020-10-19T02:27:16.350000+00:00,-0.0951254102738288,9060,-861.8362170808889,9060,-0.0951254102738288,-0.0044820022254774003,9060,-40.606940162825246,9060,-0.0044820022254774003
Gangcheon Weir,2020-10-24,1,20201024T021751_20201024T022447_T52SCG,S2A_MSIL2A_20201024T021751_N0214_R003_T52SCG_20201024T045915,52SCG,2020-10-24T02:27:17.978000+00:00,-0.11386394391594409,9060,-1031.6073318784536,9060,-0.11386394391594411,-0.00077897683727649999,9024,-7.0294869795831358,9024,-0.00077897683727649999
Gangcheon Weir,2020-10-29,1,20201029T021819_20201029T021816_T52SCG,S2B_MSIL2A_20201029T021819_N0214_R003_T52SCG_20201029T043353,52SCG,2020-10-29T02:27:15.724000+00:00,-0.0543408101687591,9060,-492.32774012895743,9060,-0.0543408101687591,-0.00038001657261729999,9051,-3.4395299987591823,9051,-0.00038001657261729999
Gangcheon Weir,2021-05-02,1,20210502T021601_20210502T021601_T52SCG,S2A_MSIL2A_20210502T021601_N0300_R003_T52SCG_20210502T051124,52SCG,2021-05-02T02:27:10.519000+00:00,0.021375480784021898,8515,182.01221887594647,8515,0.021375480784021898,0.012506980323768801,8515,106.49693745689135,8515,0.012506980323768801
Gangcheon Weir,2021-05-22,1,20210522T021601_20210522T022207_T52SCG,S2A_MSIL2A_20210522T021601_N0300_R003_T52SCG_20210522T050033,52SCG,2021-05-22T02:27:13.132000+00:00,0.0029821833486872,9060,27.018581139106033,9060,0.0029821833486872,7.3966412604159826e-05,9060,0.67013569819368801,9060,7.3966412604159826e-05
Gangcheon Weir,2021-06-21,1,20210621T021601_20210621T022255_T52SCG,S2A_MSIL2A_20210621T021601_N0300_R003_T52SCG_20210621T050048,52SCG,2021-06-21T02:27:13.374000+00:00,0.027412522872756601,2588,70.943609194694091,2588,0.027412522872756605,0.025821848297075699,2588,66.826943392831907,2588,0.025821848297075699
Gangcheon Weir,2021-07-01,1,20210701T021611_20210701T021605_T52SCG,S2A_MSIL2A_20210701T021611_N0301_R003_T52SCG_20210701T050240,52SCG,2021-07-01T02:27:14.664000+00:00,-0.031343405776521303,9060,-283.97125633528299,9060,-0.031343405776521303,-0.0073766174878772996,9060,-66.832154440168338,9060,-0.0073766174878773004
Gangcheon Weir,2021-07-16,1,20210716T021609_20210716T022506_T52SCG,S2B_MSIL2A_20210716T021609_N0301_R003_T52SCG_20210716T045806,52SCG,2021-07-16T02:27:14.707000+00:00,-0.070496573398989903,9060,-638.69895499484858,9060,-0.070496573398989903,-0.020737285853067999,9047,-187.61022511270619,9047,-0.020737285853067999
Gangcheon Weir,2021-07-26,1,20210726T021609_20210726T021605_T52SCG,S2B_MSIL2A_20210726T021609_N0301_R003_T52SCG_20210726T043052,52SCG,2021-07-26T02:27:14.625000+00:00,-0.030207763186405698,9060,-273.68233446883562,9060,-0.030207763186405698,0.0014813177283607001,9059,13.419257301219583,9059,0.0014813177283607001
Gangcheon Weir,2021-08-15,1,20210815T021609_20210815T022417_T52SCG,S2B_MSIL2A_20210815T021609_N0301_R003_T52SCG_20210815T045832,52SCG,2021-08-15T02:27:12.737000+00:00,0.0500929154513612,9060,453.84181398933248,9060,0.0500929154513612,0.025914543521315201,9060,234.78576430311571,9060,0.025914543521315201
Gangcheon Weir,2021-10-24,1,20211024T021749_20211024T021743_T52SCG,S2B_MSIL2A_20211024T021749_N0500_R003_T52SCG_20230110T111334,52SCG,2021-10-24T02:27:14.236000+00:00,-0.092958609412473303,9060,-842.20500127700814,9060,-0.092958609412473303,-0.0014065813614001,9060,-12.743627134284907,9060,-0.0014065813614001
Gangcheon Weir,2022-05-17,1,20220517T021611_20220517T022234_T52SCG,S2A_MSIL2A_20220517T021611_N0510_R003_T52SCG_20240620T074711,52SCG,2022-05-17T02:27:17.807000+00:00,-0.071224121347428601,9060,-645.29053940770314,9060,-0.071224121347428601,-0.0041529174784164001,9060,-37.625432354452585,9060,-0.0041529174784164001
Gangcheon Weir,2022-06-01,1,20220601T021559_20220601T022239_T52SCG,S2B_MSIL2A_20220601T021559_N0400_R003_T52SCG_20220601T044554,52SCG,2022-06-01T02:27:12.431000+00:00,-0.0105616388838296,9060,-95.688448287496172,9060,-0.0105616388838296,0.0070507699129364002,9060,63.879975411203787,9060,0.0070507699129364002
Gangcheon Weir,2022-06-11,1,20220611T021539_20220611T022211_T52SCG,S2B_MSIL2A_20220611T021539_N0400_R003_T52SCG_20220611T045008,52SCG,2022-06-11T02:27:15.144000+00:00,-0.093536712554682599,9060,-847.4426157454244,9060,-0.093536712554682599,-0.0014918699059269999,9060,-13.516341347698619,9060,-0.0014918699059269999
Gangcheon Weir,2022-09-24,1,20220924T021541_20220924T022204_T52SCG,S2A_MSIL2A_20220924T021541_N0400_R003_T52SCG_20220924T054059,52SCG,2022-09-24T02:27:19.687000+00:00,0.0131820507230524,9060,119.42937955085475,9060,0.0131820507230524,0.0037313652378895999,9060,33.806169055279774,9060,0.0037313652378895999
Gangcheon Weir,2022-09-29,1,20220929T021529_20220929T022606_T52SCG,S2B_MSIL2A_20220929T021529_N0400_R003_T52SCG_20220929T051901,52SCG,2022-09-29T02:27:12.463000+00:00,0.019135577829655599,9060,173.36833513667972,9060,0.019135577829655599,0.0057965696793878998,9060,52.51692129525437,9060,0.0057965696793878998
Gangcheon Weir,2022-10-19,1,20221019T021709_20221019T022253_T52SCG,S2B_MSIL2A_20221019T021709_N0400_R003_T52SCG_20221019T043130,52SCG,2022-10-19T02:27:12.070000+00:00,-0.1072526238709841,9060,-971.70877227111589,9060,-0.1072526238709841,-0.0012442444032805999,9060,-11.272854293722235,9060,-0.0012442444032805999
Gangcheon Weir,2022-10-24,1,20221024T021741_20221024T022408_T52SCG,S2A_MSIL2A_20221024T021741_N0400_R003_T52SCG_20221024T053657,52SCG,2022-10-24T02:27:15.115000+00:00,-0.1213123348981308,9060,-1099.0897541770651,9060,-0.1213123348981308,-0.0013376124196211999,9060,-12.118768521768072,9060,-0.0013376124196211999
Gangcheon Weir,2022-10-29,1,20221029T021809_20221029T022341_T52SCG,S2B_MSIL2A_20221029T021809_N0400_R003_T52SCG_20221029T075219,52SCG,2022-10-29T02:27:11.499000+00:00,-0.0116088770777564,9060,-105.17642632447298,9060,-0.0116088770777564,0.00091824698119490002,9060,8.3193176496257948,9060,0.00091824698119490013
Gangcheon Weir,2023-06-16,1,20230616T021539_20230616T022203_T52SCG,S2B_MSIL2A_20230616T021539_N0509_R003_T52SCG_20230616T043833,52SCG,2023-06-16T02:27:17.569000+00:00,-0.0136667754253724,9060,-123.82098535387394,9060,-0.0136667754253724,0.00021161854617199999,9060,1.91726402831832,9060,0.00021161854617199999
Gangcheon Weir,2023-07-01,1,20230701T021541_20230701T022343_T52SCG,S2A_MSIL2A_20230701T021541_N0509_R003_T52SCG_20230701T074802,52SCG,2023-07-01T02:27:17.190000+00:00,-0.037077604693565698,9060,-335.92309852370522,9060,-0.037077604693565698,-0.024627433176182899,9060,-223.12454457621706,9060,-0.024627433176182899
Gangcheon Weir,2023-07-21,1,20230721T021541_20230721T022311_T52SCG,S2A_MSIL2A_20230721T021541_N0509_R003_T52SCG_20230721T070259,52SCG,2023-07-21T02:27:16.604000+00:00,-0.0235152133879152,9060,-213.04783329451172,9060,-0.0235152133879152,-0.031205258209247199,9060,-282.71963937577965,9060,-0.031205258209247203
Gangcheon Weir,2023-08-05,1,20230805T021539_20230805T022202_T52SCG,S2B_MSIL2A_20230805T021539_N0509_R003_T52SCG_20230805T044141,52SCG,2023-08-05T02:27:17.485000+00:00,0.026726184137515301,9060,242.13922828588863,9060,0.026726184137515301,0.0013896883954716999,9060,12.590576862973601,9060,0.0013896883954716999
Gangcheon Weir,2023-09-09,1,20230909T021541_20230909T022102_T52SCG,S2A_MSIL2A_20230909T021541_N0509_R003_T52SCG_20230909T072557,52SCG,2023-09-09T02:27:17.837000+00:00,0.0135127652525247,9060,122.42565318787379,9060,0.0135127652525247,0.0058074507718322999,9060,52.61550399280064,9060,0.0058074507718322999
Gangcheon Weir,2023-09-24,1,20230924T021539_20230924T022642_T52SCG,S2B_MSIL2A_20230924T021539_N0509_R003_T52SCG_20230924T053147,52SCG,2023-09-24T02:27:16.160000+00:00,-0.1080357656057235,9060,-978.80403638785492,9060,-0.1080357656057235,-0.0054957796463868001,9060,-49.79176359626441,9060,-0.0054957796463868001
Gangcheon Weir,2023-10-29,1,20231029T021811_20231029T022436_T52SCG,S2A_MSIL2A_20231029T021811_N0509_R003_T52SCG_20231029T052155,52SCG,2023-10-29T02:27:12.372000+00:00,-0.046373312083493601,9060,-420.14220747645203,9060,-0.046373312083493601,-0.0005168337384951,9060,-4.6825136707656059,9060,-0.0005168337384951
Gangcheon Weir,2024-05-16,1,20240516T021611_20240516T022028_T52SCG,S2A_MSIL2A_20240516T021611_N0510_R003_T52SCG_20240516T074100,52SCG,2024-05-16T02:27:15.282000+00:00,-3.1198794339916396e-05,9060,-0.28266107671964252,9060,-3.1198794339916396e-05,-0.0077481031645761003,9060,-70.197814671059461,9060,-0.0077481031645760994
Gangcheon Weir,2024-05-31,1,20240531T021529_20240531T021532_T52SCG,S2B_MSIL2A_20240531T021529_N0510_R003_T52SCG_20240531T042042,52SCG,2024-05-31T02:27:13.042000+00:00,-0.0060483777235042996,9060,-54.798302174948958,9060,-0.0060483777235042996,0.0017897570334090001,9060,16.215198722685539,9060,0.0017897570334089999
Gangcheon Weir,2024-06-10,1,20240610T021539_20240610T021535_T52SCG,S2B_MSIL2A_20240610T021539_N0510_R003_T52SCG_20240610T042021,52SCG,2024-06-10T02:27:15.826000+00:00,0.048651433349138302,8831,429.64080790624035,8831,0.048651433349138302,0.033463540626842397,8831,295.51652727564522,8831,0.033463540626842397
Gangcheon Weir,2024-08-04,1,20240804T021531_20240804T022001_T52SCG,S2A_MSIL2A_20240804T021531_N0511_R003_T52SCG_20240804T072449,52SCG,2024-08-04T02:27:14.991000+00:00,0.013003476157965,9060,117.81149399116291,9060,0.013003476157965,-0.0016314879441927999,9060,-14.781280774386767,9060,-0.0016314879441927999
Gangcheon Weir,2024-08-14,1,20240814T021601_20240814T022230_T52SCG,S2A_MSIL2A_20240814T021601_N0511_R003_T52SCG_20240814T052653,52SCG,2024-08-14T02:27:14.062000+00:00,0.060937849265894503,9060,552.09691434900424,9060,0.06093784926589451,-0.0022022178434372998,9060,-19.952093661541937,9060,-0.0022022178434372998
Gangcheon Weir,2024-08-19,1,20240819T021539_20240819T022637_T52SCG,S2B_MSIL2A_20240819T021539_N0511_R003_T52SCG_20240819T042921,52SCG,2024-08-19T02:27:14.410000+00:00,0.010269494412583499,9060,93.041619378006502,9060,0.010269494412583499,0.001112838098141,9060,10.082313169157461,9060,0.001112838098141
Gangcheon Weir,2024-08-29,1,20240829T021539_20240829T022214_T52SCG,S2B_MSIL2A_20240829T021539_N0511_R003_T52SCG_20240829T043313,52SCG,2024-08-29T02:27:14.846000+00:00,-0.0289152673233177,9060,-261.97232194925834,9060,-0.028915267323317697,0.0019507115926750999,9060,17.673447029636407,9060,0.0019507115926751001
Gangcheon Weir,2024-09-03,1,20240903T021601_20240903T022601_T52SCG,S2A_MSIL2A_20240903T021601_N0511_R003_T52SCG_20240903T072445,52SCG,2024-09-03T02:27:12.560000+00:00,0.0217365125800205,9060,196.93280397498572,9060,0.0217365125800205,0.0103253504038826,9060,93.547674659176351,9060,0.0103253504038826
Gangcheon Weir,2024-09-23,1,20240923T021531_20240923T022308_T52SCG,S2A_MSIL2A_20240923T021531_N0511_R003_T52SCG_20240923T053200,52SCG,2024-09-23T02:27:14.231000+00:00,-0.086131422610222094,9060,-780.35068884861221,9060,-0.086131422610222094,-0.028204801807253502,9060,-255.53550437371672,9060,-0.028204801807253502
Gangcheon Weir,2024-09-28,1,20240928T021529_20240928T021532_T52SCG,S2B_MSIL2A_20240928T021529_N0511_R003_T52SCG_20240928T041851,52SCG,2024-09-28T02:27:12.030000+00:00,-0.12971782238258739,9060,-1175.2434707862417,9060,-0.12971782238258739,-0.0042473851665330003,9060,-38.481309608788983,9060,-0.0042473851665330003
Gangcheon Weir,2024-10-03,1,20241003T021531_20241003T021533_T52SCG,S2A_MSIL2A_20241003T021531_N0511_R003_T52SCG_20241003T060052,52SCG,2024-10-03T02:27:14.192000+00:00,-0.12571877375571619,9060,-1139.0120902267886,9060,-0.12571877375571619,-0.0013578902354004,9060,-12.302485532727623,9060,-0.0013578902354004
Gangcheon Weir,2025-05-13,1,20250513T022131_20250513T022327_T52SCG,S2A_MSIL2A_20250513T022131_N0511_R003_T52SCG_20250513T062411,52SCG,2025-05-13T02:27:26.487000+00:00,-0.53077800722176849,8453,-4486.6664950456088,8453,-0.53077800722176849,-0.0043597893136692002,8453,-36.85329906844575,8453,-0.0043597893136692002
Gangcheon Weir,2025-06-05,1,20250605T021529_20250605T022440_T52SCG,S2B_MSIL2A_20250605T021529_N0511_R003_T52SCG_20250605T041606,52SCG,2025-06-05T02:27:12.817000+00:00,0.030552106630614501,9060,276.80208607336738,9060,0.030552106630614501,0.015276082683977701,9060,138.40130911683798,9060,0.015276082683977702
Gangcheon Weir,2025-06-22,1,20250622T022131_20250622T022128_T52SCG,S2A_MSIL2A_20250622T022131_N0511_R003_T52SCG_20250622T071517,52SCG,2025-06-22T02:27:26.841000+00:00,0.0076947823839446997,9060,69.714728398538981,9060,0.0076947823839446997,-0.0296946565298928,9060,-269.03358816082874,9060,-0.029694656529892796
Gangcheon Weir,2025-07-10,1,20250710T021631_20250710T022524_T52SCG,S2C_MSIL2A_20250710T021631_N0511_R003_T52SCG_20250710T055619,52SCG,2025-07-10T02:27:35.736000+00:00,-0.021746843768366299,9060,-197.02640454139868,9060,-0.021746843768366299,0.0050941534338893001,9060,46.153030111037062,9060,0.0050941534338893001
Gangcheon Weir,2025-07-12,1,20250712T022131_20250712T022332_T52SCG,S2A_MSIL2A_20250712T022131_N0511_R003_T52SCG_20250712T062412,52SCG,2025-07-12T02:27:31.836000+00:00,-0.013333134723421401,9060,-120.79820059419789,9060,-0.013333134723421401,0.0069011255496873999,9060,62.524197480167842,9060,0.0069011255496873999
Gangcheon Weir,2025-07-25,1,20250725T021539_20250725T022319_T52SCG,S2B_MSIL2A_20250725T021539_N0511_R003_T52SCG_20250725T041758,52SCG,2025-07-25T02:27:14.583000+00:00,-0.031240527406179101,9060,-283.03917829998267,9060,-0.031240527406179101,-0.0041825255274460004,9060,-37.893681278660765,9060,-0.0041825255274460004
Gangcheon Weir,2025-09-03,1,20250903T021529_20250903T022208_T52SCG,S2B_MSIL2A_20250903T021529_N0511_R003_T52SCG_20250903T041538,52SCG,2025-09-03T02:27:12.325000+00:00,0.018351263392819402,2927,53.71414795078239,2927,0.018351263392819402,0.0106867817058114,2927,31.280210052909968,2927,0.0106867817058114
Gangcheon Weir,2025-09-10,1,20250910T022131_20250910T022325_T52SCG,S2A_MSIL2A_20250910T022131_N0511_R003_T52SCG_20250910T062313,52SCG,2025-09-10T02:27:24.546000+00:00,-0.062634307934160402,9060,-567.46682988349323,9060,-0.062634307934160402,0.0046117979244589,9060,41.782889195597633,9060,0.0046117979244589
Gangcheon Weir,2025-10-28,1,20251028T021821_20251028T022504_T52SCG,S2C_MSIL2A_20251028T021821_N0511_R003_T52SCG_20251028T054320,52SCG,2025-10-28T02:27:25.641000+00:00,-0.1889283473844858,9060,-1711.6908273034414,9060,-0.1889283473844858,-0.0079973823719615995,9060,-72.456284289972089,9060,-0.0079973823719615995
Gangjeong-Goryeong Weir,2017-05-03,1,20170503T021611_20170503T022350_T52SDE,S2A_MSIL2A_20170503T021611_N0500_R003_T52SDE_20230925T151324,52SDE,2017-05-03T02:27:39.423000+00:00,-0.0172476480361454,9272,-159.92019259114014,9272,-0.0172476480361454,-0.0017238368194590001,9272,-15.983414990023849,9272,-0.0017238368194590001
Gangjeong-Goryeong Weir,2017-07-27,1,20170727T021559_20170727T022347_T52SDE,S2B_MSIL2A_20170727T021559_N0500_R003_T52SDE_20230919T203258,52SDE,2017-07-27T02:27:36.945000+00:00,0.044414384267501397,9211,409.10089348795537,9211,0.044414384267501397,-0.0075251297584627997,9211,-69.313970205200846,9211,-0.0075251297584627997
Gangjeong-Goryeong Weir,2017-09-12,1,20170912T020649_20170912T021455_T52SDE,S2B_MSIL2A_20170912T020649_N0500_R103_T52SDE_20230824T201656,52SDE,2017-09-12T02:17:32.342000+00:00,0.064815662971823298,9272,600.97082707474567,9272,0.064815662971823298,0.0026471354117471001,9272,24.544239537719111,9272,0.0026471354117471001
Gangjeong-Goryeong Weir,2017-09-25,1,20170925T021549_20170925T022334_T52SDE,S2B_MSIL2A_20170925T021549_N0500_R003_T52SDE_20230917T092502,52SDE,2017-09-25T02:27:23.451000+00:00,0.076132063833326505,9272,705.89649586260339,9272,0.076132063833326505,0.016637706565931901,9272,154.26481527932057,9272,0.016637706565931901
Gangjeong-Goryeong Weir,2017-10-30,1,20171030T021821_20171030T022623_T52SDE,S2A_MSIL2A_20171030T021821_N0500_R003_T52SDE_20230911T092126,52SDE,2017-10-30T02:27:36.446000+00:00,0.0140366542786893,9272,130.14785847200719,9272,0.0140366542786893,-0.0059861640363810999,9272,-55.50371294532556,9272,-0.0059861640363810999
Gangjeong-Goryeong Weir,2018-10-12,1,20181012T020651_20181012T020650_T52SDE,S2A_MSIL2A_20181012T020651_N0500_R103_T52SDE_20230729T042036,52SDE,2018-10-12T02:17:38.193000+00:00,-0.078403865334123204,9272,-726.96063937799033,9272,-0.078403865334123204,-0.044555839582910699,9272,-413.12174461274799,9272,-0.044555839582910699
Gangjeong-Goryeong Weir,2018-10-15,1,20181015T021641_20181015T022428_T52SDE,S2A_MSIL2A_20181015T021641_N0500_R003_T52SDE_20230710T053551,52SDE,2018-10-15T02:27:34.169000+00:00,-0.0145861050558053,9272,-135.24236607742674,9272,-0.0145861050558053,-0.030835490374469199,9272,-285.90666675207842,9272,-0.030835490374469199
Gangjeong-Goryeong Weir,2018-10-17,1,20181017T020649_20181017T021729_T52SDE,S2B_MSIL2A_20181017T020649_N0500_R103_T52SDE_20230709T211938,52SDE,2018-10-17T02:17:39.571000+00:00,0.0076882703832978003,9272,71.285642993937202,9272,0.0076882703832978003,-0.030257515478716801,9272,-280.54768351866215,9272,-0.030257515478716798
Gangjeong-Goryeong Weir,2018-10-20,1,20181020T021709_20181020T022232_T52SDE,S2B_MSIL2A_20181020T021709_N0510_R003_T52SDE_20250531T231417,52SDE,2018-10-20T02:27:34.358000+00:00,0.027680273651594998,9272,256.65149729758883,9272,0.027680273651594998,-0.029516590842267501,9272,-273.67783028950424,9272,-0.029516590842267498
Gangjeong-Goryeong Weir,2018-10-30,1,20181030T021819_20181030T022432_T52SDE,S2B_MSIL2A_20181030T021819_N0500_R003_T52SDE_20230707T113406,52SDE,2018-10-30T02:27:34.785000+00:00,-0.018173912334940399,9267,-168.41764560789267,9267,-0.018173912334940399,-0.024746700144524299,9267,-229.32767023930668,9267,-0.024746700144524299
Gangjeong-Goryeong Weir,2019-05-03,1,20190503T021611_20190503T021607_T52SDE,S2A_MSIL2A_20190503T021611_N0500_R003_T52SDE_20221205T094439,52SDE,2019-05-03T02:27:41.104000+00:00,-0.014527942284762899,9272,-134.70308086432161,9272,-0.014527942284762899,-0.0041009301015893004,9272,-38.023823901935991,9272,-0.0041009301015893004
Gangjeong-Goryeong Weir,2019-05-10,1,20190510T020701_20190510T020657_T52SDE,S2A_MSIL2A_20190510T020701_N0500_R103_T52SDE_20221201T133723,52SDE,2019-05-10T02:17:45.268000+00:00,-0.057525519742945098,9272,-533.37661905658695,9272,-0.057525519742945098,-0.0070240736510003999,9272,-65.127210892075709,9272,-0.0070240736510003999
Gangjeong-Goryeong Weir,2019-05-23,1,20190523T021611_20190523T022214_T52SDE,S2A_MSIL2A_20190523T021611_N0500_R003_T52SDE_20221212T010402,52SDE,2019-05-23T02:27:40.685000+00:00,-0.025218643584044902,9272,-233.82726331126432,9272,-0.025218643584044902,0.0011933854253684999,9272,11.065069664016731,9272,0.0011933854253684999
Gangjeong-Goryeong Weir,2019-05-30,1,20190530T020701_20190530T020656_T52SDE,S2A_MSIL2A_20190530T020701_N0212_R103_T52SDE_20190530T050413,52SDE,2019-05-30T02:17:44+00:00,0.0144424785556159,8728,126.05395283341558,8728,0.0144424785556159,0.0035438459041722001,8728,30.930687051614964,8728,0.0035438459041722001
Gangjeong-Goryeong Weir,2019-06-04,1,20190604T020659_20190604T020701_T52SDE,S2B_MSIL2A_20190604T020659_N0500_R103_T52SDE_20230808T145552,52SDE,2019-06-04T02:17:49.507000+00:00,0.027396909935235601,9272,254.02414891950448,9272,0.027396909935235601,-0.0017701737655068,9272,-16.413051153779051,9272,-0.0017701737655068002
Gangjeong-Goryeong Weir,2019-06-09,1,20190609T020701_20190609T020655_T52SDE,S2A_MSIL2A_20190609T020701_N0212_R103_T52SDE_20190609T050254,52SDE,2019-06-09T02:17:43+00:00,0.022180864346684901,9272,205.66097422246241,9272,0.022180864346684901,-0.0019333833192864999,9272,-17.926330136424426,9272,-0.0019333833192864997
Gangjeong-Goryeong Weir,2019-06-12,1,20190612T021611_20190612T022608_T52SDE,S2A_MSIL2A_20190612T021611_N0212_R003_T52SDE_20190612T043019,52SDE,2019-06-12T02:27:40+00:00,0.036137404587904702,9161,331.054763429795,9161,0.036137404587904702,0.020070080069764899,9161,183.86200351911623,9161,0.020070080069764899
Gangjeong-Goryeong Weir,2019-06-17,1,20190617T021609_20190617T022127_T52SDE,S2B_MSIL2A_20190617T021609_N0212_R003_T52SDE_20190617T055313,52SDE,2019-06-17T02:27:44+00:00,0.048570654340055801,5908,286.95542584104965,5908,0.048570654340055794,0.036081505889309799,5908,213.1695367940423,5908,0.036081505889309799
Gangjeong-Goryeong Weir,2019-06-22,1,20190622T021611_20190622T021607_T52SDE,S2A_MSIL2A_20190622T021611_N0212_R003_T52SDE_20190622T051801,52SDE,2019-06-22T02:27:41+00:00,0.0473835471369667,9272,439.34024905395523,9272,0.0473835471369667,0.0121635632663907,9272,112.78055860597458,9272,0.0121635632663907
Gangjeong-Goryeong Weir,2019-07-04,1,20190704T020659_20190704T020701_T52SDE,S2B_MSIL2A_20190704T020659_N0500_R103_T52SDE_20230717T171623,52SDE,2019-07-04T02:17:50.105000+00:00,0.025457263006864898,9272,236.03974259965133,9272,0.025457263006864898,-0.010535447851331601,9272,-97.684672477546599,9272,-0.010535447851331601
Gangjeong-Goryeong Weir,2019-08-01,1,20190801T021611_20190801T021608_T52SDE,S2A_MSIL2A_20190801T021611_N0213_R003_T52SDE_20190801T050256,52SDE,2019-08-01T02:27:41.941000+00:00,0.078390792238707499,9265,726.29069009162492,9265,0.078390792238707499,0.0065908761339717997,9265,61.064467381248726,9265,0.0065908761339717997
Gangjeong-Goryeong Weir,2019-08-18,1,20190818T020701_20190818T021257_T52SDE,S2A_MSIL2A_20190818T020701_N0213_R103_T52SDE_20190818T042046,52SDE,2019-08-18T02:17:44.255000+00:00,0.076876992623000295,9272,712.80347560045868,9272,0.076876992623000295,0.0079200291795498996,8258,65.403600964723069,8258,0.0079200291795498996
Gangjeong-Goryeong Weir,2019-08-26,1,20190826T021609_20190826T021607_T52SDE,S2B_MSIL2A_20190826T021609_N0213_R003_T52SDE_20190826T045559,52SDE,2019-08-26T02:27:41.887000+00:00,0.047342746143704699,9272,438.96194224442996,9272,0.047342746143704699,0.0054112432406812003,9272,50.173047327596088,9272,0.0054112432406812003
Gangjeong-Goryeong Weir,2019-09-17,1,20190917T020651_20190917T021206_T52SDE,S2A_MSIL2A_20190917T020651_N0213_R103_T52SDE_20190917T042040,52SDE,2019-09-17T02:17:37.137000+00:00,0.103919888276212,9272,963.54520409703764,9272,0.103919888276212,0.015068102193606599,9272,139.71144353912038,9272,0.015068102193606598
Gangjeong-Goryeong Weir,2019-10-10,1,20191010T021611_20191010T021609_T52SDE,S2A_MSIL2A_20191010T021611_N0213_R003_T52SDE_20191010T052518,52SDE,2019-10-10T02:27:39.964000+00:00,-0.046036214663686202,6210,-285.88489306149131,6210,-0.046036214663686202,-0.044431788343472799,6210,-275.92140561296605,6210,-0.044431788343472792
Gangjeong-Goryeong Weir,2019-10-12,1,20191012T020659_20191012T020654_T52SDE,S2B_MSIL2A_20191012T020659_N0500_R103_T52SDE_20230719T000522,52SDE,2019-10-12T02:17:42.524000+00:00,-0.0557792490795413,9272,-517.18519746550692,9272,-0.0557792490795413,-0.043019367406010402,9272,-398.87557458852842,9272,-0.043019367406010402
Gangjeong-Goryeong Weir,2019-10-20,1,20191020T021721_20191020T021716_T52SDE,S2A_MSIL2A_20191020T021721_N0213_R003_T52SDE_20191020T052106,52SDE,2019-10-20T02:27:40.534000+00:00,-0.0028392539451792,9272,-26.325562579701543,9272,-0.0028392539451792,-0.014047645486501999,9272,-130.24976895084654,9272,-0.014047645486501999
Gangjeong-Goryeong Weir,2019-10-22,1,20191022T020719_20191022T020722_T52SDE,S2B_MSIL2A_20191022T020719_N0213_R103_T52SDE_20191022T044434,52SDE,2019-10-22T02:17:42.528000+00:00,0.0072976294298148,9272,67.663620073242825,9272,0.0072976294298148,-0.0133470822515555,9272,-123.75414663642259,9272,-0.0133470822515555
Gangjeong-Goryeong Weir,2019-10-27,1,20191027T020801_20191027T020756_T52SDE,S2A_MSIL2A_20191027T020801_N0213_R103_T52SDE_20191027T050157,52SDE,2019-10-27T02:17:44.668000+00:00,0.027311850644989699,9271,253.20816732969951,9271,0.027311850644989699,-0.012870896561686799,9267,-119.27459843715157,9267,-0.012870896561686799
Gangjeong-Goryeong Weir,2019-10-30,1,20191030T021821_20191030T021819_T52SDE,S2A_MSIL2A_20191030T021821_N0500_R003_T52SDE_20230709T010057,52SDE,2019-10-30T02:27:40.543000+00:00,0.1045275685381447,9272,969.17961548567757,9272,0.1045275685381447,-0.010200047311269099,9272,-94.57483867008709,9272,-0.010200047311269099
Gangjeong-Goryeong Weir,2020-05-04,1,20200504T020701_20200504T020657_T52SDE,S2A_MSIL2A_20200504T020701_N0214_R103_T52SDE_20200504T051748,52SDE,2020-05-04T02:17:44.918000+00:00,-0.0115944984114561,9061,-105.05775010620373,9061,-0.0115944984114561,-0.0056288101012966002,9061,-51.002648327848497,9061,-0.0056288101012966002
Gangjeong-Goryeong Weir,2020-05-12,1,20200512T021559_20200512T021601_T52SDE,S2B_MSIL2A_20200512T021559_N0214_R003_T52SDE_20200512T050014,52SDE,2020-05-12T02:27:36.017000+00:00,0.0266223821412097,9272,246.84272721329634,9272,0.0266223821412097,0.015610098030828599,9272,144.73682894184279,9272,0.015610098030828601
Gangjeong-Goryeong Weir,2020-05-29,1,20200529T020659_20200529T020654_T52SDE,S2B_MSIL2A_20200529T020659_N0214_R103_T52SDE_20200529T050207,52SDE,2020-05-29T02:17:42.672000+00:00,0.0056353750636862999,9027,50.870530699896229,9027,0.0056353750636862999,-0.0014631856864821,9027,-13.208177191873917,9027,-0.0014631856864821
Gangjeong-Goryeong Weir,2020-06-01,1,20200601T021609_20200601T021604_T52SDE,S2B_MSIL2A_20200601T021609_N0214_R003_T52SDE_20200601T050555,52SDE,2020-06-01T02:27:38.928000+00:00,0.029520550889810499,8783,259.27899846520563,8783,0.029520550889810503,0.015818602313476201,8783,138.93478411926148,8783,0.015818602313476201
Gangjeong-Goryeong Weir,2020-06-08,1,20200608T020659_20200608T020655_T52SDE,S2B_MSIL2A_20200608T020659_N0214_R103_T52SDE_20200608T045438,52SDE,2020-06-08T02:17:43.544000+00:00,0.021407062950707201,9272,198.48628767895718,9272,0.021407062950707201,-0.0023713542986759,9272,-21.987197057322945,9272,-0.0023713542986759
Gangjeong-Goryeong Weir,2020-06-16,1,20200616T021611_20200616T021609_T52SDE,S2A_MSIL2A_20200616T021611_N0214_R003_T52SDE_20200616T053533,52SDE,2020-06-16T02:27:43.423000+00:00,0.029579656041933002,9272,274.26257082080281,9272,0.029579656041933005,0.018604709972557001,9272,172.50287086554852,9272,0.018604709972557001
Gangjeong-Goryeong Weir,2020-06-21,1,20200621T021609_20200621T021605_T52SDE,S2B_MSIL2A_20200621T021609_N0214_R003_T52SDE_20200621T050033,52SDE,2020-06-21T02:27:39.886000+00:00,0.062916047048143894,2339,147.16063404560856,2339,0.062916047048143894,0.030774389751079101,2339,71.981297627774012,2339,0.030774389751079097
Gangjeong-Goryeong Weir,2020-06-23,1,20200623T020701_20200623T020659_T52SDE,S2A_MSIL2A_20200623T020701_N0214_R103_T52SDE_20200623T051817,52SDE,2020-06-23T02:17:47.116000+00:00,0.073120710844092093,9256,676.8052995729164,9256,0.073120710844092093,0.024081730978255601,9256,222.90050193473385,9256,0.024081730978255601
Gangjeong-Goryeong Weir,2020-06-26,1,20200626T021611_20200626T021608_T52SDE,S2A_MSIL2A_20200626T021611_N0214_R003_T52SDE_20200626T053706,52SDE,2020-06-26T02:27:42.828000+00:00,0.0307478110873123,9217,283.40257479175744,9217,0.030747811087312296,0.0046938837081137996,9217,43.263526137684892,9217,0.0046938837081137996
Gangjeong-Goryeong Weir,2020-06-28,1,20200628T020659_20200628T020655_T52SDE,S2B_MSIL2A_20200628T020659_N0214_R103_T52SDE_20200628T044730,52SDE,2020-06-28T02:17:40.177000+00:00,0.057819230759510599,8610,497.82357683938625,8610,0.057819230759510599,0.0108900630313793,8610,93.763442700175773,8610,0.0108900630313793
Gangjeong-Goryeong Weir,2020-07-16,1,20200716T021611_20200716T021608_T52SDE,S2A_MSIL2A_20200716T021611_N0214_R003_T52SDE_20200716T053754,52SDE,2020-07-16T02:27:42.052000+00:00,0.014498374270740501,8986,130.28239119687413,8986,0.014498374270740499,0.0049007961648407997,8986,44.038554337259427,8986,0.0049007961648407997
Gangjeong-Goryeong Weir,2020-08-20,1,20200820T021609_20200820T021606_T52SDE,S2B_MSIL2A_20200820T021609_N0214_R003_T52SDE_20200820T045434,52SDE,2020-08-20T02:27:40.877000+00:00,0.090876144869905695,9272,842.60361523376559,9272,0.090876144869905695,0.0048798238746572001,9272,45.245726965821561,9272,0.0048798238746572001
Gangjeong-Goryeong Weir,2020-08-25,1,20200825T021611_20200825T021608_T52SDE,S2A_MSIL2A_20200825T021611_N0214_R003_T52SDE_20200825T053321,52SDE,2020-08-25T02:27:42.745000+00:00,0.056764198117366098,9272,526.3176449442185,9272,0.056764198117366105,0.0049503111859715001,9272,45.899285316327749,9272,0.0049503111859715001
Gangjeong-Goryeong Weir,2020-09-04,1,20200904T021611_20200904T021607_T52SDE,S2A_MSIL2A_20200904T021611_N0214_R003_T52SDE_20200904T052050,52SDE,2020-09-04T02:27:41.859000+00:00,0.0062759719219994004,9272,58.190811660778444,9272,0.0062759719219994004,-0.036809626579703499,9272,-341.29885764701083,9272,-0.036809626579703499
Gangjeong-Goryeong Weir,2020-09-14,1,20200914T021611_20200914T021607_T52SDE,S2A_MSIL2A_20200914T021611_N0214_R003_T52SDE_20200914T052323,52SDE,2020-09-14T02:27:41.457000+00:00,-0.026589103072181,8339,-221.72653051891737,8339,-0.026589103072181,-0.047064002753837798,8339,-392.4667189642534,8339,-0.047064002753837798
Gangjeong-Goryeong Weir,2020-10-01,1,20201001T020701_20201001T020659_T52SDE,S2A_MSIL2A_20201001T020701_N0214_R103_T52SDE_20201001T045717,52SDE,2020-10-01T02:17:47.057000+00:00,0.037797634353422697,9272,350.45966572493523,9272,0.037797634353422697,-0.0088016635603571005,9272,-81.609024531631036,9272,-0.0088016635603571005
Gangjeong-Goryeong Weir,2020-10-06,1,20201006T020659_20201006T020656_T52SDE,S2B_MSIL2A_20201006T020659_N0500_R103_T52SDE_20230411T043438,52SDE,2020-10-06T02:17:44.954000+00:00,0.0246170124878934,9272,228.24893978774762,9272,0.0246170124878934,-0.0155517625077361,9272,-144.19594197172913,9272,-0.015551762507736102
Gangjeong-Goryeong Weir,2020-10-19,1,20201019T021719_20201019T022536_T52SDE,S2B_MSIL2A_20201019T021719_N0214_R003_T52SDE_20201019T045725,52SDE,2020-10-19T02:27:41.037000+00:00,0.020690947783375501,7914,163.74816075763371,7914,0.020690947783375501,0.0019756921644896001,7914,15.635627789770696,7914,0.0019756921644896001
Gangjeong-Goryeong Weir,2020-10-24,1,20201024T021751_20201024T022447_T52SDE,S2A_MSIL2A_20201024T021751_N0214_R003_T52SDE_20201024T045915,52SDE,2020-10-24T02:27:42.640000+00:00,0.010363052791896501,9272,96.086225486464357,9272,0.010363052791896501,-0.0072281065529936003,9272,-67.019003959356667,9272,-0.0072281065529936012
Gangjeong-Goryeong Weir,2020-10-26,1,20201026T020759_20201026T020756_T52SDE,S2B_MSIL2A_20201026T020759_N0214_R103_T52SDE_20201026T043232,52SDE,2020-10-26T02:17:44.696000+00:00,0.0052900906144894002,9272,49.049720177545716,9272,0.0052900906144894002,-0.0063343079175979004,9268,-58.70636578029734,9268,-0.0063343079175979004
Gangjeong-Goryeong Weir,2020-10-29,1,20201029T021819_20201029T021816_T52SDE,S2B_MSIL2A_20201029T021819_N0214_R003_T52SDE_20201029T043353,52SDE,2020-10-29T02:27:40.407000+00:00,0.057023213747277798,5090,290.24815797364397,5090,0.057023213747277791,0.0030755985912125998,5090,15.654796829272133,5090,0.0030755985912125998
Gangjeong-Goryeong Weir,2021-05-09,1,20210509T020651_20210509T021025_T52SDE,S2A_MSIL2A_20210509T020651_N0300_R103_T52SDE_20210509T044903,52SDE,2021-05-09T02:17:40.444000+00:00,0.0056115880221785002,9272,52.030644141639051,9272,0.0056115880221785002,-0.0014475983089896,9272,-13.422131520951572,9272,-0.0014475983089896
Gangjeong-Goryeong Weir,2021-05-12,1,20210512T021601_20210512T022720_T52SDE,S2A_MSIL2A_20210512T021601_N0300_R003_T52SDE_20210512T041625,52SDE,2021-05-12T02:27:36.831000+00:00,0.042113817276232403,378,15.919022930415847,378,0.042113817276232403,0.041553460149491801,378,15.707207936507901,378,0.041553460149491801
Gangjeong-Goryeong Weir,2021-05-19,1,20210519T020651_20210519T020653_T52SDE,S2A_MSIL2A_20210519T020651_N0500_R103_T52SDE_20230224T152720,52SDE,2021-05-19T02:17:41.641000+00:00,-0.059147045345070703,9272,-548.41140443949553,9272,-0.059147045345070696,-0.0057818253973110998,9272,-53.609085083868514,9272,-0.0057818253973110998
Gangjeong-Goryeong Weir,2021-05-22,1,20210522T021601_20210522T022207_T52SDE,S2A_MSIL2A_20210522T021601_N0500_R003_T52SDE_20230224T233603,52SDE,2021-05-22T02:27:37.809000+00:00,0.0243858447930199,9272,226.10555292088051,9272,0.0243858447930199,0.0086256700308781995,9272,79.977212526302665,9272,0.0086256700308781995
Gangjeong-Goryeong Weir,2021-05-29,1,20210529T020651_20210529T021027_T52SDE,S2A_MSIL2A_20210529T020651_N0500_R103_T52SDE_20230227T170302,52SDE,2021-05-29T02:17:42.195000+00:00,0.054943389671547202,9272,509.43510903458565,9272,0.054943389671547202,-0.0054541494067589001,9272,-50.570873299468523,9272,-0.0054541494067589001
Gangjeong-Goryeong Weir,2021-06-21,1,20210621T021601_20210621T022255_T52SDE,S2A_MSIL2A_20210621T021601_N0300_R003_T52SDE_20210621T050048,52SDE,2021-06-21T02:27:38.058000+00:00,0.043574879594121901,8953,390.12589700617337,8953,0.043574879594121901,0.019974755096047299,8953,178.83398237491147,8953,0.019974755096047299
Gangjeong-Goryeong Weir,2021-07-28,1,20210728T020701_20210728T020656_T52SDE,S2A_MSIL2A_20210728T020701_N0301_R103_T52SDE_20210728T045236,52SDE,2021-07-28T02:17:44.752000+00:00,0.1074792641098862,8679,932.81253320970234,8679,0.1074792641098862,0.0088249889531249008,8679,76.592079124171008,8679,0.0088249889531249008
Gangjeong-Goryeong Weir,2021-08-05,1,20210805T021609_20210805T021604_T52SDE,S2B_MSIL2A_20210805T021609_N0301_R003_T52SDE_20210805T043604,52SDE,2021-08-05T02:27:38.611000+00:00,0.078503453544272697,9272,727.8840212624965,9272,0.078503453544272697,0.0059603583774695997,9272,55.264442875898126,9272,0.0059603583774695997
Gangjeong-Goryeong Weir,2021-08-07,1,20210807T020701_20210807T021029_T52SDE,S2A_MSIL2A_20210807T020701_N0301_R103_T52SDE_20210807T051852,52SDE,2021-08-07T02:17:44.203000+00:00,0.1626220383315265,3352,545.10907248727676,3352,0.16262203833152647,0.0023533796913189002,3351,7.8861753456096348,3351,0.0023533796913189002
Gangjeong-Goryeong Weir,2021-09-11,1,20210911T020649_20210911T020649_T52SDE,S2B_MSIL2A_20210911T020649_N0301_R103_T52SDE_20210911T043804,52SDE,2021-09-11T02:17:37.721000+00:00,0.0221205626597498,9272,205.10185698120014,9272,0.0221205626597498,-0.014260538105040301,9263,-132.09536446698831,9263,-0.014260538105040303
Gangjeong-Goryeong Weir,2021-09-19,1,20210919T021611_20210919T022209_T52SDE,S2A_MSIL2A_20210919T021611_N0301_R003_T52SDE_20210919T051646,52SDE,2021-09-19T02:27:39.632000+00:00,0.0014768580257752001,6568,9.7000035132915148,6568,0.0014768580257752003,0.0032586533692360998,6568,21.402835329142704,6568,0.0032586533692360998
Gangjeong-Goryeong Weir,2021-10-01,1,20211001T020649_20211001T020652_T52SDE,S2B_MSIL2A_20211001T020649_N0500_R103_T52SDE_20230111T002651,52SDE,2021-10-01T02:17:40.876000+00:00,-0.0028650815977123,9272,-26.565036573988447,9272,-0.0028650815977123,-0.0037347744075652001,9272,-34.628828306944534,9272,-0.0037347744075652001
Gangjeong-Goryeong Weir,2021-10-14,1,20211014T021639_20211014T021639_T52SDE,S2B_MSIL2A_20211014T021639_N0301_R003_T52SDE_20211014T044840,52SDE,2021-10-14T02:27:38.550000+00:00,-0.024824586526996099,9265,-229.99979417261886,9265,-0.024824586526996099,-0.0089725557393990994,9265,-83.130728925532651,9265,-0.0089725557393990994
Gangjeong-Goryeong Weir,2021-10-19,1,20211019T021721_20211019T022407_T52SDE,S2A_MSIL2A_20211019T021721_N0301_R003_T52SDE_20211019T051640,52SDE,2021-10-19T02:27:42.721000+00:00,-0.014357400876014101,8226,-118.103979606092,8226,-0.014357400876014101,-0.0096646597630626,8226,-79.501491210952949,8226,-0.0096646597630626
Gangjeong-Goryeong Weir,2021-10-24,1,20211024T021749_20211024T021743_T52SDE,S2B_MSIL2A_20211024T021749_N0301_R003_T52SDE_20211024T044140,52SDE,2021-10-24T02:27:38.899000+00:00,0.071060880056484393,4010,284.95412902650241,4010,0.071060880056484393,-0.0050202009921239002,4010,-20.131005978416841,4010,-0.0050202009921239002
Gangjeong-Goryeong Weir,2021-10-31,1,20211031T020819_20211031T020820_T52SDE,S2B_MSIL2A_20211031T020819_N0500_R103_T52SDE_20230127T035223,52SDE,2021-10-31T02:17:42.637000+00:00,-0.018292907186661,9272,-169.6118354347208,9272,-0.018292907186661,-0.010606856408722099,9272,-98.346772621671306,9272,-0.010606856408722099
Gangjeong-Goryeong Weir,2022-05-02,1,20220502T021559_20220502T021557_T52SDE,S2B_MSIL2A_20220502T021559_N0400_R003_T52SDE_20220502T044228,52SDE,2022-05-02T02:27:31.577000+00:00,0.0174677761698349,9272,161.96122064670919,9272,0.0174677761698349,0.0022206693151099002,9272,20.590045889698995,9272,0.0022206693151099002
Gangjeong-Goryeong Weir,2022-05-04,1,20220504T020701_20220504T021642_T52SDE,S2A_MSIL2A_20220504T020701_N0400_R103_T52SDE_20220504T052914,52SDE,2022-05-04T02:17:46.255000+00:00,-0.027157214820995,9272,-251.80169582026565,9272,-0.027157214820995,-0.0029277858028464001,9272,-27.146429963991821,9272,-0.0029277858028464001
Gangjeong-Goryeong Weir,2022-05-17,1,20220517T021611_20220517T022234_T52SDE,S2A_MSIL2A_20220517T021611_N0400_R003_T52SDE_20220517T055107,52SDE,2022-05-17T02:27:42.483000+00:00,0.021040637489401399,9272,195.08879080172977,9272,0.021040637489401399,0.0040918624045398,9272,37.939748214893022,9272,0.0040918624045398
Gangjeong-Goryeong Weir,2022-05-22,1,20220522T021609_20220522T022240_T52SDE,S2B_MSIL2A_20220522T021609_N0400_R003_T52SDE_20220522T050008,52SDE,2022-05-22T02:27:37.379000+00:00,0.0238461498802983,9267,220.98227094072433,9267,0.0238461498802983,0.0070623420517343001,9267,65.446723793421754,9267,0.0070623420517342992
Gangjeong-Goryeong Weir,2022-05-24,1,20220524T020701_20220524T021301_T52SDE,S2A_MSIL2A_20220524T020701_N0510_R103_T52SDE_20240616T112904,52SDE,2022-05-24T02:17:47.867000+00:00,-0.073069998893869406,9272,-677.50502974395715,9272,-0.073069998893869406,-0.0082150384265756993,9272,-76.16983629120989,9272,-0.0082150384265756993
Gangjeong-Goryeong Weir,2022-05-27,1,20220527T021611_20220527T022236_T52SDE,S2A_MSIL2A_20220527T021611_N0400_R003_T52SDE_20220527T054614,52SDE,2022-05-27T02:27:44.789000+00:00,0.0322494201281344,9272,299.01662342806213,9272,0.0322494201281344,0.0036200030661936999,9272,33.564668429747982,9272,0.0036200030661936995
Gangjeong-Goryeong Weir,2022-06-03,1,20220603T020701_20220603T021559_T52SDE,S2A_MSIL2A_20220603T020701_N0400_R103_T52SDE_20220603T055620,52SDE,2022-06-03T02:17:49.267000+00:00,0.012457995867077,9272,115.51053767953795,9272,0.012457995867077,-0.0024590829330101999,9272,-22.800616954870573,9272,-0.0024590829330101999
Gangjeong-Goryeong Weir,2022-06-16,1,20220616T021541_20220616T022208_T52SDE,S2A_MSIL2A_20220616T021541_N0400_R003_T52SDE_20220616T054811,52SDE,2022-06-16T02:27:45.586000+00:00,0.065168885947373495,9248,602.68185724131013,9248,0.065168885947373495,0.032683578325342903,9248,302.25773235277114,9248,0.032683578325342903
Gangjeong-Goryeong Weir,2022-06-18,1,20220618T020659_20220618T021309_T52SDE,S2B_MSIL2A_20220618T020659_N0400_R103_T52SDE_20220618T043051,52SDE,2022-06-18T02:17:45.506000+00:00,0.20131515097311359,9272,1866.5940798227091,9272,0.20131515097311359,-0.012292651000930801,9272,-113.97746008063038,9272,-0.012292651000930801
Gangjeong-Goryeong Weir,2022-06-21,1,20220621T021539_20220621T022216_T52SDE,S2B_MSIL2A_20220621T021539_N0400_R003_T52SDE_20220621T045243,52SDE,2022-06-21T02:27:41.876000+00:00,0.073668846422810796,9014,664.05098165521656,9014,0.073668846422810796,0.028902902494908799,9014,260.53076308910789,9014,0.028902902494908796
Gangjeong-Goryeong Weir,2022-07-01,1,20220701T021539_20220701T022213_T52SDE,S2B_MSIL2A_20220701T021539_N0400_R003_T52SDE_20220701T043554,52SDE,2022-07-01T02:27:42.482000+00:00,0.1196831663901859,9029,1080.6193093369886,9029,0.11968316639018592,0.0122384830944221,9029,110.50126385953715,9029,0.0122384830944221
Gangjeong-Goryeong Weir,2022-08-22,1,20220822T020711_20220822T021658_T52SDE,S2A_MSIL2A_20220822T020711_N0400_R103_T52SDE_20220824T143002,52SDE,2022-08-22T02:17:54.051000+00:00,0.0309035561175597,9272,286.53777232201355,9272,0.0309035561175597,-0.0033373739041999001,9272,-30.944130839741472,9272,-0.0033373739041999001
Gangjeong-Goryeong Weir,2022-09-09,1,20220909T021539_20220909T022159_T52SDE,S2B_MSIL2A_20220909T021539_N0400_R003_T52SDE_20220909T043406,52SDE,2022-09-09T02:27:36.575000+00:00,-0.033293522281184498,9272,-308.69753859114269,9272,-0.033293522281184498,-0.014130984222638299,9272,-131.02248571230231,9272,-0.014130984222638299
Gangjeong-Goryeong Weir,2022-09-24,1,20220924T021541_20220924T022204_T52SDE,S2A_MSIL2A_20220924T021541_N0400_R003_T52SDE_20220924T054059,52SDE,2022-09-24T02:27:41.633000+00:00,0.039352006622447401,9272,364.8718054033323,9272,0.039352006622447401,0.00091523875832829997,9272,8.4860937672199981,9272,0.00091523875832830008
Gangjeong-Goryeong Weir,2022-09-29,1,20220929T021529_20220929T022606_T52SDE,S2B_MSIL2A_20220929T021529_N0400_R003_T52SDE_20220929T051901,52SDE,2022-09-29T02:27:37.138000+00:00,0.018119809702731901,9272,168.00687556373018,9272,0.018119809702731901,-0.00015656367079479999,9272,-1.4516583556093856,9272,-0.00015656367079479999
Gangjeong-Goryeong Weir,2022-10-01,1,20221001T020701_20221001T021301_T52SDE,S2A_MSIL2A_20221001T020701_N0400_R103_T52SDE_20221001T052952,52SDE,2022-10-01T02:17:48.649000+00:00,0.044484088912416002,9272,412.4564723959212,9272,0.044484088912416002,0.0043143196584612001,9272,40.002371873252244,9272,0.0043143196584612001
Gangjeong-Goryeong Weir,2022-10-11,1,20221011T020701_20221011T021300_T52SDE,S2A_MSIL2A_20221011T020701_N0400_R103_T52SDE_20221011T052455,52SDE,2022-10-11T02:17:47.042000+00:00,0.066127159035097999,9272,613.13101857342861,9272,0.066127159035097999,0.00069745883917660004,9272,6.466838356845436,9272,0.00069745883917660004
Gangjeong-Goryeong Weir,2022-10-14,1,20221014T021641_20221014T022306_T52SDE,S2A_MSIL2A_20221014T021641_N0400_R003_T52SDE_20221014T054257,52SDE,2022-10-14T02:27:41.921000+00:00,0.053289823506442999,9272,494.10324355173947,9272,0.053289823506442999,-0.00025498792064309998,9272,-2.364248000202823,9272,-0.00025498792064309998
Gangjeong-Goryeong Weir,2022-10-16,1,20221016T020649_20221016T021304_T52SDE,S2B_MSIL2A_20221016T020649_N0400_R103_T52SDE_20221016T042307,52SDE,2022-10-16T02:17:40.621000+00:00,0.032026341045590399,9272,296.94823417471417,9272,0.032026341045590399,-0.0023294514305595001,9272,-21.598673664147686,9272,-0.0023294514305595001
Gangjeong-Goryeong Weir,2022-10-19,1,20221019T021709_20221019T022253_T52SDE,S2B_MSIL2A_20221019T021709_N0400_R003_T52SDE_20221019T043130,52SDE,2022-10-19T02:27:36.743000+00:00,-0.016860549299722902,9272,-156.33101310703074,9272,-0.016860549299722902,-0.0034048772591514002,9272,-31.570021946851782,9272,-0.0034048772591514002
Gangjeong-Goryeong Weir,2022-10-26,1,20221026T020749_20221026T021400_T52SDE,S2B_MSIL2A_20221026T020749_N0400_R103_T52SDE_20221026T042127,52SDE,2022-10-26T02:17:40.602000+00:00,-0.089177386001443495,9272,-826.85272300538406,9272,-0.089177386001443495,-0.0061099973768078001,9272,-56.651895677761921,9272,-0.0061099973768078001
Gangjeong-Goryeong Weir,2022-10-31,1,20221031T020821_20221031T021424_T52SDE,S2A_MSIL2A_20221031T020821_N0400_R103_T52SDE_20221031T052455,52SDE,2022-10-31T02:17:45.247000+00:00,0.044940039471213999,9272,416.68404597709622,9272,0.044940039471213999,0.0186644822435722,9272,173.05707936240145,9272,0.0186644822435722
Gangjeong-Goryeong Weir,2023-05-09,1,20230509T020651_20230509T021248_T52SDE,S2A_MSIL2A_20230509T020651_N0509_R103_T52SDE_20230509T051551,52SDE,2023-05-09T02:17:41.087000+00:00,-0.0056347456493144,9272,-52.245361660443116,9272,-0.0056347456493144,0.0044806956783931999,9272,41.54501033006175,9272,0.0044806956783931999
Gangjeong-Goryeong Weir,2023-05-14,1,20230514T020659_20230514T021257_T52SDE,S2B_MSIL2A_20230514T020659_N0509_R103_T52SDE_20230514T042809,52SDE,2023-05-14T02:17:44.853000+00:00,-0.040362869588077298,9272,-374.24452682065271,9272,-0.040362869588077298,-0.0038593754033108998,9272,-35.784128739498662,9272,-0.0038593754033108998
Gangjeong-Goryeong Weir,2023-05-17,1,20230517T021539_20230517T022202_T52SDE,S2B_MSIL2A_20230517T021539_N0509_R003_T52SDE_20230517T044103,52SDE,2023-05-17T02:27:39.333000+00:00,0.038811338501990901,9124,354.11465249216496,9124,0.038811338501990901,0.020327375638731202,9124,185.46697532778347,9124,0.020327375638731202
Gangjeong-Goryeong Weir,2023-06-06,1,20230606T021539_20230606T022202_T52SDE,S2B_MSIL2A_20230606T021539_N0509_R003_T52SDE_20230606T043948,52SDE,2023-06-06T02:27:39.386000+00:00,0.036768772156001002,9263,340.58913648103726,9263,0.036768772156001002,0.0083628077228317995,9263,77.464687936590963,9263,0.0083628077228317995
Gangjeong-Goryeong Weir,2023-06-16,1,20230616T021539_20230616T022203_T52SDE,S2B_MSIL2A_20230616T021539_N0509_R003_T52SDE_20230616T043833,52SDE,2023-06-16T02:27:40.006000+00:00,0.075068792554216293,9270,695.88770697758503,9270,0.075068792554216293,0.0131078394690314,9270,121.50967187792108,9270,0.0131078394690314
Gangjeong-Goryeong Weir,2023-06-23,1,20230623T020659_20230623T021723_T52SDE,S2B_MSIL2A_20230623T020659_N0509_R103_T52SDE_20230623T055723,52SDE,2023-06-23T02:17:45.235000+00:00,0.033113541044078203,9272,307.02875256069308,9272,0.033113541044078203,-0.0046107988070728002,9272,-42.751326539179004,9272,-0.0046107988070728002
Gangjeong-Goryeong Weir,2023-08-05,1,20230805T021539_20230805T022202_T52SDE,S2B_MSIL2A_20230805T021539_N0509_R003_T52SDE_20230805T044141,52SDE,2023-08-05T02:27:39.528000+00:00,0.0447816833961256,9272,415.21576844887659,9272,0.0447816833961256,0.0042165539000870002,9272,39.095887761606669,9272,0.0042165539000870002
Gangjeong-Goryeong Weir,2023-08-15,1,20230815T021539_20230815T021939_T52SDE,S2B_MSIL2A_20230815T021539_N0509_R003_T52SDE_20230815T052653,52SDE,2023-08-15T02:27:42.908000+00:00,0.0079225942041642999,9265,73.402835301582243,9265,0.0079225942041642999,-0.027809366897860701,9265,-257.65378430867941,9265,-0.027809366897860701
Gangjeong-Goryeong Weir,2023-09-09,1,20230909T021541_20230909T022102_T52SDE,S2A_MSIL2A_20230909T021541_N0509_R003_T52SDE_20230909T072557,52SDE,2023-09-09T02:27:42.482000+00:00,0.0632566928487239,9008,569.81628918130491,9008,0.0632566928487239,-0.0123531714527907,9008,-111.27736844673863,9008,-0.0123531714527907
Gangjeong-Goryeong Weir,2023-09-24,1,20230924T021539_20230924T022642_T52SDE,S2B_MSIL2A_20230924T021539_N0509_R003_T52SDE_20230924T053147,52SDE,2023-09-24T02:27:40.832000+00:00,-0.033027084631701099,9265,-305.99593911271069,9265,-0.033027084631701099,-0.054308232634650601,9265,-503.1657753600378,9265,-0.054308232634650601
Gangjeong-Goryeong Weir,2023-09-29,1,20230929T021531_20230929T022200_T52SDE,S2A_MSIL2A_20230929T021531_N0509_R003_T52SDE_20230929T052453,52SDE,2023-09-29T02:27:37.208000+00:00,-0.040525869714577403,9272,-375.75586399356166,9272,-0.040525869714577403,-0.018179426671657201,9272,-168.55964409960558,9272,-0.018179426671657201
Gangjeong-Goryeong Weir,2023-10-01,1,20231001T020659_20231001T021254_T52SDE,S2B_MSIL2A_20231001T020659_N0509_R103_T52SDE_20231001T042700,52SDE,2023-10-01T02:17:43.258000+00:00,-0.0452585807746698,9272,-419.63756094273839,9272,-0.0452585807746698,-0.0193510187612181,9272,-179.42264595401423,9272,-0.0193510187612181
Gangjeong-Goryeong Weir,2023-10-04,1,20231004T021529_20231004T022639_T52SDE,S2B_MSIL2A_20231004T021529_N0509_R003_T52SDE_20231004T052938,52SDE,2023-10-04T02:27:37.887000+00:00,-0.018137601707058099,9272,-168.1718430278427,9272,-0.018137601707058099,-0.018814709001668001,9272,-174.44998186346572,9272,-0.018814709001668001
Gangjeong-Goryeong Weir,2023-10-06,1,20231006T020651_20231006T021253_T52SDE,S2A_MSIL2A_20231006T020651_N0509_R103_T52SDE_20231006T052302,52SDE,2023-10-06T02:17:42.308000+00:00,0.0049993277199353002,9272,46.353766619240105,9272,0.0049993277199353002,-0.017312046985029101,9272,-160.51729964518984,9272,-0.017312046985029101
Gangjeong-Goryeong Weir,2023-10-11,1,20231011T020649_20231011T021253_T52SDE,S2B_MSIL2A_20231011T020649_N0509_R103_T52SDE_20231011T042543,52SDE,2023-10-11T02:17:43.111000+00:00,0.0180543008057958,9272,167.39947707133865,9272,0.0180543008057958,-0.0025970549869728,9272,-24.079893839211802,9272,-0.0025970549869728
Gangjeong-Goryeong Weir,2023-10-16,1,20231016T020651_20231016T021251_T52SDE,S2A_MSIL2A_20231016T020651_N0509_R103_T52SDE_20231016T051356,52SDE,2023-10-16T02:17:40.259000+00:00,0.039263157715010703,9272,364.04799833357924,9272,0.039263157715010703,-0.0037567264412899002,9272,-34.832367563639956,9272,-0.0037567264412899002
Gangjeong-Goryeong Weir,2023-10-29,1,20231029T021811_20231029T022436_T52SDE,S2A_MSIL2A_20231029T021811_N0509_R003_T52SDE_20231029T052155,52SDE,2023-10-29T02:27:37.047000+00:00,0.055015365584415499,9272,510.10246969870053,9272,0.055015365584415499,-0.010816040770616099,9272,-100.28633002515248,9272,-0.010816040770616099
Gangjeong-Goryeong Weir,2023-10-31,1,20231031T020819_20231031T021420_T52SDE,S2B_MSIL2A_20231031T020819_N0509_R103_T52SDE_20231031T042727,52SDE,2023-10-31T02:17:43.661000+00:00,0.038180899243769703,9272,354.01329778823271,9272,0.038180899243769703,-0.0110520743621527,9272,-102.47483348587984,9272,-0.0110520743621527
Gangjeong-Goryeong Weir,2024-05-03,1,20240503T020651_20240503T021443_T52SDE,S2A_MSIL2A_20240503T020651_N0510_R103_T52SDE_20240503T061350,52SDE,2024-05-03T02:17:44.228000+00:00,-0.0302213968784068,9272,-280.21279185658784,9272,-0.0302213968784068,-0.0041285968771569998,9272,-38.280350244999703,9272,-0.0041285968771569998
Gangjeong-Goryeong Weir,2024-05-13,1,20240513T020651_20240513T021436_T52SDE,S2A_MSIL2A_20240513T020651_N0510_R103_T52SDE_20240513T051859,52SDE,2024-05-13T02:17:44.509000+00:00,-0.0094710659135656995,9272,-87.815723150581164,9272,-0.0094710659135656995,-0.0034700302519230998,9272,-32.174120495830984,9272,-0.0034700302519231003
Gangjeong-Goryeong Weir,2024-05-16,1,20240516T021611_20240516T022028_T52SDE,S2A_MSIL2A_20240516T021611_N0510_R003_T52SDE_20240516T074100,52SDE,2024-05-16T02:27:39.944000+00:00,0.022602576851249501,9272,209.57109256478537,9272,0.022602576851249501,0.0021887982623347,9272,20.29453748836734,9272,0.0021887982623347
Gangjeong-Goryeong Weir,2024-05-18,1,20240518T020649_20240518T020649_T52SDE,S2B_MSIL2A_20240518T020649_N0510_R103_T52SDE_20240518T040445,52SDE,2024-05-18T02:17:39.699000+00:00,0.033870454608376802,9272,314.04685512886971,9272,0.033870454608376802,0.0042966143701777997,9272,39.838208440288561,9272,0.0042966143701777997
Gangjeong-Goryeong Weir,2024-05-31,1,20240531T021529_20240531T021532_T52SDE,S2B_MSIL2A_20240531T021529_N0510_R003_T52SDE_20240531T042042,52SDE,2024-05-31T02:27:37.724000+00:00,0.047983217690605498,9272,444.9003944272942,9272,0.047983217690605498,0.0134324180547984,9272,124.54538020409076,9272,0.0134324180547984
Gangjeong-Goryeong Weir,2024-06-10,1,20240610T021539_20240610T021535_T52SDE,S2B_MSIL2A_20240610T021539_N0510_R003_T52SDE_20240610T042021,52SDE,2024-06-10T02:27:40.499000+00:00,0.046907710039583501,9236,433.23960992559324,9236,0.046907710039583501,-0.0033521555158420001,9236,-30.960508344316711,9236,-0.0033521555158420001
Gangjeong-Goryeong Weir,2024-06-12,1,20240612T020701_20240612T021146_T52SDE,S2A_MSIL2A_20240612T020701_N0510_R103_T52SDE_20240612T053459,52SDE,2024-06-12T02:17:47.490000+00:00,0.0047683311332979003,9272,44.211966267938131,9272,0.0047683311332979003,-0.0144009687385496,9272,-133.52578214383189,9272,-0.0144009687385496
Gangjeong-Goryeong Weir,2024-07-05,1,20240705T021541_20240705T022512_T52SDE,S2A_MSIL2A_20240705T021541_N0510_R003_T52SDE_20240705T054449,52SDE,2024-07-05T02:27:39.877000+00:00,0.050408526982131503,8862,446.72036611564937,8862,0.050408526982131503,0.016623689486986001,8862,147.31913623366995,8862,0.016623689486986001
Gangjeong-Goryeong Weir,2024-07-30,1,20240730T021539_20240730T021533_T52SDE,S2B_MSIL2A_20240730T021539_N0511_R003_T52SDE_20240730T041503,52SDE,2024-07-30T02:27:38.710000+00:00,0.074169963482527995,8137,603.52099285733027,8137,0.074169963482527995,0.0047054190524965,8137,38.287994830164017,8137,0.0047054190524965
Gangjeong-Goryeong Weir,2024-08-09,1,20240809T021539_20240809T022639_T52SDE,S2B_MSIL2A_20240809T021539_N0511_R003_T52SDE_20240809T042748,52SDE,2024-08-09T02:27:41.159000+00:00,0.077956197352592793,7891,615.15235330930977,7891,0.077956197352592793,0.0080072499835002996,7891,63.185209619800865,7891,0.0080072499835002996
Gangjeong-Goryeong Weir,2024-08-14,1,20240814T021601_20240814T022230_T52SDE,S2A_MSIL2A_20240814T021601_N0511_R003_T52SDE_20240814T052653,52SDE,2024-08-14T02:27:38.739000+00:00,0.061470566233744098,926,56.921744332447034,926,0.061470566233744098,-0.0003880065728257,926,-0.35929408643659821,926,-0.0003880065728257
Gangjeong-Goryeong Weir,2024-08-24,1,20240824T021531_20240824T022206_T52SDE,S2A_MSIL2A_20240824T021531_N0511_R003_T52SDE_20240824T073115,52SDE,2024-08-24T02:27:34.897000+00:00,0.220412554995606,9272,2043.6652099192588,9272,0.220412554995606,0.0083383530967919995,9272,77.313209913455424,9272,0.0083383530967919995
Gangjeong-Goryeong Weir,2024-08-31,1,20240831T020651_20240831T020650_T52SDE,S2A_MSIL2A_20240831T020651_N0511_R103_T52SDE_20240831T060051,52SDE,2024-08-31T02:17:40.433000+00:00,0.2002328127212957,9272,1856.5586395518537,9272,0.2002328127212957,0.0021591322036355999,9272,20.019473792109281,9272,0.0021591322036355999
Gangjeong-Goryeong Weir,2024-09-05,1,20240905T020659_20240905T020653_T52SDE,S2B_MSIL2A_20240905T020659_N0511_R103_T52SDE_20240905T040210,52SDE,2024-09-05T02:17:43.984000+00:00,0.184945755428535,9272,1714.8170443333765,9272,0.184945755428535,0.0012402013219595001,9272,11.499146657208485,9272,0.0012402013219595001
Gangjeong-Goryeong Weir,2024-09-10,1,20240910T020651_20240910T020650_T52SDE,S2A_MSIL2A_20240910T020651_N0511_R103_T52SDE_20240910T054852,52SDE,2024-09-10T02:17:40.351000+00:00,0.0307213465888115,9272,284.84832557146024,9272,0.0307213465888115,0.0045562652941827002,9272,42.245691807661998,9272,0.0045562652941827002
Gangjeong-Goryeong Weir,2024-09-23,1,20240923T021531_20240923T022308_T52SDE,S2A_MSIL2A_20240923T021531_N0511_R003_T52SDE_20240923T053200,52SDE,2024-09-23T02:27:38.887000+00:00,-0.0149681773782621,8616,-128.96581629110625,8616,-0.0149681773782621,-0.038220964587788203,8616,-329.31183088838316,8616,-0.038220964587788203
Gangjeong-Goryeong Weir,2024-09-30,1,20240930T020651_20240930T020653_T52SDE,S2A_MSIL2A_20240930T020651_N0511_R103_T52SDE_20240930T055753,52SDE,2024-09-30T02:17:43.507000+00:00,0.089424543070165299,9272,829.14436334657262,9272,0.089424543070165299,-0.015397968659974301,9272,-142.76996541528172,9272,-0.015397968659974301
Gangjeong-Goryeong Weir,2024-10-05,1,20241005T020649_20241005T020652_T52SDE,S2B_MSIL2A_20241005T020649_N0511_R103_T52SDE_20241005T040520,52SDE,2024-10-05T02:17:42.212000+00:00,-0.0015450406557324999,9272,-14.32561695995174,9272,-0.0015450406557324999,-0.0143738785916831,9272,-133.2746023020857,9272,-0.0143738785916831
Gangjeong-Goryeong Weir,2024-10-08,1,20241008T021529_20241008T022704_T52SDE,S2B_MSIL2A_20241008T021529_N0511_R003_T52SDE_20241008T150637,52SDE,2024-10-08T02:27:36.798000+00:00,-0.0068097063385192001,7779,-52.972705607340856,7779,-0.0068097063385192001,-0.0031521880873342,7779,-24.52087113137274,7779,-0.0031521880873341995
Gangjeong-Goryeong Weir,2024-10-10,1,20241010T020651_20241010T020648_T52SDE,S2A_MSIL2A_20241010T020651_N0511_R103_T52SDE_20241010T055650,52SDE,2024-10-10T02:17:38.369000+00:00,-0.030469780112314299,9272,-282.51580120137817,9272,-0.030469780112314299,-0.015768817139485199,9272,-146.20847251730677,9272,-0.015768817139485199
Gangjeong-Goryeong Weir,2024-10-30,1,20241030T020821_20241030T021624_T52SDE,S2A_MSIL2A_20241030T020821_N0511_R103_T52SDE_20241030T051219,52SDE,2024-10-30T02:17:41.912000+00:00,-0.048034345798533197,9272,-445.37445424399982,9272,-0.048034345798533197,-0.016724770501753802,9272,-155.07207209226124,9272,-0.016724770501753802
Gangjeong-Goryeong Weir,2025-05-08,1,20250508T020711_20250508T020903_T52SDE,S2C_MSIL2A_20250508T020711_N0511_R103_T52SDE_20250508T055213,52SDE,2025-05-08T02:18:01.140000+00:00,-0.072212954337253707,9272,-669.55851261501641,9272,-0.072212954337253707,0.00056316147114950001,9272,5.2216331604981638,9272,0.00056316147114950001
Gangjeong-Goryeong Weir,2025-05-28,1,20250528T020711_20250528T021218_T52SDE,S2C_MSIL2A_20250528T020711_N0511_R103_T52SDE_20250528T063213,52SDE,2025-05-28T02:18:01.370000+00:00,-0.1963645516501972,9272,-1820.6921229006284,9272,-0.1963645516501972,-0.016306590595336901,9272,-151.19470799996375,9272,-0.016306590595336901
Gangjeong-Goryeong Weir,2025-05-30,1,20250530T021121_20250530T021428_T52SDE,S2A_MSIL2A_20250530T021121_N0511_R103_T52SDE_20250530T062212,52SDE,2025-05-30T02:17:58.527000+00:00,0.0018329921067237001,9272,16.995502813542146,9272,0.0018329921067236998,0.0013026427895516,9272,12.078103944722436,9272,0.0013026427895516
Gangjeong-Goryeong Weir,2025-06-05,1,20250605T021529_20250605T022440_T52SDE,S2B_MSIL2A_20250605T021529_N0511_R003_T52SDE_20250605T041606,52SDE,2025-06-05T02:27:37.503000+00:00,0.022951896358404202,4393,100.82768070246966,4393,0.022951896358404202,0.0140919209035298,4393,61.905808529206411,4393,0.0140919209035298
Gangjeong-Goryeong Weir,2025-06-07,1,20250607T020711_20250607T021157_T52SDE,S2C_MSIL2A_20250607T020711_N0511_R103_T52SDE_20250607T055113,52SDE,2025-06-07T02:18:01.858000+00:00,-0.00071008899814399996,8726,-6.1962365978045435,8726,-0.00071008899814399996,-0.0032752662661971002,8726,-28.579973438835896,8726,-0.0032752662661971002
Gangjeong-Goryeong Weir,2025-06-10,1,20250610T021551_20250610T022732_T52SDE,S2C_MSIL2A_20250610T021551_N0511_R003_T52SDE_20250610T044827,52SDE,2025-06-10T02:27:57.510000+00:00,0.037430985177346797,9216,344.96395939442806,9216,0.037430985177346797,0.0088710307342668993,9216,81.755419247003744,9216,0.0088710307342668993
Gangjeong-Goryeong Weir,2025-07-02,1,20250702T020659_20250702T020654_T52SDE,S2B_MSIL2A_20250702T020659_N0511_R103_T52SDE_20250702T034405,52SDE,2025-07-02T02:17:44.450000+00:00,0.1421980348940875,9272,1318.4601795379792,9272,0.1421980348940875,-0.0048611502258226998,9272,-45.072584893828072,9272,-0.0048611502258226998
Gangjeong-Goryeong Weir,2025-07-05,1,20250705T021539_20250705T021535_T52SDE,S2B_MSIL2A_20250705T021539_N0511_R003_T52SDE_20250705T035632,52SDE,2025-07-05T02:27:40.728000+00:00,0.075595511527182802,9272,700.92158288003895,9272,0.075595511527182802,0.022648764160317102,9272,209.99934129446018,9272,0.022648764160317102
Gangjeong-Goryeong Weir,2025-07-07,1,20250707T020711_20250707T021412_T52SDE,S2C_MSIL2A_20250707T020711_N0511_R103_T52SDE_20250707T054916,52SDE,2025-07-07T02:18:04.134000+00:00,0.092256986537430793,9272,855.40677917505832,9272,0.092256986537430793,-0.0090843431450470993,9272,-84.230029640876708,9272,-0.0090843431450470993
Gangjeong-Goryeong Weir,2025-07-09,1,20250709T021131_20250709T021441_T52SDE,S2A_MSIL2A_20250709T021131_N0511_R103_T52SDE_20250709T062417,52SDE,2025-07-09T02:18:00.206000+00:00,0.088921914151573994,9272,824.48398801339408,9272,0.088921914151573994,0.0011038542670838,9272,10.234936764400993,9272,0.0011038542670838
Gangjeong-Goryeong Weir,2025-07-10,1,20250710T021631_20250710T022524_T52SDE,S2C_MSIL2A_20250710T021631_N0511_R003_T52SDE_20250710T055619,52SDE,2025-07-10T02:28:00.375000+00:00,0.050450271144982399,8899,448.95696291919836,8899,0.050450271144982399,0.0109060943240884,8899,97.053333390062676,8899,0.0109060943240884
Gangjeong-Goryeong Weir,2025-07-25,1,20250725T021539_20250725T022319_T52SDE,S2B_MSIL2A_20250725T021539_N0511_R003_T52SDE_20250725T041758,52SDE,2025-07-25T02:27:39.267000+00:00,0.098746920082054199,9272,915.58144300080653,9272,0.098746920082054199,0.0023422560793654001,9272,21.71739836787599,9272,0.0023422560793654001
Gangjeong-Goryeong Weir,2025-07-29,1,20250729T021131_20250729T021429_T52SDE,S2A_MSIL2A_20250729T021131_N0511_R103_T52SDE_20250729T061616,52SDE,2025-07-29T02:17:59.629000+00:00,0.14587874811502011,9272,1352.5877525224664,9272,0.14587874811502011,0.00055774966178339996,9272,5.1714548640556846,9272,0.00055774966178339996
Gangjeong-Goryeong Weir,2025-07-30,1,20250730T021551_20250730T022259_T52SDE,S2C_MSIL2A_20250730T021551_N0511_R003_T52SDE_20250730T055117,52SDE,2025-07-30T02:27:58.885000+00:00,0.083928930385108,3266,274.11188663776272,3266,0.083928930385108,0.0099657646459042001,3266,32.548187333523117,3266,0.0099657646459042001
Gangjeong-Goryeong Weir,2025-08-01,2,20250801T020649_20250801T021704_T52SDE|20250801T022131_20250801T022131_T52SDE,S2B_MSIL2A_20250801T020649_N0511_R103_T52SDE_20250801T040552|S2A_MSIL2A_20250801T022131_N0511_R003_T52SDE_20250801T071659,52SDE|52SDE,2025-08-01T02:17:41.374000+00:00|2025-08-01T02:27:54.803000+00:00,-0.1115300201016516|0.035225274916762597,9272|9272,-707.49759735429097,18544,-0.038152372592444507,0.00027166450530819998|0.0012561478035255,9272|9272,14.165875727506068,18544,0.00076390615441685003
Gangjeong-Goryeong Weir,2025-08-18,1,20250818T021121_20250818T021646_T52SDE,S2A_MSIL2A_20250818T021121_N0511_R103_T52SDE_20250818T061108,52SDE,2025-08-18T02:17:54.846000+00:00,0.20993181431931709,9272,1946.4877823687082,9272,0.20993181431931709,0.0065737310760147997,9272,60.951634536809223,9272,0.0065737310760147997
Gangjeong-Goryeong Weir,2025-08-21,1,20250821T020659_20250821T020653_T52SDE,S2B_MSIL2A_20250821T020659_N0511_R103_T52SDE_20250821T035126,52SDE,2025-08-21T02:17:43.644000+00:00,0.10323718902837831,8514,878.96142738761296,8514,0.10323718902837831,0.0118629667463703,8514,101.00129887859673,8514,0.0118629667463703
Gangjeong-Goryeong Weir,2025-09-23,1,20250923T021529_20250923T022229_T52SDE,S2B_MSIL2A_20250923T021529_N0511_R003_T52SDE_20250923T041635,52SDE,2025-09-23T02:27:36.546000+00:00,0.0805967901179028,8162,657.8310009423227,8162,0.0805967901179028,0.027359890323075401,8162,223.31142481694141,8162,0.027359890323075401
Gangjeong-Goryeong Weir,2025-10-20,1,20251020T022131_20251020T022129_T52SDE,S2A_MSIL2A_20251020T022131_N0511_R003_T52SDE_20251020T071520,52SDE,2025-10-20T02:27:52.231000+00:00,0.0074479310780585003,9221,68.677372470777428,9221,0.0074479310780585003,0.019704966587675701,9221,181.69949690495764,9221,0.019704966587675701
Gangjeong-Goryeong Weir,2025-10-28,1,20251028T021821_20251028T022504_T52SDE,S2C_MSIL2A_20251028T021821_N0511_R003_T52SDE_20251028T054320,52SDE,2025-10-28T02:27:50.290000+00:00,-0.062935691172037803,9100,-572.714789665544,9100,-0.062935691172037803,-0.0113443565554564,9100,-103.23364465465323,9100,-0.0113443565554564
Gongju Weir,2017-05-03,1,20170503T021611_20170503T022350_T52SCF,S2A_MSIL2A_20170503T021611_N0500_R003_T52SCF_20230925T151324,52SCF,2017-05-03T02:27:29.037000+00:00,-0.0036382213854967002,438,-1.5935409668475546,438,-0.0036382213854967002,0.0048331576351827001,438,2.1169230442100226,438,0.0048331576351827001
Gongju Weir,2017-10-30,1,20171030T021821_20171030T022623_T52SCF,S2A_MSIL2A_20171030T021821_N0500_R003_T52SCF_20230911T092126,52SCF,2017-10-30T02:27:26.061000+00:00,-0.066553921214203504,438,-29.150617491821134,438,-0.066553921214203504,-0.0052304670243188004,438,-2.2909445566516347,438,-0.0052304670243188004
Gongju Weir,2018-06-02,1,20180602T021639_20180602T021638_T52SCF,S2B_MSIL2A_20180602T021639_N0500_R003_T52SCF_20230827T172817,52SCF,2018-06-02T02:27:23.728000+00:00,0.084628589144662397,438,37.067322045362133,438,0.084628589144662397,0.0030791196819102001,438,1.3486544206766677,438,0.0030791196819102001
Gongju Weir,2018-08-01,1,20180801T021649_20180801T022346_T52SCF,S2B_MSIL2A_20180801T021649_N0500_R003_T52SCF_20230709T134957,52SCF,2018-08-01T02:27:23.448000+00:00,0.0049762056294781996,438,2.1795780657114516,438,0.0049762056294781996,0.00026176767361289999,438,0.1146542410424502,438,0.00026176767361289999
Gongju Weir,2018-10-20,1,20181020T021709_20181020T022232_T52SCF,S2B_MSIL2A_20181020T021709_N0510_R003_T52SCF_20250531T231417,52SCF,2018-10-20T02:27:23.956000+00:00,-0.058734931732211303,438,-25.72590009870855,438,-0.058734931732211303,-0.0016025410630251,438,-0.70191298560499382,438,-0.0016025410630251
Gongju Weir,2018-10-30,1,20181030T021819_20181030T022432_T52SCF,S2B_MSIL2A_20181030T021819_N0500_R003_T52SCF_20230707T113406,52SCF,2018-10-30T02:27:24.389000+00:00,-0.00052150842296960005,438,-0.22842068926068482,438,-0.00052150842296960005,-0.00014863847719140001,438,-0.065103653009833201,438,-0.00014863847719140001
Gongju Weir,2019-05-03,1,20190503T021611_20190503T021607_T52SCF,S2A_MSIL2A_20190503T021611_N0500_R003_T52SCF_20221205T094439,52SCF,2019-05-03T02:27:30.721000+00:00,-0.013304608249126,438,-5.8274184131171882,438,-0.013304608249126,0.00092163232138610005,438,0.40367495676711185,438,0.00092163232138610016
Gongju Weir,2019-05-23,1,20190523T021611_20190523T022214_T52SCF,S2A_MSIL2A_20190523T021611_N0500_R003_T52SCF_20221212T010402,52SCF,2019-05-23T02:27:30.293000+00:00,-0.0117703979774274,438,-5.1554343141132009,438,-0.0117703979774274,-0.00071057328271930005,438,-0.3112310978310534,438,-0.00071057328271930005
Gongju Weir,2019-06-02,1,20190602T021611_20190602T021605_T52SCF,S2A_MSIL2A_20190602T021611_N0212_R003_T52SCF_20190602T052125,52SCF,2019-06-02T02:27:29+00:00,0.057065529809218897,438,24.994702056437877,438,0.057065529809218897,0.0212350606752836,438,9.300956575774217,438,0.0212350606752836
Gongju Weir,2019-06-12,1,20190612T021611_20190612T022608_T52SCF,S2A_MSIL2A_20190612T021611_N0212_R003_T52SCF_20190612T043019,52SCF,2019-06-12T02:27:29+00:00,0.083750885888999801,428,35.845379160491916,428,0.083750885888999801,0.035595940266033702,428,15.235062433862424,428,0.035595940266033702
Gongju Weir,2019-06-17,1,20190617T021609_20190617T022127_T52SCF,S2B_MSIL2A_20190617T021609_N0212_R003_T52SCF_20190617T055313,52SCF,2019-06-17T02:27:34+00:00,0.051621726510007099,438,22.610316211383108,438,0.051621726510007092,0.095987967105845395,438,42.042729592360281,438,0.095987967105845395
Gongju Weir,2019-07-02,1,20190702T021611_20190702T021608_T52SCF,S2A_MSIL2A_20190702T021611_N0212_R003_T52SCF_20190702T051730,52SCF,2019-07-02T02:27:31.742000+00:00,0.040818057815617502,52,2.1225390064121101,52,0.040818057815617502,0.036107933795022001,52,1.877612557341144,52,0.036107933795022001
Gongju Weir,2019-07-07,1,20190707T021609_20190707T021612_T52SCF,S2B_MSIL2A_20190707T021609_N0212_R003_T52SCF_20190707T044912,52SCF,2019-07-07T02:27:35+00:00,0.0913917228279153,438,40.029574598626901,438,0.0913917228279153,0.042847745150022702,438,18.767312375709942,438,0.042847745150022695
Gongju Weir,2019-08-11,1,20190811T021611_20190811T022620_T52SCF,S2A_MSIL2A_20190811T021611_N0213_R003_T52SCF_20190811T062028,52SCF,2019-08-11T02:27:30.647000+00:00,0.099377116902591794,438,43.527177203335206,438,0.099377116902591794,0.020288784596634399,438,8.886487653325867,438,0.020288784596634399
Gongju Weir,2019-08-26,1,20190826T021609_20190826T021607_T52SCF,S2B_MSIL2A_20190826T021609_N0213_R003_T52SCF_20190826T045559,52SCF,2019-08-26T02:27:31.494000+00:00,0.1296393421924659,438,56.78203188030006,438,0.1296393421924659,0.032562992502689798,438,14.262590716178131,438,0.032562992502689798
Gongju Weir,2019-09-15,1,20190915T021609_20190915T022124_T52SCF,S2B_MSIL2A_20190915T021609_N0213_R003_T52SCF_20190915T054932,52SCF,2019-09-15T02:27:26.929000+00:00,0.049557048605369802,436,21.606873191941233,436,0.049557048605369802,0.0185105171481065,436,8.0705854765744345,436,0.0185105171481065
Gongju Weir,2019-09-30,1,20190930T021601_20190930T021604_T52SCF,S2A_MSIL2A_20190930T021601_N0500_R003_T52SCF_20230707T024625,52SCF,2019-09-30T02:27:28.496000+00:00,0.065764128085304699,438,28.804688101363457,438,0.065764128085304699,-0.0010023411778564001,438,-0.43902543590110321,438,-0.0010023411778564001
Gongju Weir,2019-10-15,1,20191015T021639_20191015T021642_T52SCF,S2B_MSIL2A_20191015T021639_N0213_R003_T52SCF_20191015T045544,52SCF,2019-10-15T02:27:28.151000+00:00,0.063966086090208499,427,27.313518760519027,427,0.063966086090208499,0.015745052458720099,427,6.7231373998734822,427,0.015745052458720099
Gongju Weir,2019-10-20,1,20191020T021721_20191020T021716_T52SCF,S2A_MSIL2A_20191020T021721_N0213_R003_T52SCF_20191020T052106,52SCF,2019-10-20T02:27:30.154000+00:00,0.0260415237186266,438,11.40618738875845,438,0.0260415237186266,0.0044637299595485002,438,1.955113722282243,438,0.0044637299595485002
Gongju Weir,2019-10-30,1,20191030T021821_20191030T021819_T52SCF,S2A_MSIL2A_20191030T021821_N0500_R003_T52SCF_20230709T010057,52SCF,2019-10-30T02:27:30.164000+00:00,0.0285731510616422,438,12.515040164999283,438,0.028573151061642196,0.0135851813299037,438,5.9503094224978206,438,0.0135851813299037
Gongju Weir,2020-05-07,1,20200507T021611_20200507T021607_T52SCF,S2A_MSIL2A_20200507T021611_N0214_R003_T52SCF_20200507T052627,52SCF,2020-05-07T02:27:30.952000+00:00,0.022754913203240499,435,9.8983872434096174,435,0.022754913203240499,0.0057458557844572997,435,2.4994472662389255,435,0.0057458557844572997
Gongju Weir,2020-05-12,1,20200512T021559_20200512T021601_T52SCF,S2B_MSIL2A_20200512T021559_N0214_R003_T52SCF_20200512T050014,52SCF,2020-05-12T02:27:25.623000+00:00,0.051997122797419901,336,17.471033259933087,336,0.051997122797419901,0.073148230820881302,336,24.577805555816116,336,0.073148230820881302
Gongju Weir,2020-06-01,1,20200601T021609_20200601T021604_T52SCF,S2B_MSIL2A_20200601T021609_N0214_R003_T52SCF_20200601T050555,52SCF,2020-06-01T02:27:28.534000+00:00,0.043503171649400603,438,19.054389182437465,438,0.043503171649400603,0.0113420847270104,438,4.9678331104305551,438,0.0113420847270104
Gongju Weir,2020-06-06,1,20200606T021611_20200606T021609_T52SCF,S2A_MSIL2A_20200606T021611_N0214_R003_T52SCF_20200606T052013,52SCF,2020-06-06T02:27:33.246000+00:00,0.039763457638782598,438,17.416394445786779,438,0.039763457638782598,0.0059171486196237999,438,2.5917110953952243,438,0.0059171486196237999
Gongju Weir,2020-06-16,1,20200616T021611_20200616T021609_T52SCF,S2A_MSIL2A_20200616T021611_N0214_R003_T52SCF_20200616T053533,52SCF,2020-06-16T02:27:33.032000+00:00,0.086128109574129003,438,37.724111993468505,438,0.086128109574129003,0.040604423528948601,438,17.784737505679487,438,0.040604423528948601
Gongju Weir,2020-06-21,1,20200621T021609_20200621T021605_T52SCF,S2B_MSIL2A_20200621T021609_N0214_R003_T52SCF_20200621T050033,52SCF,2020-06-21T02:27:29.493000+00:00,0.088151187181259694,435,38.345766423847969,435,0.088151187181259694,0.024050409594948498,435,10.461928173802598,435,0.024050409594948498
Gongju Weir,2020-07-21,1,20200721T021609_20200721T021604_T52SCF,S2B_MSIL2A_20200721T021609_N0214_R003_T52SCF_20200721T045342,52SCF,2020-07-21T02:27:28.732000+00:00,0.081311404307759794,438,35.614395086798787,438,0.081311404307759794,0.011305331735316801,438,4.9517353000687585,438,0.011305331735316801
Gongju Weir,2020-08-20,1,20200820T021609_20200820T021606_T52SCF,S2B_MSIL2A_20200820T021609_N0214_R003_T52SCF_20200820T045434,52SCF,2020-08-20T02:27:30.482000+00:00,0.087225232054571306,438,38.204651639902231,438,0.087225232054571306,0.066736000693665407,438,29.230368303825447,438,0.066736000693665407
Gongju Weir,2020-08-25,1,20200825T021611_20200825T021608_T52SCF,S2A_MSIL2A_20200825T021611_N0214_R003_T52SCF_20200825T053321,52SCF,2020-08-25T02:27:32.350000+00:00,0.10994649003868739,438,48.156562636945075,438,0.10994649003868738,0.011266717740826,438,4.934822370481788,438,0.011266717740826
Gongju Weir,2020-09-04,1,20200904T021611_20200904T021607_T52SCF,S2A_MSIL2A_20200904T021611_N0214_R003_T52SCF_20200904T052050,52SCF,2020-09-04T02:27:31.467000+00:00,0.0828620370410003,15,1.2429305556150045,15,0.0828620370410003,0.059980549051482999,15,0.89970823577224501,15,0.059980549051482999
Gongju Weir,2020-09-14,1,20200914T021611_20200914T021607_T52SCF,S2A_MSIL2A_20200914T021611_N0214_R003_T52SCF_20200914T052323,52SCF,2020-09-14T02:27:31.077000+00:00,0.035838548419635699,391,14.012872432077558,391,0.035838548419635699,0.020457438394179302,391,7.9988584121241066,391,0.020457438394179302
Gongju Weir,2020-09-24,1,20200924T021611_20200924T021608_T52SCF,S2A_MSIL2A_20200924T021611_N0214_R003_T52SCF_20200924T053235,52SCF,2020-09-24T02:27:32.145000+00:00,0.056400971923596603,438,24.703625702535312,438,0.056400971923596603,0.0058406633071049997,438,2.55821052851199,438,0.0058406633071049997
Gongju Weir,2020-10-09,1,20201009T021609_20201009T021609_T52SCF,S2B_MSIL2A_20201009T021609_N0214_R003_T52SCF_20201009T045242,52SCF,2020-10-09T02:27:30.606000+00:00,0.055732077141933102,438,24.410649788166698,438,0.055732077141933102,0.0034911311699833002,438,1.5291154524526855,438,0.0034911311699833002
Gongju Weir,2020-10-19,1,20201019T021719_20201019T022536_T52SCF,S2B_MSIL2A_20201019T021719_N0214_R003_T52SCF_20201019T045725,52SCF,2020-10-19T02:27:30.634000+00:00,0.027112934689960198,438,11.875465394202568,438,0.027112934689960202,0.0026514037312468002,438,1.1613148342860984,438,0.0026514037312467998
Gongju Weir,2020-10-24,1,20201024T021751_20201024T022447_T52SCF,S2A_MSIL2A_20201024T021751_N0500_R003_T52SCF_20230427T115410,52SCF,2020-10-24T02:27:32.261000+00:00,-0.1160133088196821,438,-50.813829263020757,438,-0.1160133088196821,-0.0046784322866648001,438,-2.0491533415591823,438,-0.0046784322866648001
Gongju Weir,2021-05-02,1,20210502T021601_20210502T022719_T52SCF,S2A_MSIL2A_20210502T021601_N0300_R003_T52SCF_20210502T041531,52SCF,2021-05-02T02:27:28.195000+00:00,0.050857800833228897,306,15.562487054968043,306,0.050857800833228897,0.048741351425870098,306,14.914853536316251,306,0.048741351425870098
Gongju Weir,2021-05-22,1,20210522T021601_20210522T022207_T52SCF,S2A_MSIL2A_20210522T021601_N0500_R003_T52SCF_20230224T233603,52SCF,2021-05-22T02:27:27.417000+00:00,0.039346540448735097,438,17.233784716545973,438,0.039346540448735097,0.0066859057139833002,438,2.9284267027246855,438,0.0066859057139833002
Gongju Weir,2021-06-21,1,20210621T021601_20210621T022255_T52SCF,S2A_MSIL2A_20210621T021601_N0300_R003_T52SCF_20210621T050048,52SCF,2021-06-21T02:27:27.664000+00:00,0.0407341233238772,438,17.841546015858214,438,0.0407341233238772,0.012023090197707,438,5.2661135065956657,438,0.012023090197706999
Gongju Weir,2021-07-26,1,20210726T021609_20210726T021605_T52SCF,S2B_MSIL2A_20210726T021609_N0301_R003_T52SCF_20210726T043052,52SCF,2021-07-26T02:27:28.907000+00:00,0.036281272246723999,438,15.891197244065111,438,0.036281272246723999,0.0016349371346888999,436,0.71283259072436034,436,0.0016349371346888999
Gongju Weir,2021-07-31,1,20210731T021611_20210731T022724_T52SCF,S2A_MSIL2A_20210731T021611_N0301_R003_T52SCF_20210731T041630,52SCF,2021-07-31T02:27:33.384000+00:00,0.10310965088879839,114,11.754500201323017,114,0.10310965088879839,0.056188321971747099,114,6.4054687047791692,114,0.056188321971747099
Gongju Weir,2021-08-05,1,20210805T021609_20210805T021604_T52SCF,S2B_MSIL2A_20210805T021609_N0301_R003_T52SCF_20210805T043604,52SCF,2021-08-05T02:27:28.214000+00:00,0.078496725567092807,438,34.381565798386646,438,0.078496725567092793,0.017004046814239799,438,7.4477725046370322,438,0.017004046814239799
Gongju Weir,2021-08-15,1,20210815T021609_20210815T022417_T52SCF,S2B_MSIL2A_20210815T021609_N0301_R003_T52SCF_20210815T045832,52SCF,2021-08-15T02:27:27.025000+00:00,0.088437975682043798,438,38.735833348735184,438,0.088437975682043798,0.016543641571399301,438,7.246115008272894,438,0.016543641571399301
Gongju Weir,2021-09-19,1,20210919T021611_20210919T022209_T52SCF,S2A_MSIL2A_20210919T021611_N0301_R003_T52SCF_20210919T051646,52SCF,2021-09-19T02:27:29.250000+00:00,0.031587880301506499,438,13.835491572059846,438,0.031587880301506499,0.0047014952074240996,438,2.0592549008517556,438,0.0047014952074240996
Gongju Weir,2021-09-24,1,20210924T021559_20210924T021601_T52SCF,S2B_MSIL2A_20210924T021559_N0301_R003_T52SCF_20210924T044840,52SCF,2021-09-24T02:27:24.939000+00:00,0.070133800712576994,436,30.57833711068357,436,0.070133800712576994,0.0025579599323542002,436,1.1152705305064312,436,0.0025579599323542002
Gongju Weir,2021-10-09,1,20211009T021611_20211009T022726_T52SCF,S2A_MSIL2A_20211009T021611_N0301_R003_T52SCF_20211009T042046,52SCF,2021-10-09T02:27:35.367000+00:00,0.072162024096894095,438,31.606966554439612,438,0.072162024096894095,0.036593296473800802,438,16.02786385552475,438,0.036593296473800802
Gongju Weir,2021-10-14,1,20211014T021639_20211014T021639_T52SCF,S2B_MSIL2A_20211014T021639_N0301_R003_T52SCF_20211014T044840,52SCF,2021-10-14T02:27:28.156000+00:00,0.0071691307663672996,438,3.1400792756688771,438,0.0071691307663672996,0.017262791438594199,438,7.5611026501042593,438,0.017262791438594199
Gongju Weir,2021-10-24,1,20211024T021749_20211024T021743_T52SCF,S2B_MSIL2A_20211024T021749_N0301_R003_T52SCF_20211024T044140,52SCF,2021-10-24T02:27:28.506000+00:00,0.017230449785634198,438,7.546937006107779,438,0.017230449785634198,0.0021245698556545999,438,0.93056159677671479,438,0.0021245698556545999
Gongju Weir,2021-10-29,1,20211029T021821_20211029T021817_T52SCF,S2A_MSIL2A_20211029T021821_N0301_R003_T52SCF_20211029T050825,52SCF,2021-10-29T02:27:31.689000+00:00,0.0232404894576131,438,10.179334382434538,438,0.0232404894576131,-0.00047177153819740001,432,-0.20380530450127682,432,-0.00047177153819740006
Gongju Weir,2022-05-17,1,20220517T021611_20220517T022234_T52SCF,S2A_MSIL2A_20220517T021611_N0400_R003_T52SCF_20220517T055107,52SCF,2022-05-17T02:27:32.099000+00:00,0.0038474791799283999,438,1.6851958808086391,438,0.0038474791799283999,0.0013578023622083,438,0.59471743464723537,438,0.0013578023622083
Gongju Weir,2022-05-22,1,20220522T021609_20220522T022240_T52SCF,S2B_MSIL2A_20220522T021609_N0510_R003_T52SCF_20240614T102159,52SCF,2022-05-22T02:27:27.066000+00:00,-0.0558492867380425,438,-24.461987591262616,438,-0.0558492867380425,-0.018953826592580599,438,-8.3017760475503017,438,-0.018953826592580599
Gongju Weir,2022-05-27,1,20220527T021611_20220527T022236_T52SCF,S2A_MSIL2A_20220527T021611_N0400_R003_T52SCF_20220527T054614,52SCF,2022-05-27T02:27:34.401000+00:00,-0.025184360604794901,438,-11.030749944900167,438,-0.025184360604794901,-0.0056472190728708996,438,-2.473481953917454,438,-0.0056472190728708996
Gongju Weir,2022-06-01,1,20220601T021559_20220601T022239_T52SCF,S2B_MSIL2A_20220601T021559_N0400_R003_T52SCF_20220601T044554,52SCF,2022-06-01T02:27:26.717000+00:00,-0.0042963083753105001,438,-1.8817830683859991,438,-0.0042963083753105001,0.0012273558502682001,438,0.53758186241747163,438,0.0012273558502682001
Gongju Weir,2022-06-11,1,20220611T021539_20220611T022211_T52SCF,S2B_MSIL2A_20220611T021539_N0400_R003_T52SCF_20220611T045008,52SCF,2022-06-11T02:27:29.423000+00:00,-0.00077238326097909995,438,-0.33830386830884579,438,-0.00077238326097909995,-0.011131901459958401,438,-4.8757728394617796,438,-0.011131901459958401
Gongju Weir,2022-06-21,1,20220621T021539_20220621T022216_T52SCF,S2B_MSIL2A_20220621T021539_N0400_R003_T52SCF_20220621T045243,52SCF,2022-06-21T02:27:31.494000+00:00,0.096284846975161903,438,42.172762975120911,438,0.096284846975161903,0.045805035838904898,438,20.062605697440347,438,0.045805035838904905
Gongju Weir,2022-09-09,1,20220909T021539_20220909T022159_T52SCF,S2B_MSIL2A_20220909T021539_N0400_R003_T52SCF_20220909T043406,52SCF,2022-09-09T02:27:28.862000+00:00,0.091157506480143702,438,39.926987838302942,438,0.091157506480143702,0.0055677063804383002,438,2.4386553946319753,438,0.0055677063804383002
Gongju Weir,2022-09-24,1,20220924T021541_20220924T022204_T52SCF,S2A_MSIL2A_20220924T021541_N0400_R003_T52SCF_20220924T054059,52SCF,2022-09-24T02:27:33.971000+00:00,0.062679446164768601,438,27.453597420168649,438,0.062679446164768601,0.0090022269835659998,438,3.9429754188019079,438,0.0090022269835659998
Gongju Weir,2022-09-29,1,20220929T021529_20220929T022606_T52SCF,S2B_MSIL2A_20220929T021529_N0400_R003_T52SCF_20220929T051901,52SCF,2022-09-29T02:27:26.747000+00:00,0.0057812670582188998,438,2.5321949714998779,438,0.005781267058218899,0.0034371222572953,438,1.5054595486953415,438,0.0034371222572953
Gongju Weir,2022-10-19,1,20221019T021709_20221019T022253_T52SCF,S2B_MSIL2A_20221019T021709_N0400_R003_T52SCF_20221019T043130,52SCF,2022-10-19T02:27:26.351000+00:00,0.0032064518210633002,438,1.4044258976257256,438,0.0032064518210633002,0.0029139668287976,438,1.2763174710133489,438,0.0029139668287976005
Gongju Weir,2022-10-24,1,20221024T021741_20221024T022408_T52SCF,S2A_MSIL2A_20221024T021741_N0400_R003_T52SCF_20221024T053657,52SCF,2022-10-24T02:27:29.413000+00:00,-0.016134188398888,438,-7.0667745187129443,438,-0.016134188398888,0.0031382253003625002,438,1.3745426815587751,438,0.0031382253003625002
Gongju Weir,2022-10-29,1,20221029T021809_20221029T022341_T52SCF,S2B_MSIL2A_20221029T021809_N0400_R003_T52SCF_20221029T075219,52SCF,2022-10-29T02:27:25.783000+00:00,-0.0280598824209406,438,-12.290228500371983,438,-0.0280598824209406,-0.0001185631466093,438,-0.051930658214873401,438,-0.0001185631466093
Gongju Weir,2023-06-06,1,20230606T021539_20230606T022202_T52SCF,S2B_MSIL2A_20230606T021539_N0509_R003_T52SCF_20230606T043948,52SCF,2023-06-06T02:27:31.516000+00:00,0.017971227136861698,438,7.8713974859454243,438,0.017971227136861698,-0.0026287122247787001,438,-1.1513759544530706,438,-0.0026287122247787001
Gongju Weir,2023-06-16,1,20230616T021539_20230616T022203_T52SCF,S2B_MSIL2A_20230616T021539_N0509_R003_T52SCF_20230616T043833,52SCF,2023-06-16T02:27:31.851000+00:00,0.024108956065666501,438,10.559722756761927,438,0.024108956065666501,-0.0019326316340907001,438,-0.84649265573172661,438,-0.0019326316340907001
Gongju Weir,2023-07-21,1,20230721T021541_20230721T022311_T52SCF,S2A_MSIL2A_20230721T021541_N0509_R003_T52SCF_20230721T070259,52SCF,2023-07-21T02:27:30.889000+00:00,0.031902413864861201,438,13.973257272809207,438,0.031902413864861201,0.0089231749425913998,438,3.908350624855033,438,0.0089231749425913998
Gongju Weir,2023-08-05,1,20230805T021539_20230805T022202_T52SCF,S2B_MSIL2A_20230805T021539_N0509_R003_T52SCF_20230805T044141,52SCF,2023-08-05T02:27:31.771000+00:00,0.074423260368025906,438,32.597388041195344,438,0.074423260368025906,0.055457951139941598,438,24.290582599294421,438,0.055457951139941598
Gongju Weir,2023-08-15,1,20230815T021539_20230815T021939_T52SCF,S2B_MSIL2A_20230815T021539_N0509_R003_T52SCF_20230815T052653,52SCF,2023-08-15T02:27:32.521000+00:00,0.097116875625190599,438,42.537191523833485,438,0.097116875625190599,0.0525058514804898,438,22.997562948454533,438,0.0525058514804898
Gongju Weir,2023-09-09,1,20230909T021541_20230909T022102_T52SCF,S2A_MSIL2A_20230909T021541_N0509_R003_T52SCF_20230909T072557,52SCF,2023-09-09T02:27:32.097000+00:00,0.062577854378919898,438,27.409100217966916,438,0.062577854378919898,0.010571367752106599,438,4.63025907542269,438,0.010571367752106597
Gongju Weir,2023-09-24,1,20230924T021539_20230924T022642_T52SCF,S2B_MSIL2A_20230924T021539_N0509_R003_T52SCF_20230924T053147,52SCF,2023-09-24T02:27:30.436000+00:00,0.0268335351284434,438,11.753088386258209,438,0.0268335351284434,-0.011761083178147501,438,-5.1513544320286053,438,-0.011761083178147501
Gongju Weir,2023-10-29,1,20231029T021811_20231029T022436_T52SCF,S2A_MSIL2A_20231029T021811_N0509_R003_T52SCF_20231029T052155,52SCF,2023-10-29T02:27:26.658000+00:00,0.033008869422788002,438,14.457884807181145,438,0.033008869422788002,0.0041603096214037003,438,1.8222156141748207,438,0.0041603096214037003
Gongju Weir,2024-05-16,1,20240516T021611_20240516T022028_T52SCF,S2A_MSIL2A_20240516T021611_N0510_R003_T52SCF_20240516T074100,52SCF,2024-05-16T02:27:29.562000+00:00,0.041527999749777597,438,18.189263890402586,438,0.04152799974977759,0.0033786408759274998,438,1.479844703656245,438,0.0033786408759274998
Gongju Weir,2024-05-31,1,20240531T021529_20240531T021532_T52SCF,S2B_MSIL2A_20240531T021529_N0510_R003_T52SCF_20240531T042042,52SCF,2024-05-31T02:27:27.331000+00:00,-0.0091794050533225008,438,-4.0205794133552555,438,-0.0091794050533225008,-0.0012955162459465999,438,-0.56743611572461072,438,-0.0012955162459465999
Gongju Weir,2024-06-10,1,20240610T021539_20240610T021535_T52SCF,S2B_MSIL2A_20240610T021539_N0510_R003_T52SCF_20240610T042021,52SCF,2024-06-10T02:27:30.105000+00:00,0.0122653948732878,438,5.3722429545000567,438,0.0122653948732878,-0.0041624967258629998,438,-1.823173565927994,438,-0.0041624967258629998
Gongju Weir,2024-08-14,1,20240814T021601_20240814T022230_T52SCF,S2A_MSIL2A_20240814T021601_N0511_R003_T52SCF_20240814T052653,52SCF,2024-08-14T02:27:28.344000+00:00,0.079564278632853494,438,34.849154041189827,438,0.07956427863285348,0.013564577094646601,438,5.9412847674552109,438,0.013564577094646601
Gongju Weir,2024-08-19,1,20240819T021539_20240819T022637_T52SCF,S2B_MSIL2A_20240819T021539_N0511_R003_T52SCF_20240819T042921,52SCF,2024-08-19T02:27:28.694000+00:00,0.094724069503050803,422,39.973557330287441,422,0.094724069503050803,0.015257402610950399,422,6.4386239018210683,422,0.015257402610950399
Gongju Weir,2024-08-29,1,20240829T021539_20240829T022214_T52SCF,S2B_MSIL2A_20240829T021539_N0511_R003_T52SCF_20240829T043313,52SCF,2024-08-29T02:27:29.125000+00:00,0.1215211982612104,438,53.226284838410152,438,0.1215211982612104,0.0021869615429263001,438,0.95788915580171941,438,0.0021869615429263001
Gongju Weir,2024-09-03,1,20240903T021601_20240903T022601_T52SCF,S2A_MSIL2A_20240903T021601_N0511_R003_T52SCF_20240903T072445,52SCF,2024-09-03T02:27:26.836000+00:00,0.1244213794936652,430,53.50119318227604,430,0.1244213794936652,0.046845145810262001,430,20.143412698412661,430,0.046845145810262001
Gongju Weir,2024-09-08,1,20240908T021539_20240908T022403_T52SCF,S2B_MSIL2A_20240908T021539_N0511_R003_T52SCF_20240908T043148,52SCF,2024-09-08T02:27:29.324000+00:00,0.066878057348079903,438,29.292589118458999,438,0.066878057348079903,0.0339433374985584,438,14.867181824368579,438,0.0339433374985584
Gongju Weir,2024-09-23,1,20240923T021531_20240923T022308_T52SCF,S2A_MSIL2A_20240923T021531_N0511_R003_T52SCF_20240923T053200,52SCF,2024-09-23T02:27:28.510000+00:00,-0.0084832647986504001,438,-3.7156699818088752,438,-0.0084832647986504001,-0.0276258067782407,438,-12.100103368869426,438,-0.0276258067782407
Gongju Weir,2025-06-05,1,20250605T021529_20250605T022440_T52SCF,S2B_MSIL2A_20250605T021529_N0511_R003_T52SCF_20250605T041606,52SCF,2025-06-05T02:27:27.102000+00:00,0.0312872985626933,438,13.703836770459665,438,0.0312872985626933,0.0100672735145781,438,4.4094657993852078,438,0.0100672735145781
Gongju Weir,2025-06-15,1,20250615T021529_20250615T021530_T52SCF,S2B_MSIL2A_20250615T021529_N0511_R003_T52SCF_20250615T035315,52SCF,2025-06-15T02:27:25.795000+00:00,0.047100032874495198,437,20.582714366154402,437,0.047100032874495198,0.0104190267308046,437,4.5531146813616106,437,0.0104190267308046
Gongju Weir,2025-07-10,1,20250710T021631_20250710T022524_T52SCF,S2C_MSIL2A_20250710T021631_N0511_R003_T52SCF_20250710T055619,52SCF,2025-07-10T02:27:50+00:00,0.048302270807339599,438,21.156394613614744,438,0.048302270807339599,0.0063478976737013004,438,2.7803791810811695,438,0.0063478976737013004
Gongju Weir,2025-07-25,1,20250725T021539_20250725T022319_T52SCF,S2B_MSIL2A_20250725T021539_N0511_R003_T52SCF_20250725T041758,52SCF,2025-07-25T02:27:28.870000+00:00,0.13831675859165171,438,60.58274026314345,438,0.13831675859165171,0.0081650170340688,438,3.5762774609221344,438,0.0081650170340688
Gongju Weir,2025-08-01,1,20250801T022131_20250801T022131_T52SCF,S2A_MSIL2A_20250801T022131_N0511_R003_T52SCF_20250801T071659,52SCF,2025-08-01T02:27:44.418000+00:00,0.047118123506215498,438,20.637738095722387,438,0.047118123506215498,0.0043660812058216999,438,1.9123435681499046,438,0.0043660812058216999
Gongju Weir,2025-09-03,1,20250903T021529_20250903T022208_T52SCF,S2B_MSIL2A_20250903T021529_N0511_R003_T52SCF_20250903T041538,52SCF,2025-09-03T02:27:26.612000+00:00,0.1045841187406655,438,45.807844008411493,438,0.1045841187406655,0.0061870916860072003,438,2.7099461584711539,438,0.0061870916860072012
Gongju Weir,2025-10-28,1,20251028T021821_20251028T022504_T52SCF,S2C_MSIL2A_20251028T021821_N0511_R003_T52SCF_20251028T054320,52SCF,2025-10-28T02:27:39.911000+00:00,0.015249910745713101,438,6.6794609066223378,438,0.015249910745713101,-0.00079719698225110003,438,-0.34917227822598179,438,-0.00079719698225110003
Gumi Weir,2017-05-03,1,20170503T021611_20170503T022350_T52SDF,S2A_MSIL2A_20170503T021611_N0500_R003_T52SDF_20230925T151324,52SDF,2017-05-03T02:27:24.879000+00:00,-0.031109144157351401,1308,-40.690760557815629,1308,-0.031109144157351398,-0.00018922616686109999,1308,-0.24750782625431877,1308,-0.00018922616686109999
Gumi Weir,2017-07-27,1,20170727T021559_20170727T022347_T52SDF,S2B_MSIL2A_20170727T021559_N0500_R003_T52SDF_20230919T203258,52SDF,2017-07-27T02:27:22.398000+00:00,0.020183327100580399,1308,26.399791847559161,1308,0.020183327100580399,-0.0011461608784876,1308,-1.4991784290617807,1308,-0.0011461608784876
Gumi Weir,2017-10-30,1,20171030T021821_20171030T022623_T52SDF,S2A_MSIL2A_20171030T021821_N0500_R003_T52SDF_20230911T092126,52SDF,2017-10-30T02:27:21.895000+00:00,0.067107320352371796,1308,87.776375020902307,1308,0.067107320352371796,-0.0012449422832702,1308,-1.6283845065174216,1308,-0.0012449422832702
Gumi Weir,2018-06-02,1,20180602T021639_20180602T021638_T52SDF,S2B_MSIL2A_20180602T021639_N0500_R003_T52SDF_20230827T172817,52SDF,2018-06-02T02:27:19.546000+00:00,0.059035752835530503,1308,77.218764708873891,1308,0.059035752835530496,0.020000462986659601,1308,26.160605586550759,1308,0.020000462986659601
Gumi Weir,2018-06-24,1,20180624T020651_20180624T020653_T52SDF,S2A_MSIL2A_20180624T020651_N0500_R103_T52SDF_20230902T201514,52SDF,2018-06-24T02:17:27.046000+00:00,0.0315199845484899,1308,41.228139789424787,1308,0.0315199845484899,0.0123918923755436,1308,16.208595227211028,1308,0.0123918923755436
Gumi Weir,2018-08-01,1,20180801T021649_20180801T022346_T52SDF,S2B_MSIL2A_20180801T021649_N0500_R003_T52SDF_20230709T134957,52SDF,2018-08-01T02:27:19.276000+00:00,0.037474333809386799,1308,49.016428622677935,1308,0.037474333809386799,0.016661471092182401,1308,21.793204188574581,1308,0.016661471092182401
Gumi Weir,2018-10-12,1,20181012T020651_20181012T020650_T52SDF,S2A_MSIL2A_20181012T020651_N0500_R103_T52SDF_20230729T042036,52SDF,2018-10-12T02:17:23.801000+00:00,-0.049771199219953002,1308,-65.100728579698526,1308,-0.049771199219953002,-0.065264798821975306,1308,-85.366356859143707,1308,-0.065264798821975306
Gumi Weir,2018-10-20,1,20181020T021709_20181020T022232_T52SDF,S2B_MSIL2A_20181020T021709_N0510_R003_T52SDF_20250531T231417,52SDF,2018-10-20T02:27:19.792000+00:00,-0.0752101061280461,1308,-98.374818815484304,1308,-0.0752101061280461,-0.0177512641746469,1308,-23.218653540438147,1308,-0.0177512641746469
Gumi Weir,2018-10-30,1,20181030T021819_20181030T022432_T52SDF,S2B_MSIL2A_20181030T021819_N0500_R003_T52SDF_20230707T113406,52SDF,2018-10-30T02:27:20.227000+00:00,-0.0266997734588891,1308,-34.923303684226944,1308,-0.0266997734588891,-0.0077749803529616,1308,-10.169674301673773,1308,-0.0077749803529616
Gumi Weir,2019-05-03,1,20190503T021611_20190503T021607_T52SDF,S2A_MSIL2A_20190503T021611_N0500_R003_T52SDF_20221205T094439,52SDF,2019-05-03T02:27:26.549000+00:00,-0.0029359935728247,1308,-3.8402795932547078,1308,-0.0029359935728247,-0.0022643017185651,1308,-2.9617066478831506,1308,-0.0022643017185651
Gumi Weir,2019-05-10,1,20190510T020701_20190510T020657_T52SDF,S2A_MSIL2A_20190510T020701_N0500_R103_T52SDF_20221201T133723,52SDF,2019-05-10T02:17:30.872000+00:00,-0.039417395838238903,1308,-51.557953756416488,1308,-0.039417395838238903,-0.0048879797565884999,1308,-6.3934775216177577,1308,-0.0048879797565884999
Gumi Weir,2019-05-23,1,20190523T021611_20190523T022214_T52SDF,S2A_MSIL2A_20190523T021611_N0500_R003_T52SDF_20221212T010402,52SDF,2019-05-23T02:27:26.116000+00:00,0.039537480847503997,1308,51.71502494853523,1308,0.039537480847503997,0.016791721747666601,1308,21.963572045947913,1308,0.016791721747666601
Gumi Weir,2019-05-30,1,20190530T020701_20190530T020656_T52SDF,S2A_MSIL2A_20190530T020701_N0212_R103_T52SDF_20190530T050413,52SDF,2019-05-30T02:17:29+00:00,0.015253177080889,1308,19.951155621802812,1308,0.015253177080889,0.010307480751229999,1308,13.482184822608838,1308,0.010307480751229999
Gumi Weir,2019-06-04,1,20190604T020659_20190604T020701_T52SDF,S2B_MSIL2A_20190604T020659_N0500_R103_T52SDF_20230808T145552,52SDF,2019-06-04T02:17:35.110000+00:00,-0.15319093834586989,1308,-200.37374735639781,1308,-0.15319093834586989,-0.0041331945473209002,1308,-5.4062184678957372,1308,-0.0041331945473209002
Gumi Weir,2019-06-09,1,20190609T020701_20190609T020655_T52SDF,S2A_MSIL2A_20190609T020701_N0212_R103_T52SDF_20190609T050254,52SDF,2019-06-09T02:17:29+00:00,-0.0036205011678347001,1308,-4.7356155275277878,1308,-0.0036205011678347001,-0.0027842284077543998,1308,-3.6417707573427549,1308,-0.0027842284077543998
Gumi Weir,2019-06-12,1,20190612T021611_20190612T022608_T52SDF,S2A_MSIL2A_20190612T021611_N0212_R003_T52SDF_20190612T043019,52SDF,2019-06-12T02:27:25+00:00,0.046921681357995598,1281,60.106673819592359,1281,0.046921681357995598,0.0351743470725214,1281,45.058338599899912,1281,0.0351743470725214
Gumi Weir,2019-06-17,1,20190617T021609_20190617T022127_T52SDF,S2B_MSIL2A_20190617T021609_N0212_R003_T52SDF_20190617T055313,52SDF,2019-06-17T02:27:30+00:00,0.059970474789608701,1026,61.529707134138526,1026,0.059970474789608701,0.051842398750097003,1026,53.190301117599525,1026,0.051842398750097003
Gumi Weir,2019-06-22,1,20190622T021611_20190622T021607_T52SDF,S2A_MSIL2A_20190622T021611_N0212_R003_T52SDF_20190622T051801,52SDF,2019-06-22T02:27:26+00:00,0.073947986846354799,1308,96.723966795032084,1308,0.073947986846354799,0.062226679808708198,1308,81.392497189790319,1308,0.062226679808708198
Gumi Weir,2019-06-24,1,20190624T020659_20190624T021436_T52SDF,S2B_MSIL2A_20190624T020659_N0212_R103_T52SDF_20190624T060509,52SDF,2019-06-24T02:17:35+00:00,0.041765277241327399,1308,54.628982631656235,1308,0.041765277241327399,0.0191594644794554,1308,25.060579539127662,1308,0.0191594644794554
Gumi Weir,2019-07-02,1,20190702T021611_20190702T021608_T52SDF,S2A_MSIL2A_20190702T021611_N0212_R003_T52SDF_20190702T051730,52SDF,2019-07-02T02:27:27.572000+00:00,0.070974233979965606,84,5.9618356543171114,84,0.070974233979965606,0.012791483579525699,84,1.0744846206801588,84,0.012791483579525701
Gumi Weir,2019-07-04,1,20190704T020659_20190704T020701_T52SDF,S2B_MSIL2A_20190704T020659_N0500_R103_T52SDF_20230717T171623,52SDF,2019-07-04T02:17:35.712000+00:00,-0.035049426840246103,1308,-45.844650307041903,1308,-0.035049426840246103,0.0010926295774641001,1308,1.4291594873230429,1308,0.0010926295774641001
Gumi Weir,2019-08-08,1,20190808T020701_20190808T020657_T52SDF,S2A_MSIL2A_20190808T020701_N0213_R103_T52SDF_20190808T050331,52SDF,2019-08-08T02:17:31.014000+00:00,0.033253821062936201,1308,43.49599795032055,1308,0.033253821062936201,0.0203459721871674,1308,26.612531620814959,1308,0.0203459721871674
Gumi Weir,2019-08-18,1,20190818T020701_20190818T021257_T52SDF,S2A_MSIL2A_20190818T020701_N0213_R103_T52SDF_20190818T042046,52SDF,2019-08-18T02:17:29.862000+00:00,0.1077750234220954,946,101.95517215730224,946,0.1077750234220954,0.035920613359163002,946,33.980900237768196,946,0.035920613359162995
Gumi Weir,2019-09-17,1,20190917T020651_20190917T021206_T52SDF,S2A_MSIL2A_20190917T020651_N0500_R103_T52SDF_20230501T145626,52SDF,2019-09-17T02:17:26.352000+00:00,0.0084848320596114003,1308,11.098160333971711,1308,0.0084848320596114003,0.010388438817762699,1308,13.588077973633611,1308,0.010388438817762699
Gumi Weir,2019-09-30,1,20190930T021601_20190930T021604_T52SDF,S2A_MSIL2A_20190930T021601_N0500_R003_T52SDF_20230707T024625,52SDF,2019-09-30T02:27:24.324000+00:00,0.057396608286144103,1308,75.074763638276494,1308,0.05739660828614411,0.0031055997801858002,1308,4.0621245124830265,1308,0.0031055997801858002
Gumi Weir,2019-10-12,1,20191012T020659_20191012T020654_T52SDF,S2B_MSIL2A_20191012T020659_N0213_R103_T52SDF_20191012T044314,52SDF,2019-10-12T02:17:28.126000+00:00,-0.0066675960333368997,1308,-8.7212156116046646,1308,-0.0066675960333368997,-0.014227212429427,1308,-18.609193857690517,1308,-0.014227212429427
Gumi Weir,2019-10-20,1,20191020T021721_20191020T021716_T52SDF,S2A_MSIL2A_20191020T021721_N0213_R003_T52SDF_20191020T052106,52SDF,2019-10-20T02:27:25.990000+00:00,0.0138941214743702,1308,18.173510888476223,1308,0.0138941214743702,-0.00088411583849379999,1308,-1.1564235167498904,1308,-0.00088411583849379999
Gumi Weir,2019-10-22,1,20191022T020719_20191022T020722_T52SDF,S2B_MSIL2A_20191022T020719_N0213_R103_T52SDF_20191022T044434,52SDF,2019-10-22T02:17:28.133000+00:00,0.032652635876313799,1308,42.709647726218449,1308,0.032652635876313799,0.0011137061478985,1308,1.456727641451238,1308,0.0011137061478985
Gumi Weir,2019-10-27,1,20191027T020801_20191027T020756_T52SDF,S2A_MSIL2A_20191027T020801_N0500_R103_T52SDF_20230710T091331,52SDF,2019-10-27T02:17:30.275000+00:00,0.17301409119614999,1308,226.30243128456419,1308,0.17301409119614999,-0.0046622069409381003,1308,-6.0981666787470354,1308,-0.0046622069409381003
Gumi Weir,2019-10-30,1,20191030T021821_20191030T021819_T52SDF,S2A_MSIL2A_20191030T021821_N0500_R003_T52SDF_20230709T010057,52SDF,2019-10-30T02:27:26+00:00,0.086823725319221098,1308,113.5654327175412,1308,0.086823725319221098,-0.0068315681248879998,1308,-8.9356911073535041,1308,-0.0068315681248879998
Gumi Weir,2020-05-12,1,20200512T021559_20200512T021601_T52SDF,S2B_MSIL2A_20200512T021559_N0214_R003_T52SDF_20200512T050014,52SDF,2020-05-12T02:27:21.448000+00:00,0.045623042125047197,1308,59.674939099561733,1308,0.045623042125047197,0.029002913913025199,1308,37.935811398236957,1308,0.029002913913025195
Gumi Weir,2020-05-29,1,20200529T020659_20200529T020654_T52SDF,S2B_MSIL2A_20200529T020659_N0214_R103_T52SDF_20200529T050207,52SDF,2020-05-29T02:17:28.279000+00:00,0.071780728534444005,1308,93.889192923052761,1308,0.071780728534444005,0.0099688176169773005,1308,13.039213443006309,1308,0.0099688176169773005
Gumi Weir,2020-06-01,1,20200601T021609_20200601T021604_T52SDF,S2B_MSIL2A_20200601T021609_N0214_R003_T52SDF_20200601T050555,52SDF,2020-06-01T02:27:24.366000+00:00,0.0552252273612844,1308,72.23459738855999,1308,0.055225227361284393,0.029722391215842199,1308,38.876887710321597,1308,0.029722391215842199
Gumi Weir,2020-06-06,1,20200606T021611_20200606T021609_T52SDF,S2A_MSIL2A_20200606T021611_N0214_R003_T52SDF_20200606T052013,52SDF,2020-06-06T02:27:29.088000+00:00,0.055564494942898397,1308,72.678359385311097,1308,0.05556449494289839,0.011271000575846801,1308,14.742468753207616,1308,0.011271000575846801
Gumi Weir,2020-06-08,1,20200608T020659_20200608T020655_T52SDF,S2B_MSIL2A_20200608T020659_N0214_R103_T52SDF_20200608T045438,52SDF,2020-06-08T02:17:29.150000+00:00,0.039814251730074801,1308,52.07704126293784,1308,0.039814251730074801,0.0048585620672200996,1308,6.3549991839238906,1308,0.0048585620672200996
Gumi Weir,2020-06-16,1,20200616T021611_20200616T021609_T52SDF,S2A_MSIL2A_20200616T021611_N0214_R003_T52SDF_20200616T053533,52SDF,2020-06-16T02:27:28.869000+00:00,0.010530911309280201,1308,13.774431992538503,1308,0.010530911309280201,0.0065149182616524998,1308,8.5215130862414696,1308,0.0065149182616524998
Gumi Weir,2020-06-21,1,20200621T021609_20200621T021605_T52SDF,S2B_MSIL2A_20200621T021609_N0214_R003_T52SDF_20200621T050033,52SDF,2020-06-21T02:27:25.323000+00:00,0.024689264671408799,1308,32.29355819020271,1308,0.024689264671408799,0.018139015628792499,1308,23.72583244246059,1308,0.018139015628792499
Gumi Weir,2020-06-23,1,20200623T020701_20200623T020659_T52SDF,S2A_MSIL2A_20200623T020701_N0214_R103_T52SDF_20200623T051817,52SDF,2020-06-23T02:17:32.724000+00:00,0.070642451061753,1032,72.903009495729094,1032,0.070642451061753,0.0310211784192196,1032,32.013856128634629,1032,0.0310211784192196
Gumi Weir,2020-06-28,1,20200628T020659_20200628T020655_T52SDF,S2B_MSIL2A_20200628T020659_N0214_R103_T52SDF_20200628T044730,52SDF,2020-06-28T02:17:29.438000+00:00,0.027823143841226802,1308,36.392672144324656,1308,0.027823143841226802,0.020040551331981599,1308,26.21304114223193,1308,0.020040551331981599
Gumi Weir,2020-07-08,1,20200708T020659_20200708T020655_T52SDF,S2B_MSIL2A_20200708T020659_N0214_R103_T52SDF_20200708T045226,52SDF,2020-07-08T02:17:28.963000+00:00,0.0172391587515398,1308,22.54881964701406,1308,0.0172391587515398,0.0021342717547886999,1308,2.7916274552636193,1308,0.0021342717547886999
Gumi Weir,2020-07-16,1,20200716T021611_20200716T021608_T52SDF,S2A_MSIL2A_20200716T021611_N0214_R003_T52SDF_20200716T053754,52SDF,2020-07-16T02:27:27.480000+00:00,-0.024336145048740099,1281,-31.174601807436066,1281,-0.024336145048740099,-0.033140844409853501,1281,-42.453421689022335,1281,-0.033140844409853501
Gumi Weir,2020-07-21,1,20200721T021609_20200721T021604_T52SDF,S2B_MSIL2A_20200721T021609_N0214_R003_T52SDF_20200721T045342,52SDF,2020-07-21T02:27:24.547000+00:00,0.039524000908636898,1279,50.551197162146593,1279,0.039524000908636898,0.0099189087130368992,1279,12.686284243974194,1279,0.0099189087130368992
Gumi Weir,2020-08-20,1,20200820T021609_20200820T021606_T52SDF,S2B_MSIL2A_20200820T021609_N0214_R003_T52SDF_20200820T045434,52SDF,2020-08-20T02:27:26.309000+00:00,0.048657523039505698,1308,63.644040135673457,1308,0.048657523039505698,0.0064985907327426004,1308,8.5001566784273219,1308,0.0064985907327426012
Gumi Weir,2020-08-25,1,20200825T021611_20200825T021608_T52SDF,S2A_MSIL2A_20200825T021611_N0214_R003_T52SDF_20200825T053321,52SDF,2020-08-25T02:27:28.189000+00:00,0.077735014947088302,1308,101.67739955079149,1308,0.077735014947088302,0.0194195637795293,1308,25.400789423624325,1308,0.0194195637795293
Gumi Weir,2020-09-04,1,20200904T021611_20200904T021607_T52SDF,S2A_MSIL2A_20200904T021611_N0214_R003_T52SDF_20200904T052050,52SDF,2020-09-04T02:27:27.307000+00:00,0.039976742066977503,1308,52.289578623606573,1308,0.039976742066977503,-0.021527479798784901,1308,-28.157943576810652,1308,-0.021527479798784901
Gumi Weir,2020-09-14,1,20200914T021611_20200914T021607_T52SDF,S2A_MSIL2A_20200914T021611_N0214_R003_T52SDF_20200914T052323,52SDF,2020-09-14T02:27:26.907000+00:00,-0.0036261993317167002,1026,-3.7204805143413342,1026,-0.0036261993317167002,0.014849671828740699,1026,15.235763296287958,1026,0.014849671828740699
Gumi Weir,2020-10-01,1,20201001T020701_20201001T020659_T52SDF,S2A_MSIL2A_20201001T020701_N0214_R103_T52SDF_20201001T045717,52SDF,2020-10-01T02:17:32.665000+00:00,-0.0062755817221124,1308,-8.2084608925230196,1308,-0.0062755817221124,-0.0272271589401934,1308,-35.613123893772965,1308,-0.027227158940193397
Gumi Weir,2020-10-06,1,20201006T020659_20201006T020656_T52SDF,S2B_MSIL2A_20201006T020659_N0500_R103_T52SDF_20230411T043438,52SDF,2020-10-06T02:17:30.557000+00:00,-0.049056557564764701,1308,-64.165977294712235,1308,-0.049056557564764708,-0.0251443830192585,1308,-32.88885298919012,1308,-0.0251443830192585
Gumi Weir,2020-10-09,1,20201009T021609_20201009T021609_T52SDF,S2B_MSIL2A_20201009T021609_N0214_R003_T52SDF_20201009T045242,52SDF,2020-10-09T02:27:26.439000+00:00,-0.020913419775915799,1242,-25.974467361687424,1242,-0.020913419775915799,-0.0058272599772165997,1242,-7.2374568917030171,1242,-0.0058272599772165997
Gumi Weir,2020-10-19,1,20201019T021719_20201019T022536_T52SDF,S2B_MSIL2A_20201019T021719_N0214_R003_T52SDF_20201019T045725,52SDF,2020-10-19T02:27:26.467000+00:00,0.032994296674049399,1308,43.156540049656613,1308,0.032994296674049399,0.0020079500428534002,1308,2.6263986560522476,1308,0.0020079500428534002
Gumi Weir,2020-10-24,1,20201024T021751_20201024T022447_T52SDF,S2A_MSIL2A_20201024T021751_N0214_R003_T52SDF_20201024T045915,52SDF,2020-10-24T02:27:28.100000+00:00,0.022385801063777098,1308,29.280627791420446,1308,0.022385801063777098,-0.0051265056622758001,1308,-6.7054694062567464,1308,-0.0051265056622758001
Gumi Weir,2020-10-26,1,20201026T020759_20201026T020756_T52SDF,S2B_MSIL2A_20201026T020759_N0500_R103_T52SDF_20230416T064228,52SDF,2020-10-26T02:17:30.303000+00:00,0.047492526214430203,1308,62.120224288474702,1308,0.047492526214430203,-0.0062441075635966004,1308,-8.1672926931843541,1308,-0.0062441075635966013
Gumi Weir,2021-05-02,2,20210502T021601_20210502T021601_T52SDF|20210502T021601_20210502T022719_T52SDF,S2A_MSIL2A_20210502T021601_N0300_R003_T52SDF_20210502T051124|S2A_MSIL2A_20210502T021601_N0300_R003_T52SDF_20210502T041531,52SDF|52SDF,2021-05-02T02:27:19.280000+00:00|2021-05-02T02:27:26.405000+00:00,0.13223811996426019|0.041005783700602698,18|1205,51.792255518582934,1223,0.042348532721654078,0.0096023140502186008|0.045964410621416797,18|1205,55.559956451711173,1223,0.045429236673516907
Gumi Weir,2021-05-09,1,20210509T020651_20210509T021025_T52SDF,S2A_MSIL2A_20210509T020651_N0300_R103_T52SDF_20210509T044903,52SDF,2021-05-09T02:17:26.051000+00:00,0.032649411923489503,1308,42.705430795924272,1308,0.032649411923489503,0.00052273849383330001,1308,0.68374194993395643,1308,0.00052273849383330001
Gumi Weir,2021-05-19,1,20210519T020651_20210519T020653_T52SDF,S2A_MSIL2A_20210519T020651_N0500_R103_T52SDF_20230224T152720,52SDF,2021-05-19T02:17:27.245000+00:00,-0.025796433753916,1308,-33.741735350122127,1308,-0.025796433753916,-0.0095484694757715007,1308,-12.489398074309124,1308,-0.0095484694757715007
Gumi Weir,2021-05-22,1,20210522T021601_20210522T022207_T52SDF,S2A_MSIL2A_20210522T021601_N0300_R003_T52SDF_20210522T050033,52SDF,2021-05-22T02:27:23.242000+00:00,0.017823148680284201,1308,23.312678473811737,1308,0.017823148680284201,-0.0128635324868404,1308,-16.825500492787242,1308,-0.012863532486840398
Gumi Weir,2021-05-29,1,20210529T020651_20210529T021027_T52SDF,S2A_MSIL2A_20210529T020651_N0300_R103_T52SDF_20210529T045132,52SDF,2021-05-29T02:17:27.799000+00:00,0.041829379065382602,1308,54.712827817520441,1308,0.041829379065382602,-0.0029070829697928,1308,-3.8024645244889825,1308,-0.0029070829697928
Gumi Weir,2021-06-08,1,20210608T020651_20210608T021027_T52SDF,S2A_MSIL2A_20210608T020651_N0300_R103_T52SDF_20210608T045137,52SDF,2021-06-08T02:17:27.725000+00:00,0.36926598625693408,69,25.479353051728452,69,0.36926598625693408,0.26775132610579838,69,18.474841501300087,69,0.26775132610579838
Gumi Weir,2021-06-21,1,20210621T021601_20210621T022255_T52SDF,S2A_MSIL2A_20210621T021601_N0300_R003_T52SDF_20210621T050048,52SDF,2021-06-21T02:27:23.482000+00:00,0.075905791682517099,1308,99.284775520732367,1308,0.075905791682517099,0.043764931924041503,1308,57.244530956646287,1308,0.043764931924041503
Gumi Weir,2021-07-28,1,20210728T020701_20210728T020656_T52SDF,S2A_MSIL2A_20210728T020701_N0301_R103_T52SDF_20210728T045236,52SDF,2021-07-28T02:17:30.355000+00:00,0.032184796009365302,1308,42.097713180249812,1308,0.032184796009365302,0.019734415555644799,1307,25.792881131227752,1307,0.019734415555644799
Gumi Weir,2021-07-31,1,20210731T021611_20210731T022724_T52SDF,S2A_MSIL2A_20210731T021611_N0301_R003_T52SDF_20210731T041630,52SDF,2021-07-31T02:27:31.586000+00:00,0.053691924714159803,1308,70.229037526121019,1308,0.053691924714159803,0.0168207924875294,1308,22.001596573688456,1308,0.0168207924875294
Gumi Weir,2021-08-05,1,20210805T021609_20210805T021604_T52SDF,S2B_MSIL2A_20210805T021609_N0301_R003_T52SDF_20210805T043604,52SDF,2021-08-05T02:27:24.049000+00:00,0.047673639575506598,1262,60.164133144289323,1262,0.047673639575506598,0.0012310020325601999,1262,1.5535245650909724,1262,0.0012310020325601999
Gumi Weir,2021-08-07,1,20210807T020701_20210807T021029_T52SDF,S2A_MSIL2A_20210807T020701_N0301_R103_T52SDF_20210807T051852,52SDF,2021-08-07T02:17:29.814000+00:00,0.054451320628907299,1308,71.222327382610743,1308,0.054451320628907299,0.0116973502776477,1307,15.288436812885545,1307,0.0116973502776477
Gumi Weir,2021-09-11,1,20210911T020649_20210911T020649_T52SDF,S2B_MSIL2A_20210911T020649_N0301_R103_T52SDF_20210911T043804,52SDF,2021-09-11T02:17:23.328000+00:00,-0.038383525082967399,1308,-50.205650808521355,1308,-0.038383525082967399,0.0035655197946200998,1303,4.6458722923899902,1303,0.0035655197946200998
Gumi Weir,2021-09-19,1,20210919T021611_20210919T022209_T52SDF,S2A_MSIL2A_20210919T021611_N0301_R003_T52SDF_20210919T051646,52SDF,2021-09-19T02:27:25.075000+00:00,0.0412167835810874,1308,53.91155292406232,1308,0.0412167835810874,0.0094736099793880993,1308,12.391481853039634,1308,0.0094736099793880993
Gumi Weir,2021-09-24,1,20210924T021559_20210924T021601_T52SDF,S2B_MSIL2A_20210924T021559_N0301_R003_T52SDF_20210924T044840,52SDF,2021-09-24T02:27:20.769000+00:00,0.052175346649538497,382,19.930982420123705,382,0.052175346649538497,0.0028121170515324999,382,1.0742287136854149,382,0.0028121170515324999
Gumi Weir,2021-10-01,1,20211001T020649_20211001T020652_T52SDF,S2B_MSIL2A_20211001T020649_N0301_R103_T52SDF_20211001T043245,52SDF,2021-10-01T02:17:26.483000+00:00,0.0030824932894773002,1308,4.0319012226363089,1308,0.0030824932894773006,0.0029842003965883999,1308,3.9033341187376269,1308,0.0029842003965883999
Gumi Weir,2021-10-14,1,20211014T021639_20211014T021639_T52SDF,S2B_MSIL2A_20211014T021639_N0301_R003_T52SDF_20211014T044840,52SDF,2021-10-14T02:27:24.001000+00:00,0.032862049499381998,1308,42.983560745191653,1308,0.032862049499381998,-0.0044093358307395998,1308,-5.7674112666073967,1308,-0.0044093358307395998
Gumi Weir,2021-10-19,1,20211019T021721_20211019T022407_T52SDF,S2A_MSIL2A_20211019T021721_N0301_R003_T52SDF_20211019T051640,52SDF,2021-10-19T02:27:28.185000+00:00,0.051621471861753698,1308,67.520885195173832,1308,0.051621471861753691,-0.0091906331249131997,1308,-12.021348127386466,1308,-0.0091906331249131997
Gumi Weir,2021-10-24,1,20211024T021749_20211024T021743_T52SDF,S2B_MSIL2A_20211024T021749_N0301_R003_T52SDF_20211024T044140,52SDF,2021-10-24T02:27:24.356000+00:00,0.1073407089212003,492,52.811628789230546,492,0.1073407089212003,0.0111847856134472,492,5.5029145218160229,492,0.0111847856134472
Gumi Weir,2021-10-26,1,20211026T020801_20211026T021128_T52SDF,S2A_MSIL2A_20211026T020801_N0301_R103_T52SDF_20211026T045335,52SDF,2021-10-26T02:17:32.038000+00:00,0.072487223440627704,1186,85.969847000584451,1186,0.072487223440627704,-0.012548482214572099,1186,-14.88249990648251,1186,-0.012548482214572099
Gumi Weir,2021-10-31,1,20211031T020819_20211031T020820_T52SDF,S2B_MSIL2A_20211031T020819_N0500_R103_T52SDF_20230127T035223,52SDF,2021-10-31T02:17:28.238000+00:00,0.019027031218496301,1308,24.887356833793163,1308,0.019027031218496301,-0.0078098752630418001,1308,-10.215316844058675,1308,-0.0078098752630418001
Gumi Weir,2022-05-04,1,20220504T020701_20220504T021642_T52SDF,S2A_MSIL2A_20220504T020701_N0400_R103_T52SDF_20220504T052914,52SDF,2022-05-04T02:17:31.857000+00:00,0.024888990154644099,1308,32.554799122274481,1308,0.024888990154644099,0.0052251608305058997,1308,6.8345103663017168,1308,0.0052251608305058997
Gumi Weir,2022-05-09,1,20220509T020649_20220509T021302_T52SDF,S2B_MSIL2A_20220509T020649_N0400_R103_T52SDF_20220509T044739,52SDF,2022-05-09T02:17:23.893000+00:00,-0.0232828452806309,1308,-30.453961627065219,1308,-0.0232828452806309,0.0077617250753408001,1308,10.152336398545767,1308,0.0077617250753408001
Gumi Weir,2022-05-17,1,20220517T021611_20220517T022234_T52SDF,S2A_MSIL2A_20220517T021611_N0400_R003_T52SDF_20220517T055107,52SDF,2022-05-17T02:27:27.923000+00:00,-0.0139701190944868,1308,-18.272915775588736,1308,-0.013970119094486802,0.0094385114948084999,1308,12.345573035209517,1308,0.0094385114948084999
Gumi Weir,2022-05-22,1,20220522T021609_20220522T022240_T52SDF,S2B_MSIL2A_20220522T021609_N0400_R003_T52SDF_20220522T050008,52SDF,2022-05-22T02:27:22.833000+00:00,0.069539394505758106,1308,90.957528013531601,1308,0.069539394505758106,0.028029973506731899,1308,36.663205346805327,1308,0.028029973506731903
Gumi Weir,2022-05-24,1,20220524T020701_20220524T021301_T52SDF,S2A_MSIL2A_20220524T020701_N0400_R103_T52SDF_20220524T053520,52SDF,2022-05-24T02:17:34.020000+00:00,0.0059127400781718003,1308,7.7338640222487145,1308,0.0059127400781718003,0.0039347516282266003,1308,5.1466551297203935,1308,0.0039347516282266003
Gumi Weir,2022-06-01,1,20220601T021559_20220601T022239_T52SDF,S2B_MSIL2A_20220601T021559_N0400_R003_T52SDF_20220601T044554,52SDF,2022-06-01T02:27:22.551000+00:00,0.058151006778549903,1308,76.061516866343268,1308,0.058151006778549896,0.045863296683157598,1308,59.989192061570137,1308,0.045863296683157598
Gumi Weir,2022-06-03,1,20220603T020701_20220603T021559_T52SDF,S2A_MSIL2A_20220603T020701_N0400_R103_T52SDF_20220603T055620,52SDF,2022-06-03T02:17:34.880000+00:00,0.0147503442684746,1308,19.293450303164779,1308,0.014750344268474602,0.0200067304507392,1308,26.168803429566875,1308,0.0200067304507392
Gumi Weir,2022-06-18,1,20220618T020659_20220618T021309_T52SDF,S2B_MSIL2A_20220618T020659_N0400_R103_T52SDF_20220618T043051,52SDF,2022-06-18T02:17:31.111000+00:00,0.055825361324609898,1308,73.019572612589741,1308,0.055825361324609891,0.022374830878908,1308,29.266278789611665,1308,0.022374830878908
Gumi Weir,2022-06-21,1,20220621T021539_20220621T022216_T52SDF,S2B_MSIL2A_20220621T021539_N0400_R003_T52SDF_20220621T045243,52SDF,2022-06-21T02:27:27.348000+00:00,0.075389060694586896,1308,98.608891388519666,1308,0.075389060694586896,0.065268414421246396,1308,85.371086062990287,1308,0.065268414421246396
Gumi Weir,2022-07-01,1,20220701T021539_20220701T022213_T52SDF,S2B_MSIL2A_20220701T021539_N0400_R003_T52SDF_20220701T043554,52SDF,2022-07-01T02:27:27.949000+00:00,0.066370570487635505,1308,86.812706197827239,1308,0.066370570487635505,0.047669930501910998,1308,62.352269096499583,1308,0.047669930501910998
Gumi Weir,2022-08-22,1,20220822T020711_20220822T021658_T52SDF,S2A_MSIL2A_20220822T020711_N0400_R103_T52SDF_20220824T143002,52SDF,2022-08-22T02:17:39.653000+00:00,0.1073450343075385,1308,140.40730487426035,1308,0.10734503430753849,0.024555996334296001,1308,32.119243205259167,1308,0.024555996334296001
Gumi Weir,2022-09-24,1,20220924T021541_20220924T022204_T52SDF,S2A_MSIL2A_20220924T021541_N0400_R003_T52SDF_20220924T054059,52SDF,2022-09-24T02:27:29.802000+00:00,0.030696372036922302,1308,40.150854624294368,1308,0.030696372036922298,0.011267467073479,1308,14.737846932110532,1308,0.011267467073479
Gumi Weir,2022-09-29,1,20220929T021529_20220929T022606_T52SDF,S2B_MSIL2A_20220929T021529_N0400_R003_T52SDF_20220929T051901,52SDF,2022-09-29T02:27:22.589000+00:00,0.048351689799225599,1308,63.244010257387082,1308,0.048351689799225599,0.013346002992912999,1308,17.456571914730205,1308,0.013346002992913001
Gumi Weir,2022-10-11,1,20221011T020701_20221011T021300_T52SDF,S2A_MSIL2A_20221011T020701_N0400_R103_T52SDF_20221011T052455,52SDF,2022-10-11T02:17:32.653000+00:00,0.092124130933356196,1308,120.4983632608299,1308,0.092124130933356196,0.0090792872053818002,1308,11.875707664639394,1308,0.0090792872053818002
Gumi Weir,2022-10-14,1,20221014T021641_20221014T022306_T52SDF,S2A_MSIL2A_20221014T021641_N0400_R003_T52SDF_20221014T054257,52SDF,2022-10-14T02:27:27.361000+00:00,0.067717422780424696,1308,88.574388996795506,1308,0.067717422780424696,0.0033305943904060999,1308,4.3564174626511782,1308,0.0033305943904060995
Gumi Weir,2022-10-19,1,20221019T021709_20221019T022253_T52SDF,S2B_MSIL2A_20221019T021709_N0400_R003_T52SDF_20221019T043130,52SDF,2022-10-19T02:27:22.186000+00:00,0.063466672839634794,1308,83.014408074242311,1308,0.063466672839634794,0.00032371651170310002,1308,0.42342119730765482,1308,0.00032371651170310002
Gumi Weir,2022-10-26,1,20221026T020749_20221026T021400_T52SDF,S2B_MSIL2A_20221026T020749_N0400_R103_T52SDF_20221026T042127,52SDF,2022-10-26T02:17:26.206000+00:00,-0.025713154593456598,1308,-33.632806208241227,1308,-0.025713154593456595,-0.0053038469888258,1308,-6.9374318613841464,1308,-0.0053038469888258
Gumi Weir,2022-10-29,1,20221029T021809_20221029T022341_T52SDF,S2B_MSIL2A_20221029T021809_N0400_R003_T52SDF_20221029T075219,52SDF,2022-10-29T02:27:21.614000+00:00,-0.003027621122869,1308,-3.9601284287126521,1308,-0.003027621122869,0.0010872198989622999,1308,1.4220836278426883,1308,0.0010872198989622999
Gumi Weir,2023-05-09,1,20230509T020651_20230509T021248_T52SDF,S2A_MSIL2A_20230509T020651_N0509_R103_T52SDF_20230509T051551,52SDF,2023-05-09T02:17:26.700000+00:00,0.0038714579851507002,1308,5.0638670445771155,1308,0.0038714579851506998,0.0033494564199532998,1308,4.3810889972989164,1308,0.0033494564199533002
Gumi Weir,2023-05-14,1,20230514T020659_20230514T021257_T52SDF,S2B_MSIL2A_20230514T020659_N0509_R103_T52SDF_20230514T042809,52SDF,2023-05-14T02:17:30.458000+00:00,-0.049642512538093798,1308,-64.932406399826689,1308,-0.049642512538093798,-0.0048337663640609999,1308,-6.3225664041917877,1308,-0.0048337663640609999
Gumi Weir,2023-05-17,1,20230517T021539_20230517T022202_T52SDF,S2B_MSIL2A_20230517T021539_N0509_R003_T52SDF_20230517T044103,52SDF,2023-05-17T02:27:27.271000+00:00,0.0397768527318558,1308,52.028123373267384,1308,0.0397768527318558,0.019787995138216,1308,25.882697640786528,1308,0.019787995138216
Gumi Weir,2023-06-03,1,20230603T020659_20230603T021256_T52SDF,S2B_MSIL2A_20230603T020659_N0509_R103_T52SDF_20230603T042630,52SDF,2023-06-03T02:17:30.960000+00:00,0.031869372260350401,1308,41.685138916538321,1308,0.031869372260350401,0.0149508008284506,1308,19.555647483613384,1308,0.0149508008284506
Gumi Weir,2023-06-06,1,20230606T021539_20230606T022202_T52SDF,S2B_MSIL2A_20230606T021539_N0509_R003_T52SDF_20230606T043948,52SDF,2023-06-06T02:27:27.360000+00:00,0.058274489528144201,1308,76.223032302812612,1308,0.058274489528144201,0.0268116057239134,1308,35.069580286878725,1308,0.0268116057239134
Gumi Weir,2023-06-16,1,20230616T021539_20230616T022203_T52SDF,S2B_MSIL2A_20230616T021539_N0509_R003_T52SDF_20230616T043833,52SDF,2023-06-16T02:27:27.693000+00:00,0.042146958992594297,1308,55.128222362313338,1308,0.042146958992594297,0.037057377641049299,1308,48.471049954492486,1308,0.037057377641049299
Gumi Weir,2023-06-23,1,20230623T020659_20230623T021723_T52SDF,S2B_MSIL2A_20230623T020659_N0509_R103_T52SDF_20230623T055723,52SDF,2023-06-23T02:17:33.128000+00:00,-0.3770322082992611,1308,-493.15812845543354,1308,-0.3770322082992611,0.020855717866698299,1308,27.279278969641375,1308,0.020855717866698299
Gumi Weir,2023-08-05,1,20230805T021539_20230805T022202_T52SDF,S2B_MSIL2A_20230805T021539_N0509_R003_T52SDF_20230805T044141,52SDF,2023-08-05T02:27:27.607000+00:00,0.0508160519645924,1308,66.467395969686862,1308,0.0508160519645924,0.019350970209389501,1308,25.311069033881466,1308,0.019350970209389501
Gumi Weir,2023-08-07,1,20230807T020701_20230807T021203_T52SDF,S2A_MSIL2A_20230807T020701_N0509_R103_T52SDF_20230807T052055,52SDF,2023-08-07T02:17:31.679000+00:00,0.075569261843082394,1308,98.844594490751774,1308,0.075569261843082394,0.052385729948433997,1308,68.52053477255167,1308,0.052385729948433997
Gumi Weir,2023-08-15,1,20230815T021539_20230815T021939_T52SDF,S2B_MSIL2A_20230815T021539_N0509_R003_T52SDF_20230815T052653,52SDF,2023-08-15T02:27:28.365000+00:00,-0.0151087438481595,1308,-19.762236953392627,1308,-0.0151087438481595,-0.036073547346486198,1308,-47.184199929203949,1308,-0.036073547346486198
Gumi Weir,2023-09-09,1,20230909T021541_20230909T022102_T52SDF,S2A_MSIL2A_20230909T021541_N0509_R003_T52SDF_20230909T072557,52SDF,2023-09-09T02:27:27.952000+00:00,0.072283631492325098,1308,94.546989991961226,1308,0.072283631492325098,0.0092047855099708,1308,12.039859447041806,1308,0.0092047855099708
Gumi Weir,2023-09-11,1,20230911T020659_20230911T021215_T52SDF,S2B_MSIL2A_20230911T020659_N0509_R103_T52SDF_20230911T050621,52SDF,2023-09-11T02:17:30.723000+00:00,0.059883098665903502,1308,78.327093055001782,1308,0.059883098665903502,0.0061530797492604997,1308,8.0482283120327338,1308,0.0061530797492604997
Gumi Weir,2023-09-24,1,20230924T021539_20230924T022642_T52SDF,S2B_MSIL2A_20230924T021539_N0509_R003_T52SDF_20230924T053147,52SDF,2023-09-24T02:27:26.279000+00:00,-0.047721577312492401,1308,-62.419823124740063,1308,-0.047721577312492401,-0.032994435036026601,1308,-43.156721027122792,1308,-0.032994435036026601
Gumi Weir,2023-10-01,1,20231001T020659_20231001T021254_T52SDF,S2B_MSIL2A_20231001T020659_N0509_R103_T52SDF_20231001T042700,52SDF,2023-10-01T02:17:28.866000+00:00,-0.069529672055981095,1308,-90.944811049223276,1308,-0.069529672055981095,-0.027506824695075399,1308,-35.97892670115862,1308,-0.027506824695075399
Gumi Weir,2023-10-06,1,20231006T020651_20231006T021253_T52SDF,S2A_MSIL2A_20231006T020651_N0509_R103_T52SDF_20231006T052302,52SDF,2023-10-06T02:17:27.917000+00:00,-0.060512835270277503,1308,-79.15078853352297,1308,-0.060512835270277503,-0.021138330226283801,1308,-27.64893593597921,1308,-0.021138330226283801
Gumi Weir,2023-10-24,1,20231024T021739_20231024T022318_T52SDF,S2B_MSIL2A_20231024T021739_N0509_R003_T52SDF_20231024T043637,52SDF,2023-10-24T02:27:23.939000+00:00,-0.0250390174434242,1308,-32.751034815998857,1308,-0.025039017443424204,-0.0061069259258605003,1308,-7.9878591110255339,1308,-0.0061069259258605003
Gumi Weir,2023-10-26,1,20231026T020751_20231026T021348_T52SDF,S2A_MSIL2A_20231026T020751_N0509_R103_T52SDF_20231026T051755,52SDF,2023-10-26T02:17:27.009000+00:00,0.051336249401326597,1308,67.147814216935188,1308,0.051336249401326597,8.4529844835135772e-05,1308,0.11056503704435759,1308,8.4529844835135772e-05
Gumi Weir,2023-10-29,1,20231029T021811_20231029T022436_T52SDF,S2A_MSIL2A_20231029T021811_N0509_R003_T52SDF_20231029T052155,52SDF,2023-10-29T02:27:22.491000+00:00,0.0580624869617338,1308,75.94573294594781,1308,0.0580624869617338,0.0001343896615329,1308,0.17578167728503319,1308,0.0001343896615329
Gumi Weir,2023-10-31,1,20231031T020819_20231031T021420_T52SDF,S2B_MSIL2A_20231031T020819_N0509_R103_T52SDF_20231031T042727,52SDF,2023-10-31T02:17:29.262000+00:00,0.048706181120342501,1308,63.707684905407994,1308,0.048706181120342501,-0.0082055517313939993,1308,-10.732861664663352,1308,-0.0082055517313939993
Gumi Weir,2024-05-03,1,20240503T020651_20240503T021443_T52SDF,S2A_MSIL2A_20240503T020651_N0510_R103_T52SDF_20240503T061350,52SDF,2024-05-03T02:17:29.830000+00:00,-0.025998641287266099,1308,-34.006222803744059,1308,-0.025998641287266099,-0.00079082099093370003,1308,-1.0343938561412795,1308,-0.00079082099093369992
Gumi Weir,2024-05-13,1,20240513T020651_20240513T021436_T52SDF,S2A_MSIL2A_20240513T020651_N0510_R103_T52SDF_20240513T051859,52SDF,2024-05-13T02:17:30.115000+00:00,0.016891182749871302,1308,22.093667036831661,1308,0.016891182749871302,-0.0011691652103802,1308,-1.5292680951773017,1308,-0.0011691652103802
Gumi Weir,2024-05-16,1,20240516T021611_20240516T022028_T52SDF,S2A_MSIL2A_20240516T021611_N0510_R003_T52SDF_20240516T074100,52SDF,2024-05-16T02:27:25.400000+00:00,0.032669513287120998,1308,42.731723379554268,1308,0.032669513287120998,0.0053815773976626001,1308,7.0391032361426813,1308,0.0053815773976626001
Gumi Weir,2024-05-18,1,20240518T020649_20240518T020649_T52SDF,S2B_MSIL2A_20240518T020649_N0510_R103_T52SDF_20240518T040445,52SDF,2024-05-18T02:17:25.309000+00:00,0.051106929334617801,1308,66.847863569680086,1308,0.051106929334617801,0.010137174053149,1308,13.259423661518891,1308,0.010137174053149
Gumi Weir,2024-05-23,1,20240523T020651_20240523T021414_T52SDF,S2A_MSIL2A_20240523T020651_N0510_R103_T52SDF_20240523T070946,52SDF,2024-05-23T02:17:26.080000+00:00,0.026584575073045801,1308,34.772624195543905,1308,0.026584575073045798,0.0104992774148746,1308,13.733054858655976,1308,0.0104992774148746
Gumi Weir,2024-05-31,1,20240531T021529_20240531T021532_T52SDF,S2B_MSIL2A_20240531T021529_N0510_R003_T52SDF_20240531T042042,52SDF,2024-05-31T02:27:23.166000+00:00,0.048680116629689102,1308,63.673592551633348,1308,0.048680116629689102,0.021834710739114999,1308,28.55980164676242,1308,0.021834710739114999
Gumi Weir,2024-06-10,1,20240610T021539_20240610T021535_T52SDF,S2B_MSIL2A_20240610T021539_N0510_R003_T52SDF_20240610T042021,52SDF,2024-06-10T02:27:25.948000+00:00,0.076905504823472498,1308,100.59240030910203,1308,0.076905504823472498,0.042682406866468202,1308,55.828588181340407,1308,0.042682406866468202
Gumi Weir,2024-08-04,1,20240804T021531_20240804T022721_T52SDF,S2A_MSIL2A_20240804T021531_N0511_R003_T52SDF_20240804T084047,52SDF,2024-08-04T02:27:29.437000+00:00,0.0301410618338376,1308,39.42450887865958,1308,0.0301410618338376,0.0085679831506135003,1308,11.206921961002459,1308,0.0085679831506135003
Gumi Weir,2024-08-06,1,20240806T020659_20240806T020653_T52SDF,S2B_MSIL2A_20240806T020659_N0511_R103_T52SDF_20240806T040518,52SDF,2024-08-06T02:17:29.698000+00:00,-0.010971232770252399,1308,-14.350372463490139,1308,-0.010971232770252399,-0.0067825889178020999,1308,-8.8716263044851473,1308,-0.0067825889178021008
Gumi Weir,2024-08-09,1,20240809T021539_20240809T022639_T52SDF,S2B_MSIL2A_20240809T021539_N0511_R003_T52SDF_20240809T042748,52SDF,2024-08-09T02:27:26.617000+00:00,0.0346198145961778,1302,45.074998604223495,1302,0.0346198145961778,0.010888985564274299,1302,14.177459204685137,1302,0.010888985564274299
Gumi Weir,2024-08-11,1,20240811T020651_20240811T020652_T52SDF,S2A_MSIL2A_20240811T020651_N0511_R103_T52SDF_20240811T055751,52SDF,2024-08-11T02:17:28.395000+00:00,0.030392812096201399,1279,38.872406671041588,1279,0.030392812096201399,0.014634369899473001,1279,18.717359101425966,1279,0.014634369899472999
Gumi Weir,2024-08-14,1,20240814T021601_20240814T022230_T52SDF,S2A_MSIL2A_20240814T021601_N0511_R003_T52SDF_20240814T052653,52SDF,2024-08-14T02:27:24.171000+00:00,0.035651550908189597,1308,46.632228587911996,1308,0.035651550908189597,0.0138239711191477,1308,18.081754223845191,1308,0.0138239711191477
Gumi Weir,2024-08-19,1,20240819T021539_20240819T022637_T52SDF,S2B_MSIL2A_20240819T021539_N0511_R003_T52SDF_20240819T042921,52SDF,2024-08-19T02:27:24.530000+00:00,0.070652184894883993,1289,91.070666329505471,1289,0.070652184894883993,0.033620694626134998,1289,43.337075373088012,1289,0.033620694626134998
Gumi Weir,2024-08-31,1,20240831T020651_20240831T020650_T52SDF,S2A_MSIL2A_20240831T020651_N0511_R103_T52SDF_20240831T060051,52SDF,2024-08-31T02:17:26.038000+00:00,0.1378116332838667,1308,180.25761633529763,1308,0.1378116332838667,0.017600008962265701,1308,23.020811722643536,1308,0.017600008962265701
Gumi Weir,2024-09-05,1,20240905T020659_20240905T020653_T52SDF,S2B_MSIL2A_20240905T020659_N0511_R103_T52SDF_20240905T040210,52SDF,2024-09-05T02:17:29.588000+00:00,0.052075221121368899,1308,68.114389226750518,1308,0.052075221121368899,0.018148365845897001,1308,23.738062526433279,1308,0.018148365845897001
Gumi Weir,2024-09-10,1,20240910T020651_20240910T020650_T52SDF,S2A_MSIL2A_20240910T020651_N0511_R103_T52SDF_20240910T054852,52SDF,2024-09-10T02:17:25.962000+00:00,0.1133901855216147,1308,148.31436266227203,1308,0.1133901855216147,0.020330212294568099,1308,26.591917681295072,1308,0.020330212294568099
Gumi Weir,2024-09-23,1,20240923T021531_20240923T022308_T52SDF,S2A_MSIL2A_20240923T021531_N0511_R003_T52SDF_20240923T053200,52SDF,2024-09-23T02:27:24.351000+00:00,-0.032727646540817203,1306,-42.74230638230727,1306,-0.032727646540817203,-0.035802536959172702,1306,-46.758113268679551,1306,-0.035802536959172702
Gumi Weir,2024-09-30,1,20240930T020651_20240930T020653_T52SDF,S2A_MSIL2A_20240930T020651_N0511_R103_T52SDF_20240930T055753,52SDF,2024-09-30T02:17:29.109000+00:00,0.0162649206464754,1308,21.274516205589823,1308,0.0162649206464754,-0.0052889134991660003,1308,-6.9178988569091286,1308,-0.0052889134991660003
Gumi Weir,2024-10-05,1,20241005T020649_20241005T020652_T52SDF,S2B_MSIL2A_20241005T020649_N0511_R103_T52SDF_20241005T040520,52SDF,2024-10-05T02:17:27.817000+00:00,0.058063387575458397,1300,75.482403848095913,1300,0.058063387575458397,0.0044599383705013996,1300,5.7979198816518194,1300,0.0044599383705013996
Gumi Weir,2024-10-08,1,20241008T021529_20241008T022704_T52SDF,S2B_MSIL2A_20241008T021529_N0511_R003_T52SDF_20241008T150637,52SDF,2024-10-08T02:27:22.249000+00:00,0.040129432514644202,1308,52.489297729154615,1308,0.040129432514644202,0.018132063682290998,1308,23.716739296436625,1308,0.018132063682290998
Gumi Weir,2024-10-10,1,20241010T020651_20241010T020648_T52SDF,S2A_MSIL2A_20241010T020651_N0511_R103_T52SDF_20241010T055650,52SDF,2024-10-10T02:17:23.978000+00:00,0.076061648928919104,1308,99.488636799026182,1308,0.076061648928919104,0.0026065569661808002,1308,3.4093765117644868,1308,0.0026065569661808002
Gumi Weir,2024-10-25,1,20241025T020659_20241025T020654_T52SDF,S2B_MSIL2A_20241025T020659_N0511_R103_T52SDF_20241025T040212,52SDF,2024-10-25T02:17:27.736000+00:00,0.049750971335274299,76,3.7810738214808466,76,0.049750971335274299,-0.0069551794980946997,76,-0.52859364185519719,76,-0.0069551794980946997
Gumi Weir,2024-10-30,1,20241030T020821_20241030T021624_T52SDF,S2A_MSIL2A_20241030T020821_N0511_R103_T52SDF_20241030T051219,52SDF,2024-10-30T02:17:27.523000+00:00,0.1457828566434006,1308,190.68397648956798,1308,0.1457828566434006,-0.0013965321032475999,1308,-1.8266639910478608,1308,-0.0013965321032475999
Gumi Weir,2025-05-08,1,20250508T020711_20250508T020903_T52SDF,S2C_MSIL2A_20250508T020711_N0511_R103_T52SDF_20250508T055213,52SDF,2025-05-08T02:17:46.746000+00:00,-0.0497267636931326,1308,-65.042606910617437,1308,-0.0497267636931326,0.0048251010281372001,1308,6.3112321448034576,1308,0.0048251010281372001
Gumi Weir,2025-05-26,1,20250526T021539_20250526T022318_T52SDF,S2B_MSIL2A_20250526T021539_N0511_R003_T52SDF_20250526T041515,52SDF,2025-05-26T02:27:24.082000+00:00,0.0533929642102553,1308,69.83799718701394,1308,0.053392964210255307,0.028317568054222701,1308,37.039379014923291,1308,0.028317568054222701
Gumi Weir,2025-05-28,1,20250528T020711_20250528T021218_T52SDF,S2C_MSIL2A_20250528T020711_N0511_R103_T52SDF_20250528T063213,52SDF,2025-05-28T02:17:46.979000+00:00,-0.090495213101493194,1308,-118.3677387367531,1308,-0.090495213101493194,-0.011767961869318101,1308,-15.392494125068076,1308,-0.011767961869318101
Gumi Weir,2025-05-30,1,20250530T021121_20250530T021428_T52SDF,S2A_MSIL2A_20250530T021121_N0511_R103_T52SDF_20250530T062212,52SDF,2025-05-30T02:17:44.130000+00:00,-0.057278810599588503,1308,-74.920684264261766,1308,-0.057278810599588503,-0.0028111912321977001,1308,-3.6770381317145917,1308,-0.0028111912321977001
Gumi Weir,2025-06-05,1,20250605T021529_20250605T022440_T52SDF,S2B_MSIL2A_20250605T021529_N0511_R003_T52SDF_20250605T041606,52SDF,2025-06-05T02:27:22.934000+00:00,0.048555833907407801,1308,63.511030750889404,1308,0.048555833907407801,0.028754608196348199,1308,37.611027520823441,1308,0.028754608196348196
Gumi Weir,2025-07-05,1,20250705T021539_20250705T021535_T52SDF,S2B_MSIL2A_20250705T021539_N0511_R003_T52SDF_20250705T035632,52SDF,2025-07-05T02:27:26.176000+00:00,0.068926173188282702,1308,90.15543453027378,1308,0.068926173188282702,0.013631174688940401,1308,17.829576493134045,1308,0.013631174688940401
Gumi Weir,2025-07-09,1,20250709T021131_20250709T021441_T52SDF,S2A_MSIL2A_20250709T021131_N0511_R103_T52SDF_20250709T062417,52SDF,2025-07-09T02:17:45.808000+00:00,0.096527000177285605,1308,126.25731623188958,1308,0.096527000177285605,0.019371764744643,1308,25.338268285993042,1308,0.019371764744643
Gumi Weir,2025-07-10,1,20250710T021631_20250710T022524_T52SDF,S2C_MSIL2A_20250710T021631_N0511_R003_T52SDF_20250710T055619,52SDF,2025-07-10T02:27:45.849000+00:00,0.083585503352650997,1308,109.32983838526751,1308,0.083585503352650997,0.039978473078981398,1308,52.291842787307672,1308,0.039978473078981398
Gumi Weir,2025-07-25,1,20250725T021539_20250725T022319_T52SDF,S2B_MSIL2A_20250725T021539_N0511_R003_T52SDF_20250725T041758,52SDF,2025-07-25T02:27:24.703000+00:00,0.037986128976733001,1308,49.685856701566763,1308,0.037986128976733001,-0.0032452379203725002,1308,-4.2447711998472304,1308,-0.0032452379203725002
Gumi Weir,2025-07-27,1,20250727T020711_20250727T021408_T52SDF,S2C_MSIL2A_20250727T020711_N0511_R103_T52SDF_20250727T053721,52SDF,2025-07-27T02:17:49.269000+00:00,0.032950470766090798,1308,43.099215762046761,1308,0.032950470766090798,0.0066277890688598001,1308,8.6691481020686183,1308,0.0066277890688598001
Gumi Weir,2025-07-29,1,20250729T021131_20250729T021429_T52SDF,S2A_MSIL2A_20250729T021131_N0511_R103_T52SDF_20250729T061616,52SDF,2025-07-29T02:17:45.230000+00:00,0.096802201621001796,1308,126.61727972027035,1308,0.096802201621001796,0.0099396739581987005,1308,13.0010935373239,1308,0.0099396739581987005
Gumi Weir,2025-08-01,2,20250801T020649_20250801T021704_T52SDF|20250801T022131_20250801T022131_T52SDF,S2B_MSIL2A_20250801T020649_N0511_R103_T52SDF_20250801T040552|S2A_MSIL2A_20250801T022131_N0511_R003_T52SDF_20250801T071659,52SDF|52SDF,2025-08-01T02:17:26.982000+00:00|2025-08-01T02:27:40.255000+00:00,-0.17715404288474809|0.0256124909076175,1281|1308,-193.43319082819863,2589,-0.074713476565546014,0.014486275929989301|0.013261254409307199,1281|1308,35.902640233690107,2589,0.013867377456040985
Gumi Weir,2025-08-21,2,20250821T020659_20250821T020653_T52SDF|20250821T022131_20250821T022128_T52SDF,S2B_MSIL2A_20250821T020659_N0511_R103_T52SDF_20250821T035126|S2A_MSIL2A_20250821T022131_N0511_R003_T52SDF_20250821T073716,52SDF|52SDF,2025-08-21T02:17:29.252000+00:00|2025-08-21T02:27:36.742000+00:00,0.0180811536796661|0.075947024509750299,1242|1308,121.79550092889869,2550,0.047762941540744584,0.0033377595282002002|0.029894211953400598,1242|1308,43.247126569072627,2550,0.016959657478067696
Gumi Weir,2025-09-05,1,20250905T020711_20250905T021218_T52SDF,S2C_MSIL2A_20250905T020711_N0511_R103_T52SDF_20250905T053715,52SDF,2025-09-05T02:17:44.046000+00:00,0.063332980034152303,1308,82.839537884671216,1308,0.063332980034152303,0.014997488388766999,1308,19.616714812507237,1308,0.014997488388767001
Gumi Weir,2025-09-23,1,20250923T021529_20250923T022229_T52SDF,S2B_MSIL2A_20250923T021529_N0511_R003_T52SDF_20250923T041635,52SDF,2025-09-23T02:27:21.976000+00:00,0.13910002211954861,1308,181.94282893236959,1308,0.13910002211954861,0.1600160549201238,1308,209.30099983552194,1308,0.1600160549201238
Gumi Weir,2025-09-27,1,20250927T021121_20250927T021438_T52SDF,S2A_MSIL2A_20250927T021121_N0511_R103_T52SDF_20250927T061715,52SDF,2025-09-27T02:17:42.531000+00:00,-0.0142787053356625,1298,-18.533759525689927,1298,-0.014278705335662502,0.012582906995206301,1298,16.332613279777778,1298,0.012582906995206301
Gumi Weir,2025-10-28,1,20251028T021821_20251028T022504_T52SDF,S2C_MSIL2A_20251028T021821_N0511_R003_T52SDF_20251028T054320,52SDF,2025-10-28T02:27:35.753000+00:00,-0.097171269546673905,1308,-127.10002056704947,1308,-0.097171269546673905,-0.0073242241887564001,1308,-9.5800852388933713,1308,-0.0073242241887564001
Hapcheon-Changnyeong Weir,2017-05-03,1,20170503T021611_20170503T022350_T52SDE,S2A_MSIL2A_20170503T021611_N0500_R003_T52SDE_20230925T151324,52SDE,2017-05-03T02:27:39.423000+00:00,-0.049382285208120102,7097,-350.46607812202836,7097,-0.049382285208120102,0.0003894670790085,7097,2.7640478597233247,7097,0.00038946707900850005
Hapcheon-Changnyeong Weir,2017-07-27,1,20170727T021559_20170727T022347_T52SDE,S2B_MSIL2A_20170727T021559_N0500_R003_T52SDE_20230919T203258,52SDE,2017-07-27T02:27:36.945000+00:00,0.010522347020745899,6849,72.067554745088671,6849,0.010522347020745901,-0.0020542120637625999,6849,-14.069298424710047,6849,-0.0020542120637625999
Hapcheon-Changnyeong Weir,2017-09-12,1,20170912T020649_20170912T021455_T52SDE,S2B_MSIL2A_20170912T020649_N0500_R103_T52SDE_20230824T201656,52SDE,2017-09-12T02:17:32.342000+00:00,0.18527711464669361,10839,2008.2186456555121,10839,0.18527711464669361,0.084165674114233396,10839,912.27174172417574,10839,0.084165674114233396
Hapcheon-Changnyeong Weir,2017-09-25,1,20170925T021549_20170925T022334_T52SDE,S2B_MSIL2A_20170925T021549_N0500_R003_T52SDE_20230917T092502,52SDE,2017-09-25T02:27:23.451000+00:00,0.1200032722946658,8367,1004.0673792894687,8367,0.1200032722946658,0.031990911445103597,8367,267.66795606118177,8367,0.031990911445103597
Hapcheon-Changnyeong Weir,2017-10-30,1,20171030T021821_20171030T022623_T52SDE,S2A_MSIL2A_20171030T021821_N0500_R003_T52SDE_20230911T092126,52SDE,2017-10-30T02:27:36.446000+00:00,0.0047497352894555998,7368,34.996049612708859,7368,0.0047497352894555998,-0.0059405836820026004,7368,-43.770220568995157,7368,-0.0059405836820026004
Hapcheon-Changnyeong Weir,2018-10-12,1,20181012T020651_20181012T020650_T52SDE,S2A_MSIL2A_20181012T020651_N0500_R103_T52SDE_20230729T042036,52SDE,2018-10-12T02:17:38.193000+00:00,-0.058955965678139099,10839,-639.02371198534968,10839,-0.058955965678139099,-0.045574363912240103,10839,-493.98053044477047,10839,-0.045574363912240103
Hapcheon-Changnyeong Weir,2018-10-15,1,20181015T021641_20181015T022428_T52SDE,S2A_MSIL2A_20181015T021641_N0500_R003_T52SDE_20230710T053551,52SDE,2018-10-15T02:27:34.169000+00:00,-0.048097335329692098,7260,-349.18665449356462,7260,-0.048097335329692098,-0.029302168683045401,7260,-212.73374463890963,7260,-0.029302168683045405
Hapcheon-Changnyeong Weir,2018-10-17,1,20181017T020649_20181017T021729_T52SDE,S2B_MSIL2A_20181017T020649_N0500_R103_T52SDE_20230709T211938,52SDE,2018-10-17T02:17:39.571000+00:00,0.051697189341676303,10839,560.34583527442942,10839,0.051697189341676303,-0.019528269713022298,10839,-211.66691541944869,10839,-0.019528269713022298
Hapcheon-Changnyeong Weir,2018-10-20,1,20181020T021709_20181020T022232_T52SDE,S2B_MSIL2A_20181020T021709_N0510_R003_T52SDE_20250531T231417,52SDE,2018-10-20T02:27:34.358000+00:00,-0.038413634630817102,7258,-278.80616015047053,7258,-0.038413634630817102,-0.020552116589192398,7258,-149.16726220435842,7258,-0.020552116589192398
Hapcheon-Changnyeong Weir,2018-10-30,1,20181030T021819_20181030T022432_T52SDE,S2B_MSIL2A_20181030T021819_N0500_R003_T52SDE_20230707T113406,52SDE,2018-10-30T02:27:34.785000+00:00,-0.045745248681118997,7055,-322.73272944529452,7055,-0.045745248681118997,-0.0190407885286232,7055,-134.33276306943668,7055,-0.0190407885286232
Hapcheon-Changnyeong Weir,2019-05-03,1,20190503T021611_20190503T021607_T52SDE,S2A_MSIL2A_20190503T021611_N0500_R003_T52SDE_20221205T094439,52SDE,2019-05-03T02:27:41.104000+00:00,-0.026238608143954401,7749,-203.32297450750264,7749,-0.026238608143954397,-0.0032714573779457001,7749,-25.350523221701231,7749,-0.0032714573779457001
Hapcheon-Changnyeong Weir,2019-05-05,1,20190505T020659_20190505T021736_T52SDE,S2B_MSIL2A_20190505T020659_N0211_R103_T52SDE_20190505T041612,52SDE,2019-05-05T02:17:49+00:00,0.0071236809956041003,9038,64.383828838269864,9038,0.0071236809956041012,-0.0103493445944218,7598,-78.63432022841684,7598,-0.0103493445944218
Hapcheon-Changnyeong Weir,2019-05-10,1,20190510T020701_20190510T020657_T52SDE,S2A_MSIL2A_20190510T020701_N0500_R103_T52SDE_20221201T133723,52SDE,2019-05-10T02:17:45.268000+00:00,-0.012636121677851501,10839,-136.96292286623242,10839,-0.012636121677851501,-0.0030609116125699001,10839,-33.177220968645145,10839,-0.0030609116125698997
Hapcheon-Changnyeong Weir,2019-05-23,1,20190523T021611_20190523T022214_T52SDE,S2A_MSIL2A_20190523T021611_N0500_R003_T52SDE_20221212T010402,52SDE,2019-05-23T02:27:40.685000+00:00,0.049741591428497302,8374,416.53608662223638,8374,0.049741591428497302,0.0222211556400107,8374,186.0799573294496,8374,0.0222211556400107
Hapcheon-Changnyeong Weir,2019-05-30,1,20190530T020701_20190530T020656_T52SDE,S2A_MSIL2A_20190530T020701_N0212_R103_T52SDE_20190530T050413,52SDE,2019-05-30T02:17:44+00:00,0.2353567933899772,3139,738.7849744511384,3139,0.2353567933899772,0.068510399573207606,3139,215.05414426029867,3139,0.068510399573207606
Hapcheon-Changnyeong Weir,2019-06-04,1,20190604T020659_20190604T020701_T52SDE,S2B_MSIL2A_20190604T020659_N0500_R103_T52SDE_20230808T145552,52SDE,2019-06-04T02:17:49.507000+00:00,0.1059620220192197,10839,1148.5223566663224,10839,0.1059620220192197,0.031809343629483497,10839,344.7814755999716,10839,0.031809343629483497
Hapcheon-Changnyeong Weir,2019-06-09,1,20190609T020701_20190609T020655_T52SDE,S2A_MSIL2A_20190609T020701_N0212_R103_T52SDE_20190609T050254,52SDE,2019-06-09T02:17:43+00:00,0.1145712562805927,10036,1149.8371280320284,10036,0.11457125628059271,0.051343971689734397,10036,515.28809987817442,10036,0.051343971689734397
Hapcheon-Changnyeong Weir,2019-06-12,1,20190612T021611_20190612T022608_T52SDE,S2A_MSIL2A_20190612T021611_N0212_R003_T52SDE_20190612T043019,52SDE,2019-06-12T02:27:40+00:00,0.057043814469950903,8263,471.35303896520429,8263,0.057043814469950903,0.050370143550269801,8263,416.20849615587935,8263,0.050370143550269801
Hapcheon-Changnyeong Weir,2019-06-17,1,20190617T021609_20190617T022127_T52SDE,S2B_MSIL2A_20190617T021609_N0212_R003_T52SDE_20190617T055313,52SDE,2019-06-17T02:27:44+00:00,0.0584663766216795,5621,328.63950299046047,5621,0.0584663766216795,0.062822697535119598,5621,353.12638284490725,5621,0.062822697535119598
Hapcheon-Changnyeong Weir,2019-06-22,1,20190622T021611_20190622T021607_T52SDE,S2A_MSIL2A_20190622T021611_N0212_R003_T52SDE_20190622T051801,52SDE,2019-06-22T02:27:41+00:00,0.070456492286148906,8130,572.81128228639056,8130,0.070456492286148906,0.043767846911501401,8130,355.83259539050641,8130,0.043767846911501401
Hapcheon-Changnyeong Weir,2019-07-04,1,20190704T020659_20190704T020701_T52SDE,S2B_MSIL2A_20190704T020659_N0500_R103_T52SDE_20230717T171623,52SDE,2019-07-04T02:17:50.105000+00:00,0.12949634606831981,10839,1403.6108950345183,10839,0.12949634606831981,0.0596868191669759,10839,646.9454329508518,10839,0.0596868191669759
Hapcheon-Changnyeong Weir,2019-08-01,1,20190801T021611_20190801T021608_T52SDE,S2A_MSIL2A_20190801T021611_N0213_R003_T52SDE_20190801T050256,52SDE,2019-08-01T02:27:41.941000+00:00,0.063987745376444805,7251,463.97514172460126,7251,0.063987745376444805,0.020115325728750699,7251,145.85622685917133,7251,0.020115325728750702
Hapcheon-Changnyeong Weir,2019-08-18,1,20190818T020701_20190818T021257_T52SDE,S2A_MSIL2A_20190818T020701_N0213_R103_T52SDE_20190818T042046,52SDE,2019-08-18T02:17:44.255000+00:00,0.1565522382497791,10839,1696.8697103893555,10839,0.1565522382497791,0.0610464476082824,10833,661.3161669405232,10833,0.061046447608282393
Hapcheon-Changnyeong Weir,2019-08-26,1,20190826T021609_20190826T021607_T52SDE,S2B_MSIL2A_20190826T021609_N0213_R003_T52SDE_20190826T045559,52SDE,2019-08-26T02:27:41.887000+00:00,0.053097975811688201,7571,402.00477487029139,7571,0.053097975811688201,0.0001942394092375,7571,1.4705865673371126,7571,0.0001942394092375
Hapcheon-Changnyeong Weir,2019-09-17,1,20190917T020651_20190917T021734_T52SDE,S2A_MSIL2A_20190917T020651_N0213_R103_T52SDE_20190917T060908,52SDE,2019-09-17T02:17:43.638000+00:00,0.1652799049863839,10839,1791.4688901474151,10839,0.1652799049863839,0.037769502092284302,10839,409.38363317826952,10839,0.037769502092284302
Hapcheon-Changnyeong Weir,2019-10-10,1,20191010T021611_20191010T021609_T52SDE,S2A_MSIL2A_20191010T021611_N0213_R003_T52SDE_20191010T052518,52SDE,2019-10-10T02:27:39.964000+00:00,-0.087941973980357802,6333,-556.93652121760601,6333,-0.087941973980357815,-0.051521597206558099,6333,-326.28627510913242,6333,-0.051521597206558092
Hapcheon-Changnyeong Weir,2019-10-12,1,20191012T020659_20191012T020654_T52SDE,S2B_MSIL2A_20191012T020659_N0500_R103_T52SDE_20230719T000522,52SDE,2019-10-12T02:17:42.524000+00:00,0.0083474292868158002,10839,90.477786039796456,10839,0.0083474292868158002,-0.038555940101092499,10839,-417.90783475574159,10839,-0.038555940101092499
Hapcheon-Changnyeong Weir,2019-10-20,1,20191020T021721_20191020T021716_T52SDE,S2A_MSIL2A_20191020T021721_N0213_R003_T52SDE_20191020T052106,52SDE,2019-10-20T02:27:40.534000+00:00,-0.046326835661575201,7267,-336.65711475266698,7267,-0.046326835661575201,-0.023225524769998899,7267,-168.77988850358199,7267,-0.023225524769998899
Hapcheon-Changnyeong Weir,2019-10-22,1,20191022T020719_20191022T020722_T52SDE,S2B_MSIL2A_20191022T020719_N0213_R103_T52SDE_20191022T044434,52SDE,2019-10-22T02:17:42.528000+00:00,0.1065145719765358,10839,1154.5114456536714,10839,0.10651457197653579,0.010169634406570101,10839,110.22866733281332,10839,0.010169634406570101
Hapcheon-Changnyeong Weir,2019-10-27,1,20191027T020801_20191027T020756_T52SDE,S2A_MSIL2A_20191027T020801_N0213_R103_T52SDE_20191027T050157,52SDE,2019-10-27T02:17:44.668000+00:00,0.0516877038531834,10839,560.24302206465484,10839,0.051687703853183393,-0.0128038679350993,10834,-138.71710520886583,10834,-0.012803867935099302
Hapcheon-Changnyeong Weir,2019-10-30,1,20191030T021821_20191030T021819_T52SDE,S2A_MSIL2A_20191030T021821_N0500_R003_T52SDE_20230709T010057,52SDE,2019-10-30T02:27:40.543000+00:00,-0.063168741290826294,7233,-456.8995057565466,7233,-0.063168741290826294,-0.0194054200772549,7233,-140.35940341878469,7233,-0.0194054200772549
Hapcheon-Changnyeong Weir,2020-05-04,1,20200504T020701_20200504T020657_T52SDE,S2A_MSIL2A_20200504T020701_N0214_R103_T52SDE_20200504T051748,52SDE,2020-05-04T02:17:44.918000+00:00,0.030429720945513501,9838,299.36759466196185,9838,0.030429720945513505,0.0098130710417271005,9838,96.540992908511214,9838,0.0098130710417271005
Hapcheon-Changnyeong Weir,2020-05-12,1,20200512T021559_20200512T021601_T52SDE,S2B_MSIL2A_20200512T021559_N0214_R003_T52SDE_20200512T050014,52SDE,2020-05-12T02:27:36.017000+00:00,0.058901443733735598,8516,501.60469483649234,8516,0.058901443733735598,0.0230083701865425,8516,195.93928050859594,8516,0.0230083701865425
Hapcheon-Changnyeong Weir,2020-05-29,1,20200529T020659_20200529T020654_T52SDE,S2B_MSIL2A_20200529T020659_N0214_R103_T52SDE_20200529T050207,52SDE,2020-05-29T02:17:42.672000+00:00,0.1045517950368717,10839,1133.2369064046525,10839,0.10455179503687172,0.024553076716102799,10839,266.13079852583826,10839,0.024553076716102802
Hapcheon-Changnyeong Weir,2020-06-01,1,20200601T021609_20200601T021604_T52SDE,S2B_MSIL2A_20200601T021609_N0214_R003_T52SDE_20200601T050555,52SDE,2020-06-01T02:27:38.928000+00:00,0.047931306707451098,6450,309.15692826305957,6450,0.047931306707451098,0.043063032863278498,6450,277.75656196814629,6450,0.043063032863278491
Hapcheon-Changnyeong Weir,2020-06-08,1,20200608T020659_20200608T020655_T52SDE,S2B_MSIL2A_20200608T020659_N0214_R103_T52SDE_20200608T045438,52SDE,2020-06-08T02:17:43.544000+00:00,0.087016906713798206,10839,943.17625187085878,10839,0.087016906713798206,0.019460435183141101,10839,210.93165695006638,10839,0.019460435183141101
Hapcheon-Changnyeong Weir,2020-06-16,1,20200616T021611_20200616T021609_T52SDE,S2A_MSIL2A_20200616T021611_N0214_R003_T52SDE_20200616T053533,52SDE,2020-06-16T02:27:43.423000+00:00,0.010124737776632199,7193,72.827238827315412,7193,0.010124737776632199,0.0119962573836025,7193,86.289079360252785,7193,0.0119962573836025
Hapcheon-Changnyeong Weir,2020-06-21,1,20200621T021609_20200621T021605_T52SDE,S2B_MSIL2A_20200621T021609_N0214_R003_T52SDE_20200621T050033,52SDE,2020-06-21T02:27:39.886000+00:00,0.058980800344012298,7753,457.27814506712735,7753,0.058980800344012298,0.048478428261195701,7753,375.85325430905027,7753,0.048478428261195701
Hapcheon-Changnyeong Weir,2020-06-23,1,20200623T020701_20200623T020659_T52SDE,S2A_MSIL2A_20200623T020701_N0214_R103_T52SDE_20200623T051817,52SDE,2020-06-23T02:17:47.116000+00:00,0.1187934223196096,10839,1287.6019045222483,10839,0.11879342231960958,0.043805307368688297,10832,474.49908941763164,10832,0.043805307368688297
Hapcheon-Changnyeong Weir,2020-06-26,1,20200626T021611_20200626T021608_T52SDE,S2A_MSIL2A_20200626T021611_N0214_R003_T52SDE_20200626T053706,52SDE,2020-06-26T02:27:42.828000+00:00,0.041539221284005501,6100,253.38924983243356,6100,0.041539221284005501,0.0349407329180903,6100,213.13847080035083,6100,0.0349407329180903
Hapcheon-Changnyeong Weir,2020-06-28,1,20200628T020659_20200628T021737_T52SDE,S2B_MSIL2A_20200628T020659_N0214_R103_T52SDE_20200628T041834,52SDE,2020-06-28T02:17:46.684000+00:00,0.15181871247530279,9368,1422.2376984686366,9368,0.15181871247530279,0.0867589889543572,9368,812.75820852441825,9368,0.0867589889543572
Hapcheon-Changnyeong Weir,2020-07-16,1,20200716T021611_20200716T021608_T52SDE,S2A_MSIL2A_20200716T021611_N0214_R003_T52SDE_20200716T053754,52SDE,2020-07-16T02:27:42.052000+00:00,0.023618941329537301,7218,170.48151851660023,7218,0.023618941329537301,0.0093465570733126998,7218,67.46344895517106,7218,0.0093465570733126981
Hapcheon-Changnyeong Weir,2020-08-20,1,20200820T021609_20200820T021606_T52SDE,S2B_MSIL2A_20200820T021609_N0214_R003_T52SDE_20200820T045434,52SDE,2020-08-20T02:27:40.877000+00:00,0.057134445579799902,8395,479.64367064242015,8395,0.057134445579799902,-0.0019260674468151,8395,-16.169336216012763,8395,-0.0019260674468150997
Hapcheon-Changnyeong Weir,2020-08-25,1,20200825T021611_20200825T021608_T52SDE,S2A_MSIL2A_20200825T021611_N0214_R003_T52SDE_20200825T053321,52SDE,2020-08-25T02:27:42.745000+00:00,-0.010335215975163599,7238,-74.806293228234125,7238,-0.010335215975163599,-0.032831619144559003,7238,-237.63525936831806,7238,-0.032831619144559003
Hapcheon-Changnyeong Weir,2020-09-04,1,20200904T021611_20200904T021607_T52SDE,S2A_MSIL2A_20200904T021611_N0214_R003_T52SDE_20200904T052050,52SDE,2020-09-04T02:27:41.859000+00:00,0.030559616305880201,7230,220.94602589151384,7230,0.030559616305880201,-0.035583012390076503,7230,-257.26517958025312,7230,-0.035583012390076503
Hapcheon-Changnyeong Weir,2020-09-14,1,20200914T021611_20200914T021607_T52SDE,S2A_MSIL2A_20200914T021611_N0214_R003_T52SDE_20200914T052323,52SDE,2020-09-14T02:27:41.457000+00:00,-0.068049927950112193,7493,-509.89811013019067,7493,-0.068049927950112193,-0.045610433379943402,7493,-341.7589773159159,7493,-0.045610433379943402
Hapcheon-Changnyeong Weir,2020-10-01,1,20201001T020701_20201001T020659_T52SDE,S2A_MSIL2A_20201001T020701_N0214_R103_T52SDE_20201001T045717,52SDE,2020-10-01T02:17:47.057000+00:00,0.080073514271983906,10839,867.91682119403356,10839,0.080073514271983906,0.0066640047595899997,10839,72.231147589196013,10839,0.0066640047595900006
Hapcheon-Changnyeong Weir,2020-10-06,1,20201006T020659_20201006T020656_T52SDE,S2B_MSIL2A_20201006T020659_N0500_R103_T52SDE_20230411T043438,52SDE,2020-10-06T02:17:44.954000+00:00,0.088510723105686695,10839,959.36772774253814,10839,0.088510723105686695,0.00023093440615169999,10839,2.5030980282782762,10839,0.00023093440615169999
Hapcheon-Changnyeong Weir,2020-10-19,1,20201019T021719_20201019T022536_T52SDE,S2B_MSIL2A_20201019T021719_N0214_R003_T52SDE_20201019T045725,52SDE,2020-10-19T02:27:41.037000+00:00,0.032003433780760399,7813,250.04282812908099,7813,0.032003433780760399,-0.0097274123988036008,7813,-76.000273071852533,7813,-0.0097274123988036008
Hapcheon-Changnyeong Weir,2020-10-24,1,20201024T021751_20201024T022447_T52SDE,S2A_MSIL2A_20201024T021751_N0214_R003_T52SDE_20201024T045915,52SDE,2020-10-24T02:27:42.640000+00:00,0.048611217256840603,7068,343.58408357134937,7068,0.048611217256840603,-0.0056450884789113996,7068,-39.899485368945776,7068,-0.0056450884789114005
Hapcheon-Changnyeong Weir,2020-10-26,1,20201026T020759_20201026T020756_T52SDE,S2B_MSIL2A_20201026T020759_N0214_R103_T52SDE_20201026T043232,52SDE,2020-10-26T02:17:44.696000+00:00,0.13204038945556329,10839,1431.1857813088504,10839,0.13204038945556329,-0.0051195385719182999,10812,-55.352451039580657,10812,-0.0051195385719182999
Hapcheon-Changnyeong Weir,2020-10-29,1,20201029T021819_20201029T021816_T52SDE,S2B_MSIL2A_20201029T021819_N0214_R003_T52SDE_20201029T043353,52SDE,2020-10-29T02:27:40.407000+00:00,0.11136048957129729,8046,896.00649909065805,8046,0.11136048957129729,-0.0015301715445142001,8046,-12.311760247161255,8046,-0.0015301715445142001
Hapcheon-Changnyeong Weir,2021-05-09,1,20210509T020651_20210509T021025_T52SDE,S2A_MSIL2A_20210509T020651_N0300_R103_T52SDE_20210509T044903,52SDE,2021-05-09T02:17:40.444000+00:00,0.046126660266590097,10839,499.96687062957005,10839,0.046126660266590097,0.0110706656468668,10839,119.99494494638924,10839,0.0110706656468668
Hapcheon-Changnyeong Weir,2021-05-12,1,20210512T021601_20210512T022720_T52SDE,S2A_MSIL2A_20210512T021601_N0300_R003_T52SDE_20210512T041625,52SDE,2021-05-12T02:27:36.831000+00:00,0.041766122766656699,8272,345.48936752578419,8272,0.041766122766656699,0.026359680497547999,8272,218.04727707571706,8272,0.026359680497547999
Hapcheon-Changnyeong Weir,2021-05-19,1,20210519T020651_20210519T020653_T52SDE,S2A_MSIL2A_20210519T020651_N0500_R103_T52SDE_20230224T152720,52SDE,2021-05-19T02:17:41.641000+00:00,0.041363191195030201,10839,448.33562936293237,10839,0.041363191195030201,0.0078283309992750998,10839,84.851279701142801,10839,0.0078283309992750998
Hapcheon-Changnyeong Weir,2021-05-22,1,20210522T021601_20210522T022207_T52SDE,S2A_MSIL2A_20210522T021601_N0500_R003_T52SDE_20230224T233603,52SDE,2021-05-22T02:27:37.809000+00:00,0.026530336498842601,7929,210.35903809932299,7929,0.026530336498842601,0.0056513940670354004,7929,44.80990355752369,7929,0.0056513940670354004
Hapcheon-Changnyeong Weir,2021-05-29,1,20210529T020651_20210529T021027_T52SDE,S2A_MSIL2A_20210529T020651_N0500_R103_T52SDE_20230227T170302,52SDE,2021-05-29T02:17:42.195000+00:00,0.049231000798797699,10839,533.61481765816825,10839,0.049231000798797699,0.018331810749703501,10839,198.69849671603626,10839,0.018331810749703501
Hapcheon-Changnyeong Weir,2021-06-08,1,20210608T020651_20210608T021027_T52SDE,S2A_MSIL2A_20210608T020651_N0300_R103_T52SDE_20210608T045137,52SDE,2021-06-08T02:17:42.122000+00:00,0.1371224655223155,5888,807.37707699539362,5888,0.1371224655223155,0.077059693638170598,5456,420.43768848985877,5456,0.077059693638170598
Hapcheon-Changnyeong Weir,2021-06-21,1,20210621T021601_20210621T022255_T52SDE,S2A_MSIL2A_20210621T021601_N0300_R003_T52SDE_20210621T050048,52SDE,2021-06-21T02:27:38.058000+00:00,0.052608719033543902,8651,455.11802835918832,8651,0.052608719033543902,0.044381078951938102,8651,383.94071401321651,8651,0.044381078951938102
Hapcheon-Changnyeong Weir,2021-07-28,1,20210728T020701_20210728T020656_T52SDE,S2A_MSIL2A_20210728T020701_N0301_R103_T52SDE_20210728T045236,52SDE,2021-07-28T02:17:44.752000+00:00,0.16822069765421099,10641,1790.0364437384592,10641,0.16822069765421099,0.059705594839498097,10641,635.32723468709924,10641,0.059705594839498097
Hapcheon-Changnyeong Weir,2021-08-05,1,20210805T021609_20210805T021604_T52SDE,S2B_MSIL2A_20210805T021609_N0301_R003_T52SDE_20210805T043604,52SDE,2021-08-05T02:27:38.611000+00:00,0.022903644564469298,7452,170.67795929442522,7452,0.022903644564469298,-0.00050860152895959999,7452,-3.7900985938069391,7452,-0.00050860152895959999
Hapcheon-Changnyeong Weir,2021-08-07,1,20210807T020701_20210807T021029_T52SDE,S2A_MSIL2A_20210807T020701_N0301_R103_T52SDE_20210807T051852,52SDE,2021-08-07T02:17:44.203000+00:00,0.1226702014099524,10839,1329.622313082474,10839,0.12267020140995238,0.042480490133033302,10602,450.37815639041906,10602,0.042480490133033302
Hapcheon-Changnyeong Weir,2021-09-11,1,20210911T020649_20210911T020649_T52SDE,S2B_MSIL2A_20210911T020649_N0301_R103_T52SDE_20210911T043804,52SDE,2021-09-11T02:17:37.721000+00:00,0.036749405795420097,10839,398.32680941655843,10839,0.036749405795420097,-0.022614839567521201,10832,-244.96394219538965,10832,-0.022614839567521201
Hapcheon-Changnyeong Weir,2021-09-19,1,20210919T021611_20210919T022209_T52SDE,S2A_MSIL2A_20210919T021611_N0301_R003_T52SDE_20210919T051646,52SDE,2021-09-19T02:27:39.632000+00:00,0.0194001611504931,7626,147.94562893366037,7626,0.0194001611504931,0.020557439632898401,7626,156.77103464048321,7626,0.020557439632898401
Hapcheon-Changnyeong Weir,2021-10-01,1,20211001T020649_20211001T020652_T52SDE,S2B_MSIL2A_20211001T020649_N0500_R103_T52SDE_20230111T002651,52SDE,2021-10-01T02:17:40.876000+00:00,0.038226850819041903,10839,414.34083602759517,10839,0.038226850819041903,-0.011014072345170401,10839,-119.38153014930197,10839,-0.011014072345170401
Hapcheon-Changnyeong Weir,2021-10-14,1,20211014T021639_20211014T021639_T52SDE,S2B_MSIL2A_20211014T021639_N0301_R003_T52SDE_20211014T044840,52SDE,2021-10-14T02:27:38.550000+00:00,-0.031815195062630898,7013,-223.11996297423048,7013,-0.031815195062630898,-0.0059157608393767998,7013,-41.487230766549494,7013,-0.0059157608393767998
Hapcheon-Changnyeong Weir,2021-10-19,1,20211019T021721_20211019T022407_T52SDE,S2A_MSIL2A_20211019T021721_N0301_R003_T52SDE_20211019T051640,52SDE,2021-10-19T02:27:42.721000+00:00,-0.020682324324248401,7095,-146.74109108054242,7095,-0.020682324324248404,-0.0075888602402955996,7095,-53.842963404897276,7095,-0.0075888602402955987
Hapcheon-Changnyeong Weir,2021-10-24,1,20211024T021749_20211024T021743_T52SDE,S2B_MSIL2A_20211024T021749_N0301_R003_T52SDE_20211024T044140,52SDE,2021-10-24T02:27:38.899000+00:00,0.0142896837762403,6875,98.24157596165206,6875,0.0142896837762403,-0.0031837430358092,6875,-21.88823337118825,6875,-0.0031837430358092
Hapcheon-Changnyeong Weir,2021-10-31,1,20211031T020819_20211031T020820_T52SDE,S2B_MSIL2A_20211031T020819_N0500_R103_T52SDE_20230127T035223,52SDE,2021-10-31T02:17:42.637000+00:00,0.16712110496755339,10839,1811.4256567433113,10839,0.16712110496755339,-0.002597944114114,10839,-28.159116252881645,10839,-0.002597944114114
Hapcheon-Changnyeong Weir,2022-05-02,1,20220502T021559_20220502T021557_T52SDE,S2B_MSIL2A_20220502T021559_N0400_R003_T52SDE_20220502T044228,52SDE,2022-05-02T02:27:31.577000+00:00,0.028531292953873001,8618,245.88268267647751,8618,0.028531292953873001,0.0044135745541239004,8618,38.036185507439775,8618,0.0044135745541239004
Hapcheon-Changnyeong Weir,2022-05-04,1,20220504T020701_20220504T021642_T52SDE,S2A_MSIL2A_20220504T020701_N0400_R103_T52SDE_20220504T052914,52SDE,2022-05-04T02:17:46.255000+00:00,0.042523499204228501,10839,460.91220787463271,10839,0.042523499204228501,0.0006339657959234,10839,6.8715552620137323,10839,0.0006339657959234
Hapcheon-Changnyeong Weir,2022-05-17,1,20220517T021611_20220517T022234_T52SDE,S2A_MSIL2A_20220517T021611_N0400_R003_T52SDE_20220517T055107,52SDE,2022-05-17T02:27:42.483000+00:00,0.0526991300396061,8409,443.14698450304769,8409,0.0526991300396061,0.0227212120604155,8409,191.06267221603395,8409,0.0227212120604155
Hapcheon-Changnyeong Weir,2022-05-22,1,20220522T021609_20220522T022240_T52SDE,S2B_MSIL2A_20220522T021609_N0400_R003_T52SDE_20220522T050008,52SDE,2022-05-22T02:27:37.379000+00:00,0.023301011529489098,7041,164.06242217913274,7041,0.023301011529489098,0.014113510739798199,7041,99.373229118919127,7041,0.014113510739798199
Hapcheon-Changnyeong Weir,2022-05-24,1,20220524T020701_20220524T021301_T52SDE,S2A_MSIL2A_20220524T020701_N0510_R103_T52SDE_20240616T112904,52SDE,2022-05-24T02:17:47.867000+00:00,-0.038489149454906002,10839,-417.18389094172613,10839,-0.038489149454906002,0.0084330095401004002,10839,91.405390405148239,10839,0.0084330095401004002
Hapcheon-Changnyeong Weir,2022-05-27,1,20220527T021611_20220527T022236_T52SDE,S2A_MSIL2A_20220527T021611_N0400_R003_T52SDE_20220527T054614,52SDE,2022-05-27T02:27:44.789000+00:00,0.028128728310324699,7577,213.13137440733024,7577,0.028128728310324699,0.0094751394836483996,7577,71.793131867603918,7577,0.0094751394836483996
Hapcheon-Changnyeong Weir,2022-06-03,1,20220603T020701_20220603T021559_T52SDE,S2A_MSIL2A_20220603T020701_N0400_R103_T52SDE_20220603T055620,52SDE,2022-06-03T02:17:49.267000+00:00,-0.078732121876314995,10839,-853.37746901737819,10839,-0.078732121876314995,0.026028719955742401,10839,282.12529560029191,10839,0.026028719955742404
Hapcheon-Changnyeong Weir,2022-06-16,1,20220616T021541_20220616T022208_T52SDE,S2A_MSIL2A_20220616T021541_N0400_R003_T52SDE_20220616T054811,52SDE,2022-06-16T02:27:45.586000+00:00,0.041398785835075502,6924,286.64519312206278,6924,0.041398785835075502,0.0314907511651581,6924,218.04196106755469,6924,0.0314907511651581
Hapcheon-Changnyeong Weir,2022-06-18,1,20220618T020659_20220618T021309_T52SDE,S2B_MSIL2A_20220618T020659_N0400_R103_T52SDE_20220618T043051,52SDE,2022-06-18T02:17:45.506000+00:00,0.147335402719592,10839,1596.9684300776578,10839,0.147335402719592,0.042903628885249102,10839,465.03243348721503,10839,0.042903628885249102
Hapcheon-Changnyeong Weir,2022-06-21,1,20220621T021539_20220621T022216_T52SDE,S2B_MSIL2A_20220621T021539_N0400_R003_T52SDE_20220621T045243,52SDE,2022-06-21T02:27:41.876000+00:00,0.055097563947130501,6516,359.01572667950234,6516,0.055097563947130501,0.022975081743859101,6516,149.7056326429859,6516,0.022975081743859101
Hapcheon-Changnyeong Weir,2022-07-01,1,20220701T021539_20220701T022213_T52SDE,S2B_MSIL2A_20220701T021539_N0400_R003_T52SDE_20220701T043554,52SDE,2022-07-01T02:27:42.482000+00:00,0.035856383320261899,6541,234.53660329783307,6541,0.035856383320261899,0.021930900166479798,6541,143.45001798894435,6541,0.021930900166479798
Hapcheon-Changnyeong Weir,2022-08-22,1,20220822T020711_20220822T021658_T52SDE,S2A_MSIL2A_20220822T020711_N0400_R103_T52SDE_20220824T143002,52SDE,2022-08-22T02:17:54.051000+00:00,0.107468473144779,10839,1164.8507804162596,10839,0.107468473144779,0.053918750153976,10839,584.42533291894586,10839,0.053918750153976
Hapcheon-Changnyeong Weir,2022-09-09,2,20220909T021539_20220909T022159_T52SDE|20220909T021539_20220909T022735_T52SDE,S2B_MSIL2A_20220909T021539_N0400_R003_T52SDE_20220909T043406|S2B_MSIL2A_20220909T021539_N0400_R003_T52SDE_20220909T052749,52SDE|52SDE,2022-09-09T02:27:36.575000+00:00|2022-09-09T02:27:43.206000+00:00,-0.041957466843845298|-0.040002032883100197,7455|7455,-611.00807046437876,14910,-0.040979749863472754,-0.037073572136212402|-0.036932560482701202,7455|7455,-551.71571867400098,14910,-0.037003066309456809
Hapcheon-Changnyeong Weir,2022-09-24,1,20220924T021541_20220924T022204_T52SDE,S2A_MSIL2A_20220924T021541_N0400_R003_T52SDE_20220924T054059,52SDE,2022-09-24T02:27:41.633000+00:00,0.0640961089492635,7485,479.75937548523729,7485,0.0640961089492635,0.063056282660864105,7485,471.97627571656784,7485,0.063056282660864105
Hapcheon-Changnyeong Weir,2022-09-29,1,20220929T021529_20220929T022606_T52SDE,S2B_MSIL2A_20220929T021529_N0400_R003_T52SDE_20220929T051901,52SDE,2022-09-29T02:27:37.138000+00:00,0.10477124671363131,7165,750.68598270316829,7165,0.10477124671363131,0.0031661032794181999,7165,22.685129997031403,7165,0.0031661032794181999
Hapcheon-Changnyeong Weir,2022-10-01,1,20221001T020701_20221001T021301_T52SDE,S2A_MSIL2A_20221001T020701_N0400_R103_T52SDE_20221001T052952,52SDE,2022-10-01T02:17:48.649000+00:00,0.21345045908225899,10839,2313.5895259926051,10839,0.21345045908225899,0.011162439968680099,10839,120.9896868205236,10839,0.011162439968680099
Hapcheon-Changnyeong Weir,2022-10-11,1,20221011T020701_20221011T021300_T52SDE,S2A_MSIL2A_20221011T020701_N0400_R103_T52SDE_20221011T052455,52SDE,2022-10-11T02:17:47.042000+00:00,0.15637545823136989,10839,1694.9535917698183,10839,0.15637545823136989,-1.3140002647862299e-05,10839,-0.14242448870017946,10839,-1.3140002647862299e-05
Hapcheon-Changnyeong Weir,2022-10-14,1,20221014T021641_20221014T022306_T52SDE,S2A_MSIL2A_20221014T021641_N0400_R003_T52SDE_20221014T054257,52SDE,2022-10-14T02:27:41.921000+00:00,0.14098136598407701,8152,1149.2800955021958,8152,0.14098136598407701,0.0030769903642826001,8152,25.083625449631757,8152,0.0030769903642826001
Hapcheon-Changnyeong Weir,2022-10-16,1,20221016T020649_20221016T021304_T52SDE,S2B_MSIL2A_20221016T020649_N0400_R103_T52SDE_20221016T042307,52SDE,2022-10-16T02:17:40.621000+00:00,0.19775483825405771,10839,2143.4646918357316,10839,0.19775483825405771,0.0026400966667822,10839,28.616007771252267,10839,0.0026400966667822
Hapcheon-Changnyeong Weir,2022-10-19,1,20221019T021709_20221019T022253_T52SDE,S2B_MSIL2A_20221019T021709_N0400_R003_T52SDE_20221019T043130,52SDE,2022-10-19T02:27:36.743000+00:00,0.11159717602996511,7363,821.69000710863304,7363,0.11159717602996511,-0.00097651282936430002,7363,-7.190063962609341,7363,-0.00097651282936430002
Hapcheon-Changnyeong Weir,2022-10-26,1,20221026T020749_20221026T021400_T52SDE,S2B_MSIL2A_20221026T020749_N0400_R103_T52SDE_20221026T042127,52SDE,2022-10-26T02:17:40.602000+00:00,0.0601223338679139,10839,651.66597679431879,10839,0.0601223338679139,-0.0039612741550837001,10839,-42.936250566952225,10839,-0.0039612741550837001
Hapcheon-Changnyeong Weir,2022-10-31,1,20221031T020821_20221031T021424_T52SDE,S2A_MSIL2A_20221031T020821_N0400_R103_T52SDE_20221031T052455,52SDE,2022-10-31T02:17:45.247000+00:00,0.1068186250108115,10839,1157.8070764921858,10839,0.1068186250108115,0.066493867691779299,10839,720.72703191119581,10839,0.066493867691779299
Hapcheon-Changnyeong Weir,2023-05-09,1,20230509T020651_20230509T021248_T52SDE,S2A_MSIL2A_20230509T020651_N0509_R103_T52SDE_20230509T051551,52SDE,2023-05-09T02:17:41.087000+00:00,-0.01365126570183,10839,-147.96606894213537,10839,-0.01365126570183,-0.0091052690529374002,10839,-98.692011264788476,10839,-0.0091052690529374002
Hapcheon-Changnyeong Weir,2023-05-14,1,20230514T020659_20230514T021257_T52SDE,S2B_MSIL2A_20230514T020659_N0509_R103_T52SDE_20230514T042809,52SDE,2023-05-14T02:17:44.853000+00:00,0.032381518704494697,10839,350.98328123801804,10839,0.032381518704494697,-0.0026114900275391998,10839,-28.305940408497388,10839,-0.0026114900275391998
Hapcheon-Changnyeong Weir,2023-05-17,2,20230517T021539_20230517T022202_T52SDE|20230517T021539_20230517T022738_T52SDE,S2B_MSIL2A_20230517T021539_N0509_R003_T52SDE_20230517T044103|S2B_MSIL2A_20230517T021539_N0509_R003_T52SDE_20230517T052755,52SDE|52SDE,2023-05-17T02:27:39.333000+00:00|2023-05-17T02:27:45.979000+00:00,0.031193977179383998|0.034226008914603499,6690|6690,437.65970696877639,13380,0.032709993046993749,0.020632610477825299|0.020949690753595599,6690|6690,278.18559523820579,13380,0.020791150615710449
Hapcheon-Changnyeong Weir,2023-06-06,2,20230606T021539_20230606T022202_T52SDE|20230606T021539_20230606T022738_T52SDE,S2B_MSIL2A_20230606T021539_N0509_R003_T52SDE_20230606T043948|S2B_MSIL2A_20230606T021539_N0509_R003_T52SDE_20230606T052901,52SDE|52SDE,2023-06-06T02:27:39.386000+00:00|2023-06-06T02:27:46.031000+00:00,0.051915339661123099|0.043424913187985199,6961|6961,663.66350008264283,13922,0.047670126424554149,0.029922774429212401|0.018190965118558299,6961|6961,334.91974099203185,13922,0.02405686977388535
Hapcheon-Changnyeong Weir,2023-06-16,2,20230616T021539_20230616T022203_T52SDE|20230616T021539_20230616T022739_T52SDE,S2B_MSIL2A_20230616T021539_N0509_R003_T52SDE_20230616T043833|S2B_MSIL2A_20230616T021539_N0509_R003_T52SDE_20230616T052753,52SDE|52SDE,2023-06-16T02:27:40.006000+00:00|2023-06-16T02:27:46.725000+00:00,0.089856382650184502|0.087838063112391798,7047|7046,1252.1249212257628,14093,0.088847294488452619,0.039719184256184099|0.041219018899165898,7047|7046,570.33029861685225,14093,0.040469048365632032
Hapcheon-Changnyeong Weir,2023-06-23,1,20230623T020659_20230623T021723_T52SDE,S2B_MSIL2A_20230623T020659_N0509_R103_T52SDE_20230623T055723,52SDE,2023-06-23T02:17:45.235000+00:00,0.14837500238289469,10839,1608.2366508281955,10839,0.14837500238289469,0.047690039705667001,10839,516.91234036972457,10839,0.047690039705666994
Hapcheon-Changnyeong Weir,2023-08-05,2,20230805T021539_20230805T022202_T52SDE|20230805T021539_20230805T022738_T52SDE,S2B_MSIL2A_20230805T021539_N0509_R003_T52SDE_20230805T044141|S2B_MSIL2A_20230805T021539_N0509_R003_T52SDE_20230805T052730,52SDE|52SDE,2023-08-05T02:27:39.528000+00:00|2023-08-05T02:27:46.160000+00:00,0.028173334001115099|0.029574067631720099,7346|7345,424.18283832717566,14691,0.028873653143228893,0.00058206833031640003|0.0020464181428707,7346|7345,19.306815213889568,14691,0.0013141933982635332
Hapcheon-Changnyeong Weir,2023-08-15,1,20230815T021539_20230815T021939_T52SDE,S2B_MSIL2A_20230815T021539_N0509_R003_T52SDE_20230815T052653,52SDE,2023-08-15T02:27:42.908000+00:00,-0.0085807979434136001,6984,-59.92829283680058,6984,-0.0085807979434136001,-0.060398375067664697,6984,-421.82225147257026,6984,-0.060398375067664697
Hapcheon-Changnyeong Weir,2023-09-09,1,20230909T021541_20230909T022102_T52SDE,S2A_MSIL2A_20230909T021541_N0509_R003_T52SDE_20230909T072557,52SDE,2023-09-09T02:27:42.482000+00:00,-0.0053818677382566999,6526,-35.122068859863226,6526,-0.0053818677382566999,-0.018571075401233001,6526,-121.19483806844657,6526,-0.018571075401233001
Hapcheon-Changnyeong Weir,2023-09-24,1,20230924T021539_20230924T022642_T52SDE,S2B_MSIL2A_20230924T021539_N0509_R003_T52SDE_20230924T053147,52SDE,2023-09-24T02:27:40.832000+00:00,-0.023410795835914499,7002,-163.92239244307333,7002,-0.023410795835914502,-0.057806187445700798,7002,-404.75892449479699,7002,-0.057806187445700798
Hapcheon-Changnyeong Weir,2023-09-29,2,20230929T021531_20230929T022200_T52SDE|20230929T021531_20230929T022736_T52SDE,S2A_MSIL2A_20230929T021531_N0509_R003_T52SDE_20230929T052453|S2A_MSIL2A_20230929T021531_N0509_R003_T52SDE_20230929T071454,52SDE|52SDE,2023-09-29T02:27:37.208000+00:00|2023-09-29T02:27:43.890000+00:00,-0.081489504071575403|-0.069835979480851407,7266|7266,-1099.5309634919331,14532,-0.075662741776213405,-0.030219620562127798|-0.0272253784844072,7266|7266,-417.3953630721233,14532,-0.028722499523267501
Hapcheon-Changnyeong Weir,2023-10-01,1,20231001T020659_20231001T021254_T52SDE,S2B_MSIL2A_20231001T020659_N0509_R103_T52SDE_20231001T042700,52SDE,2023-10-01T02:17:43.258000+00:00,0.039290200572893001,10839,425.86648400958723,10839,0.039290200572893001,0.0031908729352624998,10839,34.585871745310236,10839,0.0031908729352624998
Hapcheon-Changnyeong Weir,2023-10-04,1,20231004T021529_20231004T022639_T52SDE,S2B_MSIL2A_20231004T021529_N0509_R003_T52SDE_20231004T052938,52SDE,2023-10-04T02:27:37.887000+00:00,-0.046432707116649798,8310,-385.85579613935982,8310,-0.046432707116649798,-0.0126300299575172,8310,-104.95554894696794,8310,-0.0126300299575172
Hapcheon-Changnyeong Weir,2023-10-06,1,20231006T020651_20231006T021253_T52SDE,S2A_MSIL2A_20231006T020651_N0509_R103_T52SDE_20231006T052302,52SDE,2023-10-06T02:17:42.308000+00:00,0.067111820334456604,10839,727.42502060517518,10839,0.067111820334456604,0.0126142184369445,10839,136.72551363804143,10839,0.0126142184369445
Hapcheon-Changnyeong Weir,2023-10-11,1,20231011T020649_20231011T021253_T52SDE,S2B_MSIL2A_20231011T020649_N0509_R103_T52SDE_20231011T042543,52SDE,2023-10-11T02:17:43.111000+00:00,0.051194803883039798,10839,554.90047928826834,10839,0.051194803883039798,0.0002075832937861,10839,2.2499953213475381,10839,0.00020758329378610003
Hapcheon-Changnyeong Weir,2023-10-16,1,20231016T020651_20231016T021251_T52SDE,S2A_MSIL2A_20231016T020651_N0509_R103_T52SDE_20231016T051356,52SDE,2023-10-16T02:17:40.259000+00:00,0.062284614052652197,10839,675.10293171669719,10839,0.062284614052652197,0.012273224753277001,10839,133.02948310076943,10839,0.012273224753277003
Hapcheon-Changnyeong Weir,2023-10-29,1,20231029T021811_20231029T022436_T52SDE,S2A_MSIL2A_20231029T021811_N0509_R003_T52SDE_20231029T052155,52SDE,2023-10-29T02:27:37.047000+00:00,-0.069889867199000005,7462,-521.51818903893809,7462,-0.069889867199000005,-0.0139920470576088,7462,-104.40865514387687,7462,-0.0139920470576088
Hapcheon-Changnyeong Weir,2023-10-31,1,20231031T020819_20231031T021420_T52SDE,S2B_MSIL2A_20231031T020819_N0509_R103_T52SDE_20231031T042727,52SDE,2023-10-31T02:17:43.661000+00:00,0.071702068059394095,10839,777.17871569577255,10839,0.071702068059394095,-0.0076312530003903997,10839,-82.715151271231548,10839,-0.0076312530003904006
Hapcheon-Changnyeong Weir,2024-05-03,1,20240503T020651_20240503T021443_T52SDE,S2A_MSIL2A_20240503T020651_N0510_R103_T52SDE_20240503T061350,52SDE,2024-05-03T02:17:44.228000+00:00,-0.0014060353964013999,10839,-15.240017661594774,10839,-0.0014060353964013999,-0.0087401565208548998,10839,-94.734556529546254,10839,-0.0087401565208548998
Hapcheon-Changnyeong Weir,2024-05-13,1,20240513T020651_20240513T021436_T52SDE,S2A_MSIL2A_20240513T020651_N0510_R103_T52SDE_20240513T051859,52SDE,2024-05-13T02:17:44.509000+00:00,0.041734696288391097,10839,452.36237306987113,10839,0.041734696288391097,-0.0033083606810252,10839,-35.859321421632146,10839,-0.0033083606810252004
Hapcheon-Changnyeong Weir,2024-05-16,1,20240516T021611_20240516T022028_T52SDE,S2A_MSIL2A_20240516T021611_N0510_R003_T52SDE_20240516T074100,52SDE,2024-05-16T02:27:39.944000+00:00,0.018605465101240601,5664,105.38135433342676,5664,0.018605465101240601,0.0113147503145847,5664,64.08674578180775,5664,0.011314750314584702
Hapcheon-Changnyeong Weir,2024-05-18,1,20240518T020649_20240518T020649_T52SDE,S2B_MSIL2A_20240518T020649_N0510_R103_T52SDE_20240518T040445,52SDE,2024-05-18T02:17:39.699000+00:00,0.053867251980834599,10839,583.86714422026625,10839,0.053867251980834599,0.0045224542027690997,10839,49.018881103814273,10839,0.0045224542027690997
Hapcheon-Changnyeong Weir,2024-05-31,1,20240531T021529_20240531T021532_T52SDE,S2B_MSIL2A_20240531T021529_N0510_R003_T52SDE_20240531T042042,52SDE,2024-05-31T02:27:37.724000+00:00,0.032779461604575698,7504,245.97707988073603,7504,0.032779461604575698,0.012589339720660101,7504,94.470405263833399,7504,0.012589339720660101
Hapcheon-Changnyeong Weir,2024-06-10,1,20240610T021539_20240610T021535_T52SDE,S2B_MSIL2A_20240610T021539_N0510_R003_T52SDE_20240610T042021,52SDE,2024-06-10T02:27:40.499000+00:00,-0.021846586070746798,6881,-150.32635875280872,6881,-0.021846586070746798,0.0023058896662768,6881,15.866826793650661,6881,0.0023058896662768
Hapcheon-Changnyeong Weir,2024-06-12,1,20240612T020701_20240612T021146_T52SDE,S2A_MSIL2A_20240612T020701_N0510_R103_T52SDE_20240612T053459,52SDE,2024-06-12T02:17:47.490000+00:00,0.050582388559367197,10839,548.262509594981,10839,0.05058238855936719,0.028144838584935501,10839,305.0619054221159,10839,0.028144838584935501
Hapcheon-Changnyeong Weir,2024-07-05,1,20240705T021541_20240705T022512_T52SDE,S2A_MSIL2A_20240705T021541_N0510_R003_T52SDE_20240705T054449,52SDE,2024-07-05T02:27:39.877000+00:00,0.0285581238548934,7452,212.81513896666561,7452,0.0285581238548934,-0.0038864410255105,7452,-28.961758522104248,7452,-0.0038864410255105
Hapcheon-Changnyeong Weir,2024-07-30,1,20240730T021539_20240730T021533_T52SDE,S2B_MSIL2A_20240730T021539_N0511_R003_T52SDE_20240730T041503,52SDE,2024-07-30T02:27:38.710000+00:00,0.064559666021374501,7918,511.18343555724329,7918,0.064559666021374501,0.024258690927087601,7918,192.08031476067961,7918,0.024258690927087601
Hapcheon-Changnyeong Weir,2024-08-09,1,20240809T021539_20240809T022639_T52SDE,S2B_MSIL2A_20240809T021539_N0511_R003_T52SDE_20240809T042748,52SDE,2024-08-09T02:27:41.159000+00:00,0.015632243040480599,6964,108.86294053390689,6964,0.015632243040480599,-0.00055685863752489998,6964,-3.8779635517234032,6964,-0.00055685863752489998
Hapcheon-Changnyeong Weir,2024-08-14,1,20240814T021601_20240814T022230_T52SDE,S2A_MSIL2A_20240814T021601_N0511_R003_T52SDE_20240814T052653,52SDE,2024-08-14T02:27:38.739000+00:00,0.1441233676744785,7995,1152.2663245574556,7995,0.1441233676744785,0.012715879848091499,7995,101.66345938549154,7995,0.012715879848091499
Hapcheon-Changnyeong Weir,2024-08-24,1,20240824T021531_20240824T022206_T52SDE,S2A_MSIL2A_20240824T021531_N0511_R003_T52SDE_20240824T073115,52SDE,2024-08-24T02:27:34.897000+00:00,0.19043029197553929,9924,1889.8302175652518,9924,0.19043029197553929,0.046178442847779701,9924,458.27486682136578,9924,0.046178442847779701
Hapcheon-Changnyeong Weir,2024-08-31,1,20240831T020651_20240831T020650_T52SDE,S2A_MSIL2A_20240831T020651_N0511_R103_T52SDE_20240831T060051,52SDE,2024-08-31T02:17:40.433000+00:00,0.215507432285579,10839,2335.8850585433906,10839,0.21550743228557898,0.046308913576817698,10839,501.94231425912704,10839,0.046308913576817698
Hapcheon-Changnyeong Weir,2024-09-05,1,20240905T020659_20240905T020653_T52SDE,S2B_MSIL2A_20240905T020659_N0511_R103_T52SDE_20240905T040210,52SDE,2024-09-05T02:17:43.984000+00:00,0.12466338251068371,10839,1351.2264030333006,10839,0.12466338251068369,0.033342189550589797,10839,361.39599253884279,10839,0.033342189550589797
Hapcheon-Changnyeong Weir,2024-09-10,1,20240910T020651_20240910T020650_T52SDE,S2A_MSIL2A_20240910T020651_N0511_R103_T52SDE_20240910T054852,52SDE,2024-09-10T02:17:40.351000+00:00,0.12050846275119791,10839,1306.1912277602341,10839,0.12050846275119791,0.0275280401788125,10839,298.3764274981487,10839,0.0275280401788125
Hapcheon-Changnyeong Weir,2024-09-23,1,20240923T021531_20240923T022308_T52SDE,S2A_MSIL2A_20240923T021531_N0511_R003_T52SDE_20240923T053200,52SDE,2024-09-23T02:27:38.887000+00:00,-0.033999974071748498,7036,-239.22381756882243,7036,-0.033999974071748498,-0.032219450900504903,7036,-226.69605653595249,7036,-0.032219450900504903
Hapcheon-Changnyeong Weir,2024-09-30,1,20240930T020651_20240930T020653_T52SDE,S2A_MSIL2A_20240930T020651_N0511_R103_T52SDE_20240930T055753,52SDE,2024-09-30T02:17:43.507000+00:00,0.085130499757706299,10839,922.72948687377857,10839,0.085130499757706299,-0.013808422155945001,10839,-149.66948774828785,10839,-0.013808422155944999
Hapcheon-Changnyeong Weir,2024-10-05,1,20241005T020649_20241005T020652_T52SDE,S2B_MSIL2A_20241005T020649_N0511_R103_T52SDE_20241005T040520,52SDE,2024-10-05T02:17:42.212000+00:00,-0.0090370773181709003,2882,-26.044856830968534,2882,-0.0090370773181709003,-0.0105936252076285,2882,-30.530827848385336,2882,-0.0105936252076285
Hapcheon-Changnyeong Weir,2024-10-08,1,20241008T021529_20241008T022704_T52SDE,S2B_MSIL2A_20241008T021529_N0511_R003_T52SDE_20241008T150637,52SDE,2024-10-08T02:27:36.798000+00:00,-0.046616660267854902,7278,-339.27605342944798,7278,-0.046616660267854902,-0.019334000492098002,7278,-140.71285558148926,7278,-0.019334000492098002
Hapcheon-Changnyeong Weir,2024-10-10,1,20241010T020651_20241010T020648_T52SDE,S2A_MSIL2A_20241010T020651_N0511_R103_T52SDE_20241010T055650,52SDE,2024-10-10T02:17:38.369000+00:00,0.054134885033396099,10839,586.76801887698036,10839,0.054134885033396106,-0.0129552211967797,10839,-140.42164255189516,10839,-0.0129552211967797
Hapcheon-Changnyeong Weir,2024-10-30,1,20241030T020821_20241030T021624_T52SDE,S2A_MSIL2A_20241030T020821_N0511_R103_T52SDE_20241030T051219,52SDE,2024-10-30T02:17:41.912000+00:00,0.086248996122991695,10839,934.85286897710694,10839,0.086248996122991695,-0.0081246875321601998,10839,-88.063488161084408,10839,-0.0081246875321601998
Hapcheon-Changnyeong Weir,2025-05-08,1,20250508T020711_20250508T020903_T52SDE,S2C_MSIL2A_20250508T020711_N0511_R103_T52SDE_20250508T055213,52SDE,2025-05-08T02:18:01.140000+00:00,-0.017169246314056901,10839,-186.09746079806274,10839,-0.017169246314056901,0.0067498658742806,10839,73.161796211327427,10839,0.0067498658742806
Hapcheon-Changnyeong Weir,2025-05-28,1,20250528T020711_20250528T021218_T52SDE,S2C_MSIL2A_20250528T020711_N0511_R103_T52SDE_20250528T063213,52SDE,2025-05-28T02:18:01.370000+00:00,-0.18193477083616669,10839,-1971.9909810932106,10839,-0.18193477083616669,0.0270118326035972,10839,292.78125359039007,10839,0.027011832603597203
Hapcheon-Changnyeong Weir,2025-05-30,1,20250530T021121_20250530T021428_T52SDE,S2A_MSIL2A_20250530T021121_N0511_R103_T52SDE_20250530T062212,52SDE,2025-05-30T02:17:58.527000+00:00,0.039409905701132598,10839,427.16396789457622,10839,0.039409905701132598,0.041879931856095801,10839,453.93658138822241,10839,0.041879931856095801
Hapcheon-Changnyeong Weir,2025-06-05,1,20250605T021529_20250605T022440_T52SDE,S2B_MSIL2A_20250605T021529_N0511_R003_T52SDE_20250605T041606,52SDE,2025-06-05T02:27:37.503000+00:00,0.0051146929235875004,7553,38.631275651856392,7553,0.0051146929235875004,0.0138396829799522,7553,104.53112554757897,7553,0.0138396829799522
Hapcheon-Changnyeong Weir,2025-06-07,1,20250607T020711_20250607T021157_T52SDE,S2C_MSIL2A_20250607T020711_N0511_R103_T52SDE_20250607T055113,52SDE,2025-06-07T02:18:01.858000+00:00,0.043568487913445399,10839,472.23884049383469,10839,0.043568487913445399,0.053202166313458601,10839,576.65828067157781,10839,0.053202166313458601
Hapcheon-Changnyeong Weir,2025-06-10,1,20250610T021551_20250610T022732_T52SDE,S2C_MSIL2A_20250610T021551_N0511_R003_T52SDE_20250610T044827,52SDE,2025-06-10T02:27:57.510000+00:00,-0.020773356198437801,6852,-142.33903667169582,6852,-0.020773356198437804,0.0047196898931384,6852,32.339315147784319,6852,0.0047196898931384
Hapcheon-Changnyeong Weir,2025-07-02,1,20250702T020659_20250702T020654_T52SDE,S2B_MSIL2A_20250702T020659_N0511_R103_T52SDE_20250702T034405,52SDE,2025-07-02T02:17:44.450000+00:00,0.144800383526902,9917,1435.985403436287,9917,0.144800383526902,0.031938190613434198,9917,316.73103631342696,9917,0.031938190613434198
Hapcheon-Changnyeong Weir,2025-07-05,1,20250705T021539_20250705T021535_T52SDE,S2B_MSIL2A_20250705T021539_N0511_R003_T52SDE_20250705T035632,52SDE,2025-07-05T02:27:40.728000+00:00,0.059357020059434502,7097,421.25677136180667,7097,0.059357020059434502,0.0112694217377142,7097,79.979086072557678,7097,0.0112694217377142
Hapcheon-Changnyeong Weir,2025-07-07,1,20250707T020711_20250707T021412_T52SDE,S2C_MSIL2A_20250707T020711_N0511_R103_T52SDE_20250707T054916,52SDE,2025-07-07T02:18:04.134000+00:00,0.1098770677408414,10302,1131.953551866148,10302,0.1098770677408414,0.0275621269675458,10302,283.94503201965682,10302,0.0275621269675458
Hapcheon-Changnyeong Weir,2025-07-09,1,20250709T021131_20250709T021441_T52SDE,S2A_MSIL2A_20250709T021131_N0511_R103_T52SDE_20250709T062417,52SDE,2025-07-09T02:18:00.206000+00:00,0.1103041247186318,10839,1195.58640782525,10839,0.1103041247186318,0.031079298855334302,10839,336.86852029296847,10839,0.031079298855334298
Hapcheon-Changnyeong Weir,2025-07-10,1,20250710T021631_20250710T022524_T52SDE,S2C_MSIL2A_20250710T021631_N0511_R003_T52SDE_20250710T055619,52SDE,2025-07-10T02:28:00.375000+00:00,0.042248498935854202,6388,269.88341120223663,6388,0.042248498935854202,0.0257696619751023,6388,164.6166006969535,6388,0.0257696619751023
Hapcheon-Changnyeong Weir,2025-07-25,1,20250725T021539_20250725T022319_T52SDE,S2B_MSIL2A_20250725T021539_N0511_R003_T52SDE_20250725T041758,52SDE,2025-07-25T02:27:39.267000+00:00,0.023375396787231901,7648,178.77503462874958,7648,0.023375396787231901,-0.0040024820719002999,7648,-30.610982885893492,7648,-0.0040024820719002999
Hapcheon-Changnyeong Weir,2025-07-29,1,20250729T021131_20250729T021429_T52SDE,S2A_MSIL2A_20250729T021131_N0511_R103_T52SDE_20250729T061616,52SDE,2025-07-29T02:17:59.629000+00:00,0.067145249593105694,10839,727.78736033967266,10839,0.067145249593105694,0.0024792933841839,10839,26.873060991169293,10839,0.0024792933841839
Hapcheon-Changnyeong Weir,2025-07-30,1,20250730T021551_20250730T022259_T52SDE,S2C_MSIL2A_20250730T021551_N0511_R003_T52SDE_20250730T055117,52SDE,2025-07-30T02:27:58.885000+00:00,-0.0053317734504041998,24,-0.12796256280970081,24,-0.0053317734504042006,0.0058380511463843997,24,0.14011322751322558,24,0.0058380511463843989
Hapcheon-Changnyeong Weir,2025-08-01,2,20250801T020649_20250801T021704_T52SDE|20250801T022131_20250801T022131_T52SDE,S2B_MSIL2A_20250801T020649_N0511_R103_T52SDE_20250801T040552|S2A_MSIL2A_20250801T022131_N0511_R003_T52SDE_20250801T071659,52SDE|52SDE,2025-08-01T02:17:41.374000+00:00|2025-08-01T02:27:54.803000+00:00,-0.1019363039574004|-0.040267438087950302,10839|7212,-1395.2963620845605,18051,-0.077297455104125015,0.0033844413996701999|-0.0069595891355457998,10839|7212,-13.508596514531014,18051,-0.00074835723863115699
Hapcheon-Changnyeong Weir,2025-08-18,1,20250818T021121_20250818T021646_T52SDE,S2A_MSIL2A_20250818T021121_N0511_R103_T52SDE_20250818T061108,52SDE,2025-08-18T02:17:54.846000+00:00,0.16502654796440319,10839,1788.7227533861662,10839,0.16502654796440319,0.0136562982010075,10839,148.0206162007203,10839,0.013656298201007501
Hapcheon-Changnyeong Weir,2025-08-21,1,20250821T020659_20250821T020653_T52SDE,S2B_MSIL2A_20250821T020659_N0511_R103_T52SDE_20250821T035126,52SDE,2025-08-21T02:17:43.644000+00:00,0.15031455841462049,10829,1627.7563530719253,10829,0.15031455841462049,0.0272382848700886,10829,294.96338685818944,10829,0.0272382848700886
Hapcheon-Changnyeong Weir,2025-09-23,1,20250923T021529_20250923T022229_T52SDE,S2B_MSIL2A_20250923T021529_N0511_R003_T52SDE_20250923T041635,52SDE,2025-09-23T02:27:36.546000+00:00,0.0957106471807328,7495,717.35130061959228,7495,0.095710647180732786,0.0025448742360697002,7495,19.073832399342404,7495,0.0025448742360697002
Hapcheon-Changnyeong Weir,2025-10-20,1,20251020T022131_20251020T022129_T52SDE,S2A_MSIL2A_20251020T022131_N0511_R003_T52SDE_20251020T071520,52SDE,2025-10-20T02:27:52.231000+00:00,-0.085105935738452002,7378,-627.91159387829885,7378,-0.085105935738452002,-0.017041712094005901,7378,-125.73375182957554,7378,-0.017041712094005901
Hapcheon-Changnyeong Weir,2025-10-28,1,20251028T021821_20251028T022504_T52SDE,S2C_MSIL2A_20251028T021821_N0511_R003_T52SDE_20251028T054320,52SDE,2025-10-28T02:27:50.290000+00:00,-0.082265242802534402,6622,-544.76043783838281,6622,-0.082265242802534402,-0.0086934345477775003,6622,-57.567923575382608,6622,-0.0086934345477775003
Ipo Weir,2017-05-03,1,20170503T021611_20170503T022350_T52SCG,S2A_MSIL2A_20170503T021611_N0500_R003_T52SCG_20230925T151324,52SCG,2017-05-03T02:27:14.762000+00:00,-0.0034103664939527001,10607,-36.173757401356291,10607,-0.0034103664939527001,-3.4500212563069277e-05,10607,-0.36594375465647583,10607,-3.4500212563069277e-05
Ipo Weir,2017-08-26,1,20170826T022649_20170826T022651_T52SCG,S2B_MSIL2A_20170826T022649_N0500_R003_T52SCG_20230820T101037,52SCG,2017-08-26T02:27:06.465000+00:00,-0.0069526092519994996,10607,-73.746326335958699,10607,-0.0069526092519995005,-0.020665276018865,10607,-219.19658273210106,10607,-0.020665276018865
Ipo Weir,2017-09-20,1,20170920T021601_20170920T022343_T52SCG,S2A_MSIL2A_20170920T021601_N0500_R003_T52SCG_20230913T041635,52SCG,2017-09-20T02:27:08.212000+00:00,-0.044945373095093902,10607,-476.73557241966103,10607,-0.044945373095093902,-0.013804336718568899,10607,-146.42259957386031,10607,-0.013804336718568899
Ipo Weir,2017-10-20,1,20171020T022701_20171020T022655_T52SCG,S2A_MSIL2A_20171020T022701_N0500_R003_T52SCG_20230729T060052,52SCG,2017-10-20T02:27:10.258000+00:00,-0.14623315666088729,10607,-1551.0950927020315,10607,-0.14623315666088729,-0.0062425410049833001,10607,-66.214632439857866,10607,-0.0062425410049833001
Ipo Weir,2017-10-25,1,20171025T022649_20171025T022643_T52SCG,S2B_MSIL2A_20171025T022649_N0500_R003_T52SCG_20230731T095635,52SCG,2017-10-25T02:26:58.037000+00:00,-0.099826863796357301,10607,-1058.863544287962,10607,-0.099826863796357315,-0.0084260384335357007,10607,-89.37498966451318,10607,-0.0084260384335357007
Ipo Weir,2017-10-30,1,20171030T021821_20171030T022623_T52SCG,S2A_MSIL2A_20171030T021821_N0500_R003_T52SCG_20230911T092126,52SCG,2017-10-30T02:27:11.775000+00:00,-0.1202643973904068,10607,-1275.644463120045,10607,-0.1202643973904068,-0.0057882086650882002,10607,-61.39552931059054,10607,-0.0057882086650882002
Ipo Weir,2018-06-02,1,20180602T021639_20180602T021638_T52SCG,S2B_MSIL2A_20180602T021639_N0500_R003_T52SCG_20230827T172817,52SCG,2018-06-02T02:27:09.432000+00:00,-0.049299248352643703,10607,-522.91712727649178,10607,-0.049299248352643703,-0.017232419135601799,10607,-182.7842697713283,10607,-0.017232419135601799
Ipo Weir,2018-06-22,1,20180622T021559_20180622T021601_T52SCG,S2B_MSIL2A_20180622T021559_N0500_R003_T52SCG_20230813T031002,52SCG,2018-06-22T02:27:11.278000+00:00,0.10731629886700519,10607,1138.3039820823242,10607,0.10731629886700521,0.0001873433172277,10607,1.9871505658342139,10607,0.0001873433172277
Ipo Weir,2018-07-07,1,20180707T021601_20180707T021604_T52SCG,S2A_MSIL2A_20180707T021601_N0500_R003_T52SCG_20230809T064850,52SCG,2018-07-07T02:27:13.552000+00:00,-0.022715304673530799,10607,-240.9412366721412,10607,-0.022715304673530799,-0.057125865551627998,10607,-605.93405590611815,10607,-0.057125865551627998
Ipo Weir,2018-08-01,1,20180801T021649_20180801T022346_T52SCG,S2B_MSIL2A_20180801T021649_N0500_R003_T52SCG_20230709T134957,52SCG,2018-08-01T02:27:09.159000+00:00,0.13121766656839129,10607,1391.8257892909264,10607,0.13121766656839129,0.0032277095239081999,10607,34.236314920094273,10607,0.0032277095239081994
Ipo Weir,2018-10-20,1,20181020T021709_20181020T022232_T52SCG,S2B_MSIL2A_20181020T021709_N0510_R003_T52SCG_20250531T231417,52SCG,2018-10-20T02:27:09.679000+00:00,-0.097897071547750805,10607,-1038.3942379069929,10607,-0.097897071547750819,-0.0046408875694362002,10607,-49.225894449009779,10607,-0.0046408875694362002
Ipo Weir,2018-10-30,1,20181030T021819_20181030T022432_T52SCG,S2B_MSIL2A_20181030T021819_N0500_R003_T52SCG_20230707T113406,52SCG,2018-10-30T02:27:10.114000+00:00,-0.090373107882460099,10607,-958.5875553092543,10607,-0.090373107882460099,-0.0063147609787450997,10607,-66.980669701549274,10607,-0.0063147609787450997
Ipo Weir,2019-05-03,1,20190503T021611_20190503T021607_T52SCG,S2A_MSIL2A_20190503T021611_N0500_R003_T52SCG_20221205T094439,52SCG,2019-05-03T02:27:16.433000+00:00,0.0093579650315724992,10607,99.259935089889495,10607,0.0093579650315724992,-0.00046854347610539998,10607,-4.969840651049978,10607,-0.00046854347610540004
Ipo Weir,2019-05-23,1,20190523T021611_20190523T022214_T52SCG,S2A_MSIL2A_20190523T021611_N0500_R003_T52SCG_20221212T010402,52SCG,2019-05-23T02:27:16.002000+00:00,0.0087589800567066008,10607,92.906501461486911,10607,0.0087589800567066008,-0.0026611058047131,10607,-28.22634927059185,10607,-0.0026611058047131
Ipo Weir,2019-06-02,1,20190602T021611_20190602T021605_T52SCG,S2A_MSIL2A_20190602T021611_N0500_R003_T52SCG_20221221T030242,52SCG,2019-06-02T02:27:15.030000+00:00,-0.051473940860686601,10607,-545.98409070930279,10607,-0.051473940860686601,-0.0047641646450982999,10607,-50.533494390557664,10607,-0.0047641646450982999
Ipo Weir,2019-06-12,1,20190612T021611_20190612T022608_T52SCG,S2A_MSIL2A_20190612T021611_N0212_R003_T52SCG_20190612T043019,52SCG,2019-06-12T02:27:15.518000+00:00,0.027472621432165601,10607,291.40209553098055,10607,0.027472621432165601,0.0035778444312396002,10607,37.95019588215844,10607,0.0035778444312396002
Ipo Weir,2019-06-22,1,20190622T021611_20190622T021607_T52SCG,S2A_MSIL2A_20190622T021611_N0500_R003_T52SCG_20230724T205505,52SCG,2019-06-22T02:27:16.702000+00:00,0.0061206181513421996,10607,64.921396731286706,10607,0.0061206181513421987,0.0001007397541775,10607,1.0685465725607426,10607,0.0001007397541775
Ipo Weir,2019-09-30,1,20190930T021601_20190930T021604_T52SCG,S2A_MSIL2A_20190930T021601_N0500_R003_T52SCG_20230707T024625,52SCG,2019-09-30T02:27:14.218000+00:00,-0.018675176160499601,10607,-198.08759353441928,10607,-0.018675176160499601,0.0079474828219065,10607,84.298950291962242,10607,0.0079474828219065
Ipo Weir,2019-10-15,1,20191015T021639_20191015T021642_T52SCG,S2B_MSIL2A_20191015T021639_N0213_R003_T52SCG_20191015T045544,52SCG,2019-10-15T02:27:13.862000+00:00,-0.0668377214999471,10462,-699.25624233244662,10462,-0.0668377214999471,0.0022332101062703001,10462,23.36384413179988,10462,0.0022332101062703001
Ipo Weir,2019-10-30,1,20191030T021821_20191030T021819_T52SCG,S2A_MSIL2A_20191030T021821_N0500_R003_T52SCG_20230709T010057,52SCG,2019-10-30T02:27:15.880000+00:00,-0.14164671481052429,10607,-1502.4467039952312,10607,-0.14164671481052429,-0.0019988003377794999,10607,-21.201275182827157,10607,-0.0019988003377794999
Ipo Weir,2020-05-27,1,20200527T021611_20200527T021609_T52SCG,S2A_MSIL2A_20200527T021611_N0214_R003_T52SCG_20200527T054336,52SCG,2020-05-27T02:27:18.689000+00:00,-0.058115246364159198,10602,-616.13784195281585,10602,-0.058115246364159198,-0.00081802015169009997,10602,-8.6726496482184405,10602,-0.00081802015169010007
Ipo Weir,2020-06-01,1,20200601T021609_20200601T021604_T52SCG,S2B_MSIL2A_20200601T021609_N0214_R003_T52SCG_20200601T050555,52SCG,2020-06-01T02:27:14.247000+00:00,-0.0038240669210478002,8577,-32.799021981826982,8577,-0.0038240669210478002,0.0049329231994697,8577,42.309682281851615,8577,0.0049329231994697
Ipo Weir,2020-06-11,1,20200611T021609_20200611T021605_T52SCG,S2B_MSIL2A_20200611T021609_N0214_R003_T52SCG_20200611T050308,52SCG,2020-06-11T02:27:14.963000+00:00,-0.033198030732744403,10595,-351.73313561342695,10595,-0.033198030732744403,0.0041501370916944003,10595,43.970702486502169,10595,0.0041501370916944003
Ipo Weir,2020-06-16,1,20200616T021611_20200616T021609_T52SCG,S2A_MSIL2A_20200616T021611_N0214_R003_T52SCG_20200616T053533,52SCG,2020-06-16T02:27:18.759000+00:00,0.0035280986535505998,10607,37.422542418211215,10607,0.0035280986535506003,0.0076118744053829002,10607,80.739151817896428,10607,0.0076118744053829011
Ipo Weir,2020-06-21,1,20200621T021609_20200621T021605_T52SCG,S2B_MSIL2A_20200621T021609_N0214_R003_T52SCG_20200621T050033,52SCG,2020-06-21T02:27:15.203000+00:00,-0.0069504222532309002,10607,-73.723128840020152,10607,-0.0069504222532308993,-0.00027916518413799999,10607,-2.9611051081517661,10607,-0.00027916518413799999
Ipo Weir,2020-08-25,1,20200825T021611_20200825T021608_T52SCG,S2A_MSIL2A_20200825T021611_N0214_R003_T52SCG_20200825T053321,52SCG,2020-08-25T02:27:18.080000+00:00,-0.0027968771534480001,9838,-27.515677435621424,9838,-0.0027968771534480001,-0.00061810216380029997,9838,-6.0808890874673507,9838,-0.00061810216380029997
Ipo Weir,2020-09-04,1,20200904T021611_20200904T021607_T52SCG,S2A_MSIL2A_20200904T021611_N0214_R003_T52SCG_20200904T052050,52SCG,2020-09-04T02:27:17.196000+00:00,0.017863711059727599,3430,61.272528934865662,3430,0.017863711059727599,-0.016261696485238598,3430,-55.777618944368392,3430,-0.016261696485238598
Ipo Weir,2020-09-19,1,20200919T021609_20200919T022509_T52SCG,S2B_MSIL2A_20200919T021609_N0214_R003_T52SCG_20200919T051050,52SCG,2020-09-19T02:27:14.473000+00:00,-0.0132576898234731,9389,-124.47644975258893,9389,-0.0132576898234731,0.0090787883071138005,9389,85.24074341549148,9389,0.0090787883071138005
Ipo Weir,2020-10-09,1,20201009T021609_20201009T021609_T52SCG,S2B_MSIL2A_20201009T021609_N0214_R003_T52SCG_20201009T045242,52SCG,2020-10-09T02:27:16.320000+00:00,0.047829038843456302,8106,387.70218886505677,8106,0.047829038843456302,0.022993373684989198,8106,186.38428709052243,8106,0.022993373684989198
Ipo Weir,2020-10-19,1,20201019T021719_20201019T022536_T52SCG,S2B_MSIL2A_20201019T021719_N0500_R003_T52SCG_20230415T141046,52SCG,2020-10-19T02:27:16.350000+00:00,-0.1157216105904922,10607,-1227.4591235333507,10607,-0.1157216105904922,-0.0036473433794816002,10607,-38.687371226161332,10607,-0.0036473433794816002
Ipo Weir,2020-10-24,1,20201024T021751_20201024T022447_T52SCG,S2A_MSIL2A_20201024T021751_N0214_R003_T52SCG_20201024T045915,52SCG,2020-10-24T02:27:17.978000+00:00,-0.1683180111696598,10606,-1785.1808264654119,10606,-0.1683180111696598,-0.00081369784652640003,10247,-8.3379618333560206,10247,-0.00081369784652640003
Ipo Weir,2020-10-29,1,20201029T021819_20201029T021816_T52SCG,S2B_MSIL2A_20201029T021819_N0214_R003_T52SCG_20201029T043353,52SCG,2020-10-29T02:27:15.724000+00:00,-0.086565369978767598,10606,-918.11231399480914,10606,-0.086565369978767598,0.0003268246967736,10595,3.462707662316292,10595,0.0003268246967736
Ipo Weir,2021-05-02,1,20210502T021601_20210502T021601_T52SCG,S2A_MSIL2A_20210502T021601_N0300_R003_T52SCG_20210502T051124,52SCG,2021-05-02T02:27:10.519000+00:00,0.045407611855099603,10607,481.63853894704147,10607,0.045407611855099603,0.0015084635801115001,10607,16.000273194242681,10607,0.0015084635801115001
Ipo Weir,2021-05-22,1,20210522T021601_20210522T022207_T52SCG,S2A_MSIL2A_20210522T021601_N0300_R003_T52SCG_20210522T050033,52SCG,2021-05-22T02:27:13.132000+00:00,0.0011833074813390001,10607,12.551342454562775,10607,0.0011833074813390001,-0.0010571830099181999,10607,-11.213540186202346,10607,-0.0010571830099181999
Ipo Weir,2021-06-21,1,20210621T021601_20210621T022255_T52SCG,S2A_MSIL2A_20210621T021601_N0300_R003_T52SCG_20210621T050048,52SCG,2021-06-21T02:27:13.374000+00:00,-0.048474936205473801,10595,-513.59194909699488,10595,-0.048474936205473794,0.0016338480457652,10491,17.140699848122715,10491,0.0016338480457652003
Ipo Weir,2021-07-01,1,20210701T021611_20210701T021605_T52SCG,S2A_MSIL2A_20210701T021611_N0301_R003_T52SCG_20210701T050240,52SCG,2021-07-01T02:27:14.664000+00:00,0.0021042190780197001,10607,22.319451760554958,10607,0.0021042190780197001,0.0034240769352603001,10607,36.319184052305999,10607,0.0034240769352602996
Ipo Weir,2021-07-16,1,20210716T021609_20210716T022506_T52SCG,S2B_MSIL2A_20210716T021609_N0301_R003_T52SCG_20210716T045806,52SCG,2021-07-16T02:27:14.707000+00:00,-0.090813891835809499,10607,-963.26295070243134,10607,-0.090813891835809499,-0.0230394674696041,10598,-244.17227624286426,10598,-0.0230394674696041
Ipo Weir,2021-07-26,1,20210726T021609_20210726T021605_T52SCG,S2B_MSIL2A_20210726T021609_N0301_R003_T52SCG_20210726T043052,52SCG,2021-07-26T02:27:14.625000+00:00,-0.055631116027000098,10607,-590.07924769839008,10607,-0.055631116027000105,-0.0066272657710022996,10602,-70.26227170416638,10602,-0.0066272657710022996
Ipo Weir,2021-08-15,1,20210815T021609_20210815T022417_T52SCG,S2B_MSIL2A_20210815T021609_N0301_R003_T52SCG_20210815T045832,52SCG,2021-08-15T02:27:12.737000+00:00,0.049884785602221302,10607,529.12792088276137,10607,0.049884785602221302,0.034758495717502801,10607,368.68336407555222,10607,0.034758495717502801
Ipo Weir,2021-10-24,1,20211024T021749_20211024T021743_T52SCG,S2B_MSIL2A_20211024T021749_N0500_R003_T52SCG_20230110T111334,52SCG,2021-10-24T02:27:14.236000+00:00,-0.123044813281924,10607,-1305.1363344813678,10607,-0.123044813281924,-0.0029172043711656001,10607,-30.942786764953521,10607,-0.0029172043711656001
Ipo Weir,2022-05-17,1,20220517T021611_20220517T022234_T52SCG,S2A_MSIL2A_20220517T021611_N0510_R003_T52SCG_20240620T074711,52SCG,2022-05-17T02:27:17.807000+00:00,-0.032123921892234703,10607,-340.73843951093352,10607,-0.032123921892234703,-0.0043370857891701,10607,-46.003468965727251,10607,-0.0043370857891701
Ipo Weir,2022-06-01,1,20220601T021559_20220601T022239_T52SCG,S2B_MSIL2A_20220601T021559_N0400_R003_T52SCG_20220601T044554,52SCG,2022-06-01T02:27:12.431000+00:00,-0.0301841709364041,10607,-320.16350112243828,10607,-0.0301841709364041,0.001749681030379,10607,18.558866689230054,10607,0.0017496810303790002
Ipo Weir,2022-06-11,1,20220611T021539_20220611T022211_T52SCG,S2B_MSIL2A_20220611T021539_N0400_R003_T52SCG_20220611T045008,52SCG,2022-06-11T02:27:15.144000+00:00,0.064717000403502797,10607,686.45322327995416,10607,0.064717000403502797,0.069032541887822499,10607,732.22817180413324,10607,0.069032541887822499
Ipo Weir,2022-09-24,1,20220924T021541_20220924T022204_T52SCG,S2A_MSIL2A_20220924T021541_N0400_R003_T52SCG_20220924T054059,52SCG,2022-09-24T02:27:19.687000+00:00,-0.0194574489617503,10607,-206.38516113728542,10607,-0.0194574489617503,0.0065541595198096003,10607,69.519970026620427,10607,0.0065541595198096003
Ipo Weir,2022-09-29,1,20220929T021529_20220929T022606_T52SCG,S2B_MSIL2A_20220929T021529_N0400_R003_T52SCG_20220929T051901,52SCG,2022-09-29T02:27:12.463000+00:00,0.0014681470103237,10607,15.572635338503485,10607,0.0014681470103237,0.0026550743322294001,10607,28.162373441957246,10607,0.0026550743322294001
Ipo Weir,2022-10-19,1,20221019T021709_20221019T022253_T52SCG,S2B_MSIL2A_20221019T021709_N0400_R003_T52SCG_20221019T043130,52SCG,2022-10-19T02:27:12.070000+00:00,-0.12379221565947369,10607,-1313.0640315000376,10607,-0.12379221565947371,-0.0012084186287626001,10607,-12.8176963952849,10607,-0.0012084186287626001
Ipo Weir,2022-10-24,1,20221024T021741_20221024T022408_T52SCG,S2A_MSIL2A_20221024T021741_N0400_R003_T52SCG_20221024T053657,52SCG,2022-10-24T02:27:15.115000+00:00,-0.16699892461917409,10607,-1771.3575934355797,10607,-0.16699892461917409,0.0036724777919907,10607,38.953971939645356,10607,0.0036724777919907
Ipo Weir,2022-10-29,1,20221029T021809_20221029T022341_T52SCG,S2B_MSIL2A_20221029T021809_N0400_R003_T52SCG_20221029T075219,52SCG,2022-10-29T02:27:11.499000+00:00,-0.068920182784224904,10607,-731.03637879227358,10607,-0.068920182784224904,0.00069465359601179996,10607,7.3681906928971621,10607,0.00069465359601179996
Ipo Weir,2023-06-16,1,20230616T021539_20230616T022203_T52SCG,S2B_MSIL2A_20230616T021539_N0509_R003_T52SCG_20230616T043833,52SCG,2023-06-16T02:27:17.569000+00:00,0.0044374353006382998,10607,47.067876233870443,10607,0.0044374353006382998,0.0026256913182693999,10607,27.850707812883524,10607,0.0026256913182693999
Ipo Weir,2023-07-01,1,20230701T021541_20230701T022343_T52SCG,S2A_MSIL2A_20230701T021541_N0509_R003_T52SCG_20230701T074802,52SCG,2023-07-01T02:27:17.190000+00:00,-0.032015610954330399,10607,-339.58958539258253,10607,-0.032015610954330399,-0.039205010671644697,10607,-415.8475481941353,10607,-0.039205010671644697
Ipo Weir,2023-07-21,1,20230721T021541_20230721T022311_T52SCG,S2A_MSIL2A_20230721T021541_N0509_R003_T52SCG_20230721T070259,52SCG,2023-07-21T02:27:16.604000+00:00,-0.034767110412083899,10607,-368.7747401409739,10607,-0.034767110412083899,-0.040628162304156099,10607,-430.94291756018373,10607,-0.040628162304156099
Ipo Weir,2023-08-05,1,20230805T021539_20230805T022202_T52SCG,S2B_MSIL2A_20230805T021539_N0509_R003_T52SCG_20230805T044141,52SCG,2023-08-05T02:27:17.485000+00:00,0.049100165079164503,10607,520.80545099469782,10607,0.049100165079164496,0.0049632356416576999,10607,52.645040451063224,10607,0.0049632356416576999
Ipo Weir,2023-09-09,1,20230909T021541_20230909T022102_T52SCG,S2A_MSIL2A_20230909T021541_N0509_R003_T52SCG_20230909T072557,52SCG,2023-09-09T02:27:17.837000+00:00,0.0644851961989098,10607,683.9944760818363,10607,0.0644851961989098,0.0114076417020281,10607,121.00085553341206,10607,0.0114076417020281
Ipo Weir,2023-09-24,1,20230924T021539_20230924T022642_T52SCG,S2B_MSIL2A_20230924T021539_N0509_R003_T52SCG_20230924T053147,52SCG,2023-09-24T02:27:16.160000+00:00,-0.094907506215968399,10607,-1006.6839184327767,10607,-0.094907506215968399,-0.0047290591198642998,10607,-50.161130084400625,10607,-0.0047290591198642998
Ipo Weir,2023-10-29,1,20231029T021811_20231029T022436_T52SCG,S2A_MSIL2A_20231029T021811_N0509_R003_T52SCG_20231029T052155,52SCG,2023-10-29T02:27:12.372000+00:00,-0.0245245008765556,10607,-260.13138079762524,10607,-0.0245245008765556,0.0021121861177747,10607,22.403958151236242,10607,0.0021121861177747
Ipo Weir,2024-05-16,1,20240516T021611_20240516T022028_T52SCG,S2A_MSIL2A_20240516T021611_N0510_R003_T52SCG_20240516T074100,52SCG,2024-05-16T02:27:15.282000+00:00,0.023885571406540702,10607,253.35425590917723,10607,0.023885571406540702,-0.0130251233571452,10607,-138.15748344923915,10607,-0.013025123357145202
Ipo Weir,2024-05-31,1,20240531T021529_20240531T021532_T52SCG,S2B_MSIL2A_20240531T021529_N0510_R003_T52SCG_20240531T042042,52SCG,2024-05-31T02:27:13.042000+00:00,0.025040627842430701,10607,265.60593952466246,10607,0.025040627842430701,0.0043584775871377997,10607,46.230371766770638,10607,0.0043584775871377997
Ipo Weir,2024-06-10,1,20240610T021539_20240610T021535_T52SCG,S2B_MSIL2A_20240610T021539_N0510_R003_T52SCG_20240610T042021,52SCG,2024-06-10T02:27:15.826000+00:00,0.037633183288510397,10595,398.72357694176765,10595,0.037633183288510397,0.0299835905343218,10595,317.67614171113945,10595,0.0299835905343218
Ipo Weir,2024-08-04,1,20240804T021531_20240804T022001_T52SCG,S2A_MSIL2A_20240804T021531_N0511_R003_T52SCG_20240804T072449,52SCG,2024-08-04T02:27:14.991000+00:00,0.066918580035973493,10607,709.80537844157084,10607,0.066918580035973493,0.0066762902708186996,10607,70.815410902573944,10607,0.0066762902708186996
Ipo Weir,2024-08-14,1,20240814T021601_20240814T022230_T52SCG,S2A_MSIL2A_20240814T021601_N0511_R003_T52SCG_20240814T052653,52SCG,2024-08-14T02:27:14.062000+00:00,0.087972710532848594,10607,933.12654062192507,10607,0.087972710532848594,0.0096242166139831001,10607,102.08406562451874,10607,0.0096242166139831001
Ipo Weir,2024-08-19,1,20240819T021539_20240819T022637_T52SCG,S2B_MSIL2A_20240819T021539_N0511_R003_T52SCG_20240819T042921,52SCG,2024-08-19T02:27:14.410000+00:00,0.0475503077446085,10607,504.36611424706234,10607,0.0475503077446085,0.0052794936697521996,10607,55.99958935506158,10607,0.0052794936697521996
Ipo Weir,2024-08-29,1,20240829T021539_20240829T022214_T52SCG,S2B_MSIL2A_20240829T021539_N0511_R003_T52SCG_20240829T043313,52SCG,2024-08-29T02:27:14.846000+00:00,0.0191704512569776,10607,203.34097648276142,10607,0.0191704512569776,0.0076669502215393004,10607,81.323340999867355,10607,0.0076669502215393004
Ipo Weir,2024-09-03,1,20240903T021601_20240903T022601_T52SCG,S2A_MSIL2A_20240903T021601_N0511_R003_T52SCG_20240903T072445,52SCG,2024-09-03T02:27:12.560000+00:00,0.0359246756735652,10607,381.05303486950606,10607,0.0359246756735652,0.015048691418697999,10607,159.62146987812969,10607,0.015048691418697999
Ipo Weir,2024-09-23,1,20240923T021531_20240923T022308_T52SCG,S2A_MSIL2A_20240923T021531_N0511_R003_T52SCG_20240923T053200,52SCG,2024-09-23T02:27:14.231000+00:00,-0.0588405422461203,10607,-624.12163160459806,10607,-0.058840542246120307,-0.027396552833139201,10607,-290.59523590110751,10607,-0.027396552833139201
Ipo Weir,2024-09-28,1,20240928T021529_20240928T021532_T52SCG,S2B_MSIL2A_20240928T021529_N0511_R003_T52SCG_20240928T041851,52SCG,2024-09-28T02:27:12.030000+00:00,-0.13182280672083599,10607,-1398.2445108879074,10607,-0.13182280672083599,-0.0019246877330245001,10607,-20.415162784190873,10607,-0.0019246877330245001
Ipo Weir,2024-10-03,1,20241003T021531_20241003T021533_T52SCG,S2A_MSIL2A_20241003T021531_N0511_R003_T52SCG_20241003T060052,52SCG,2024-10-03T02:27:14.192000+00:00,-0.12359241521286909,10607,-1310.9447481629024,10607,-0.12359241521286909,0.0038456355024005999,10607,40.790655773963159,10607,0.0038456355024005994
Ipo Weir,2025-05-13,1,20250513T022131_20250513T022327_T52SCG,S2A_MSIL2A_20250513T022131_N0511_R003_T52SCG_20250513T062411,52SCG,2025-05-13T02:27:26.487000+00:00,-0.12058011225944081,10605,-1278.7520905113697,10605,-0.12058011225944081,-0.012047475915315501,10605,-127.76348208192088,10605,-0.012047475915315501
Ipo Weir,2025-06-05,1,20250605T021529_20250605T022440_T52SCG,S2B_MSIL2A_20250605T021529_N0511_R003_T52SCG_20250605T041606,52SCG,2025-06-05T02:27:12.817000+00:00,0.0126710228334584,10607,134.40153919449324,10607,0.012671022833458398,0.014676729822704499,10607,155.67607322942663,10607,0.014676729822704499
Ipo Weir,2025-06-22,1,20250622T022131_20250622T022128_T52SCG,S2A_MSIL2A_20250622T022131_N0511_R003_T52SCG_20250622T071517,52SCG,2025-06-22T02:27:26.841000+00:00,0.029075184040538798,10607,308.40047711799502,10607,0.029075184040538798,-0.016595612249926402,10607,-176.02965913496934,10607,-0.016595612249926402
Ipo Weir,2025-07-10,1,20250710T021631_20250710T022524_T52SCG,S2C_MSIL2A_20250710T021631_N0511_R003_T52SCG_20250710T055619,52SCG,2025-07-10T02:27:35.736000+00:00,0.050844919213044001,10607,539.31205809275775,10607,0.050844919213044001,0.0046632254828127004,10607,49.462832696194312,10607,0.0046632254828127004
Ipo Weir,2025-07-12,1,20250712T022131_20250712T022332_T52SCG,S2A_MSIL2A_20250712T022131_N0511_R003_T52SCG_20250712T062412,52SCG,2025-07-12T02:27:31.836000+00:00,0.080643834047344903,10607,855.38914774018735,10607,0.080643834047344903,0.0099628318955698007,10607,105.67575791630888,10607,0.0099628318955698007
Ipo Weir,2025-07-25,1,20250725T021539_20250725T022319_T52SCG,S2B_MSIL2A_20250725T021539_N0511_R003_T52SCG_20250725T041758,52SCG,2025-07-25T02:27:14.583000+00:00,-0.0381967170342064,10607,-405.1525775818273,10607,-0.0381967170342064,-0.0024454963728151001,10607,-25.939380026449768,10607,-0.0024454963728151001
Ipo Weir,2025-09-03,1,20250903T021529_20250903T022208_T52SCG,S2B_MSIL2A_20250903T021529_N0511_R003_T52SCG_20250903T041538,52SCG,2025-09-03T02:27:12.325000+00:00,-0.023059179364947099,10607,-244.58871552399387,10607,-0.023059179364947099,0.0129958149842604,10607,137.84660953805007,10607,0.012995814984260402
Ipo Weir,2025-09-10,1,20250910T022131_20250910T022325_T52SCG,S2A_MSIL2A_20250910T022131_N0511_R003_T52SCG_20250910T062313,52SCG,2025-09-10T02:27:24.546000+00:00,-0.0266936614188612,10607,-283.13966666986073,10607,-0.0266936614188612,0.014609331710163299,10607,154.96118144970211,10607,0.014609331710163299
Ipo Weir,2025-10-28,1,20251028T021821_20251028T022504_T52SCG,S2C_MSIL2A_20251028T021821_N0511_R003_T52SCG_20251028T054320,52SCG,2025-10-28T02:27:25.641000+00:00,-0.16711091591823229,10607,-1772.54548514469,10607,-0.16711091591823229,-0.0088204364685125995,10607,-93.558369621513137,10607,-0.0088204364685125995
Juksan Weir,2017-05-03,1,20170503T021611_20170503T022350_T52SBD,S2A_MSIL2A_20170503T021611_N0500_R003_T52SBD_20230925T151324,52SBD,2017-05-03T02:28:01.683000+00:00,0.069945982751817404,1143,79.948258285327299,1143,0.069945982751817404,-0.0076912465677353003,1143,-8.7910948269214479,1143,-0.0076912465677353003
Juksan Weir,2017-10-30,1,20171030T021821_20171030T022623_T52SBD,S2A_MSIL2A_20171030T021821_N0500_R003_T52SBD_20230911T092126,52SBD,2017-10-30T02:27:58.706000+00:00,0.14991672913884849,1143,171.35482140570383,1143,0.14991672913884849,-0.0047104502530260998,1143,-5.3840446392088319,1143,-0.0047104502530260998
Juksan Weir,2019-05-03,1,20190503T021611_20190503T021607_T52SBD,S2A_MSIL2A_20190503T021611_N0500_R003_T52SBD_20221205T094439,52SBD,2019-05-03T02:28:03.358000+00:00,0.1153437684256981,1143,131.83792731057292,1143,0.1153437684256981,-0.0033740792131957999,1143,-3.8565725406827993,1143,-0.0033740792131957999
Juksan Weir,2019-05-23,1,20190523T021611_20190523T022746_T52SBD,S2A_MSIL2A_20190523T021611_N0500_R003_T52SBD_20230618T033929,52SBD,2019-05-23T02:28:02.927000+00:00,0.1371640757814967,1143,156.77853861825074,1143,0.1371640757814967,0.012777674289972099,1143,14.604881713438109,1143,0.012777674289972099
Juksan Weir,2019-06-12,1,20190612T021611_20190612T022608_T52SBD,S2A_MSIL2A_20190612T021611_N0212_R003_T52SBD_20190612T043019,52SBD,2019-06-12T02:28:02+00:00,0.13773321228741359,761,104.81497455072174,761,0.13773321228741359,0.086556696420578297,761,65.869645976060085,761,0.086556696420578297
Juksan Weir,2019-06-17,1,20190617T021609_20190617T022127_T52SBD,S2B_MSIL2A_20190617T021609_N0212_R003_T52SBD_20190617T055313,52SBD,2019-06-17T02:28:07+00:00,0.14938153659893891,1141,170.44433325938928,1141,0.14938153659893891,0.080178051047886403,1141,91.483156245638384,1141,0.080178051047886403
Juksan Weir,2019-08-01,1,20190801T021611_20190801T021608_T52SBD,S2A_MSIL2A_20190801T021611_N0213_R003_T52SBD_20190801T050256,52SBD,2019-08-01T02:28:04.200000+00:00,0.276911791649601,1106,306.26444156445871,1106,0.276911791649601,0.073844943693989598,1106,81.672507725552492,1106,0.073844943693989598
Juksan Weir,2019-10-10,1,20191010T021611_20191010T021609_T52SBD,S2A_MSIL2A_20191010T021611_N0213_R003_T52SBD_20191010T052518,52SBD,2019-10-10T02:28:02.221000+00:00,0.081606751499376406,1143,93.27651696378723,1143,0.081606751499376406,0.011892130267668499,1143,13.592704895945095,1143,0.011892130267668499
Juksan Weir,2019-10-20,1,20191020T021721_20191020T021716_T52SBD,S2A_MSIL2A_20191020T021721_N0213_R003_T52SBD_20191020T052106,52SBD,2019-10-20T02:28:02.800000+00:00,0.21503809165413729,1143,245.78853876067893,1143,0.21503809165413729,0.020662638773235702,1143,23.617396117808408,1143,0.020662638773235702
Juksan Weir,2019-10-30,1,20191030T021821_20191030T021819_T52SBD,S2A_MSIL2A_20191030T021821_N0213_R003_T52SBD_20191030T053042,52SBD,2019-10-30T02:28:02.806000+00:00,0.18037945190398921,1143,206.17371352625966,1143,0.18037945190398921,0.0203848643445897,1143,23.299899945866027,1143,0.0203848643445897
Juksan Weir,2020-05-12,1,20200512T021559_20200512T021601_T52SBD,S2B_MSIL2A_20200512T021559_N0214_R003_T52SBD_20200512T050014,52SBD,2020-05-12T02:27:58.258000+00:00,0.085543472770249998,1143,97.776189376395749,1143,0.085543472770249998,0.022315522298750199,1143,25.506641987471479,1143,0.022315522298750199
Juksan Weir,2020-06-21,1,20200621T021609_20200621T021605_T52SBD,S2B_MSIL2A_20200621T021609_N0214_R003_T52SBD_20200621T050033,52SBD,2020-06-21T02:28:02.125000+00:00,0.12886853990281941,1143,147.29674110892259,1143,0.12886853990281941,0.039714183137048199,1143,45.393311325646089,1143,0.039714183137048199
Juksan Weir,2020-06-26,1,20200626T021611_20200626T021608_T52SBD,S2A_MSIL2A_20200626T021611_N0214_R003_T52SBD_20200626T053706,52SBD,2020-06-26T02:28:05.080000+00:00,0.072124213315612598,396,28.56118847298259,396,0.072124213315612598,0.093603636898081294,396,37.06704021164019,396,0.093603636898081294
Juksan Weir,2020-07-01,1,20200701T021609_20200701T021605_T52SBD,S2B_MSIL2A_20200701T021609_N0214_R003_T52SBD_20200701T050148,52SBD,2020-07-01T02:28:01.906000+00:00,0.12554193136586919,1008,126.54626681679615,1008,0.12554193136586919,0.051395498471814301,1008,51.806662459588814,1008,0.051395498471814301
Juksan Weir,2020-08-15,1,20200815T021611_20200815T021609_T52SBD,S2A_MSIL2A_20200815T021611_N0214_R003_T52SBD_20200815T053707,52SBD,2020-08-15T02:28:05.461000+00:00,0.095266709446169995,1140,108.60404876863379,1140,0.095266709446169995,0.1062075974697609,1140,121.07666111552743,1140,0.1062075974697609
Juksan Weir,2020-08-20,1,20200820T021609_20200820T021606_T52SBD,S2B_MSIL2A_20200820T021609_N0214_R003_T52SBD_20200820T045434,52SBD,2020-08-20T02:28:03.117000+00:00,0.24146815236438629,1143,275.99809815249353,1143,0.24146815236438629,0.059648612951942598,1143,68.178364604070396,1143,0.059648612951942605
Juksan Weir,2020-08-30,1,20200830T021609_20200830T021606_T52SBD,S2B_MSIL2A_20200830T021609_N0214_R003_T52SBD_20200830T045746,52SBD,2020-08-30T02:28:02.830000+00:00,0.2162617979426715,808,174.73953273767859,808,0.21626179794267153,0.081054792033371098,808,65.492271962963841,808,0.081054792033371084
Juksan Weir,2020-09-04,1,20200904T021611_20200904T021607_T52SBD,S2A_MSIL2A_20200904T021611_N0214_R003_T52SBD_20200904T052050,52SBD,2020-09-04T02:28:04.110000+00:00,0.10599718662356999,1143,121.15478431074051,1143,0.10599718662356999,0.0090920073519671005,1143,10.392164403298397,1143,0.0090920073519671005
Juksan Weir,2020-10-24,1,20201024T021751_20201024T022447_T52SBD,S2A_MSIL2A_20201024T021751_N0214_R003_T52SBD_20201024T045915,52SBD,2020-10-24T02:28:04.906000+00:00,0.2668714630452893,1143,305.03408226076567,1143,0.2668714630452893,0.0012764461241401999,1143,1.4589779198922486,1143,0.0012764461241401999
Juksan Weir,2021-05-02,1,20210502T021601_20210502T022719_T52SBD,S2A_MSIL2A_20210502T021601_N0300_R003_T52SBD_20210502T041531,52SBD,2021-05-02T02:27:57.448000+00:00,0.0490658666944742,810,39.7433520225241,810,0.0490658666944742,-0.0014476134808716001,810,-1.172566919505996,810,-0.0014476134808716001
Juksan Weir,2021-05-12,1,20210512T021601_20210512T022720_T52SBD,S2A_MSIL2A_20210512T021601_N0500_R003_T52SBD_20230208T164724,52SBD,2021-05-12T02:27:59.070000+00:00,0.1332781390426217,1143,152.3369129257166,1143,0.1332781390426217,0.0085059221975433991,1143,9.7222690717921054,1143,0.0085059221975433991
Juksan Weir,2021-05-22,1,20210522T021601_20210522T022207_T52SBD,S2A_MSIL2A_20210522T021601_N0500_R003_T52SBD_20230224T233603,52SBD,2021-05-22T02:28:00.056000+00:00,0.1660910079213096,1143,189.84202205405688,1143,0.1660910079213096,0.0118100979584403,1143,13.498941966497263,1143,0.0118100979584403
Juksan Weir,2021-06-06,1,20210606T021609_20210606T021604_T52SBD,S2B_MSIL2A_20210606T021609_N0300_R003_T52SBD_20210606T044406,52SBD,2021-06-06T02:28:00.596000+00:00,0.12083588322948211,1115,134.73200980087256,1115,0.12083588322948212,0.074416648596657795,1115,82.974563185273439,1115,0.074416648596657795
Juksan Weir,2021-07-01,1,20210701T021611_20210701T022723_T52SBD,S2A_MSIL2A_20210701T021611_N0301_R003_T52SBD_20210701T041642,52SBD,2021-07-01T02:28:01.585000+00:00,0.2287309871775218,1143,261.43951834390742,1143,0.2287309871775218,0.047867403750477898,1143,54.712442486796235,1143,0.047867403750477898
Juksan Weir,2021-07-16,1,20210716T021609_20210716T022506_T52SBD,S2B_MSIL2A_20210716T021609_N0301_R003_T52SBD_20210716T045806,52SBD,2021-07-16T02:28:01.624000+00:00,0.18409719448813361,764,140.65025658893407,764,0.18409719448813361,0.11094275320900319,764,84.760263451678441,764,0.11094275320900319
Juksan Weir,2021-07-21,1,20210721T021611_20210721T022210_T52SBD,S2A_MSIL2A_20210721T021611_N0301_R003_T52SBD_20210721T050130,52SBD,2021-07-21T02:28:02.957000+00:00,0.23191913523504179,927,214.98903836288375,927,0.23191913523504179,0.026507231408361601,915,24.254116738650865,915,0.026507231408361601
Juksan Weir,2021-07-31,1,20210731T021611_20210731T022724_T52SBD,S2A_MSIL2A_20210731T021611_N0301_R003_T52SBD_20210731T041630,52SBD,2021-07-31T02:28:02.826000+00:00,0.26497850219100838,579,153.42255276859385,579,0.26497850219100838,0.0359350250210905,579,20.806379487211398,579,0.0359350250210905
Juksan Weir,2021-08-05,1,20210805T021609_20210805T021604_T52SBD,S2B_MSIL2A_20210805T021609_N0301_R003_T52SBD_20210805T043604,52SBD,2021-08-05T02:28:00.857000+00:00,0.22116813938362501,1122,248.15065238842726,1122,0.22116813938362501,0.0948081571347206,1122,106.37475230515652,1122,0.0948081571347206
Juksan Weir,2021-08-10,1,20210810T021611_20210810T022723_T52SBD,S2A_MSIL2A_20210810T021611_N0301_R003_T52SBD_20210810T043028,52SBD,2021-08-10T02:28:02.172000+00:00,0.28090123688771368,1128,316.85659520934104,1128,0.28090123688771368,0.1058610239779748,1128,119.41123504715557,1128,0.1058610239779748
Juksan Weir,2021-08-20,1,20210820T021611_20210820T022256_T52SBD,S2A_MSIL2A_20210820T021611_N0301_R003_T52SBD_20210820T050022,52SBD,2021-08-20T02:28:01.881000+00:00,0.22291665692122259,927,206.64374096597334,927,0.22291665692122259,0.093790902176282803,927,86.944166317414158,927,0.093790902176282803
Juksan Weir,2021-09-19,1,20210919T021611_20210919T022209_T52SBD,S2A_MSIL2A_20210919T021611_N0301_R003_T52SBD_20210919T051646,52SBD,2021-09-19T02:28:01.889000+00:00,0.23471144759135729,1033,242.45692536187207,1033,0.23471144759135729,0.034016955916676701,1033,35.139515461927033,1033,0.034016955916676701
Juksan Weir,2021-09-24,1,20210924T021559_20210924T021601_T52SBD,S2B_MSIL2A_20210924T021559_N0301_R003_T52SBD_20210924T044840,52SBD,2021-09-24T02:27:57.576000+00:00,0.23879874036153981,1141,272.46936275251693,1141,0.23879874036153981,0.038177606541406298,1141,43.560649063744584,1141,0.038177606541406298
Juksan Weir,2021-10-09,1,20211009T021611_20211009T022726_T52SBD,S2A_MSIL2A_20211009T021611_N0301_R003_T52SBD_20211009T042046,52SBD,2021-10-09T02:28:04.792000+00:00,0.25788327415116918,1143,294.76058235478638,1143,0.25788327415116918,0.027526413957451701,1143,31.462691153367295,1143,0.027526413957451701
Juksan Weir,2021-10-19,1,20211019T021721_20211019T022407_T52SBD,S2A_MSIL2A_20211019T021721_N0301_R003_T52SBD_20211019T051640,52SBD,2021-10-19T02:28:04.986000+00:00,0.18783149722077899,1143,214.69140132335039,1143,0.18783149722077899,0.0149447699862828,1143,17.081872094321241,1143,0.0149447699862828
Juksan Weir,2021-10-29,1,20211029T021821_20211029T021817_T52SBD,S2A_MSIL2A_20211029T021821_N0301_R003_T52SBD_20211029T050825,52SBD,2021-10-29T02:28:04.337000+00:00,0.27042941598019449,1143,309.10082246536228,1143,0.27042941598019449,0.0071680846941929001,1143,8.1931208054624847,1143,0.0071680846941929001
Juksan Weir,2022-05-02,1,20220502T021559_20220502T021557_T52SBD,S2B_MSIL2A_20220502T021559_N0400_R003_T52SBD_20220502T044228,52SBD,2022-05-02T02:27:53.808000+00:00,0.084186229093999101,1143,96.224859854440979,1143,0.084186229093999101,-0.0041897823119305001,1143,-4.7889211825365612,1143,-0.0041897823119305001
Juksan Weir,2022-05-17,1,20220517T021611_20220517T022234_T52SBD,S2A_MSIL2A_20220517T021611_N0400_R003_T52SBD_20220517T055107,52SBD,2022-05-17T02:28:04.733000+00:00,0.17868974610782221,1143,204.24237980124079,1143,0.17868974610782221,0.010857190388064999,1143,12.409768613558294,1143,0.010857190388064999
Juksan Weir,2022-05-22,1,20220522T021609_20220522T022240_T52SBD,S2B_MSIL2A_20220522T021609_N0400_R003_T52SBD_20220522T050008,52SBD,2022-05-22T02:27:59.634000+00:00,0.18460820067202949,1143,211.00717336812971,1143,0.18460820067202949,0.017399665149114198,1143,19.88781726543753,1143,0.017399665149114198
Juksan Weir,2022-05-27,1,20220527T021611_20220527T022236_T52SBD,S2A_MSIL2A_20220527T021611_N0400_R003_T52SBD_20220527T054614,52SBD,2022-05-27T02:28:07.039000+00:00,0.15177227374289681,1143,173.47570888813107,1143,0.15177227374289681,0.026081562608152802,1143,29.811226061118653,1143,0.026081562608152802
Juksan Weir,2022-06-11,1,20220611T021539_20220611T022746_T52SBD,S2B_MSIL2A_20220611T021539_N0400_R003_T52SBD_20220611T054009,52SBD,2022-06-11T02:28:02.066000+00:00,0.2100215295794931,1143,240.05460830936062,1143,0.2100215295794931,0.040023756633910001,1143,45.747153832559128,1143,0.040023756633910001
Juksan Weir,2022-07-01,1,20220701T021539_20220701T022748_T52SBD,S2B_MSIL2A_20220701T021539_N0400_R003_T52SBD_20220701T052709,52SBD,2022-07-01T02:28:04.744000+00:00,0.2399696480474442,1143,274.28530771822869,1143,0.23996964804744417,0.051189118132195802,1143,58.509162025099805,1143,0.051189118132195802
Juksan Weir,2022-09-09,1,20220909T021539_20220909T022735_T52SBD,S2B_MSIL2A_20220909T021539_N0400_R003_T52SBD_20220909T052749,52SBD,2022-09-09T02:28:01.501000+00:00,0.22184546073431211,1143,253.56936161931873,1143,0.22184546073431211,0.068957407418400202,1143,78.81831667923143,1143,0.068957407418400202
Juksan Weir,2022-09-29,1,20220929T021529_20220929T022606_T52SBD,S2B_MSIL2A_20220929T021529_N0400_R003_T52SBD_20220929T051901,52SBD,2022-09-29T02:27:59.389000+00:00,0.25713482965946999,1143,293.9051103007742,1143,0.25713482965946999,0.051972134320337801,1143,59.404149528146107,1143,0.051972134320337801
Juksan Weir,2022-10-14,1,20221014T021641_20221014T022306_T52SBD,S2A_MSIL2A_20221014T021641_N0400_R003_T52SBD_20221014T054257,52SBD,2022-10-14T02:28:04.169000+00:00,0.28603234045753728,1143,326.9349651429651,1143,0.28603234045753728,0.034960280903847799,1143,39.959601073098035,1143,0.034960280903847799
Juksan Weir,2022-10-19,1,20221019T021709_20221019T022253_T52SBD,S2B_MSIL2A_20221019T021709_N0400_R003_T52SBD_20221019T043130,52SBD,2022-10-19T02:27:58.990000+00:00,0.2638576625238882,1143,301.58930826480423,1143,0.2638576625238882,0.020399709810922401,1143,23.316868313884303,1143,0.020399709810922401
Juksan Weir,2022-10-24,1,20221024T021741_20221024T022408_T52SBD,S2A_MSIL2A_20221024T021741_N0400_R003_T52SBD_20221024T053657,52SBD,2022-10-24T02:28:02.046000+00:00,0.21668863383347989,1143,247.6751084716675,1143,0.21668863383347989,0.0161875460977393,1143,18.50236518971602,1143,0.0161875460977393
Juksan Weir,2023-05-02,1,20230502T021531_20230502T022440_T52SBD,S2A_MSIL2A_20230502T021531_N0509_R003_T52SBD_20230502T052753,52SBD,2023-05-02T02:27:59.964000+00:00,0.12581692571983361,1143,143.80874609776981,1143,0.12581692571983361,0.0089425574065554007,1143,10.221343115692823,1143,0.0089425574065554007
Juksan Weir,2023-06-06,1,20230606T021539_20230606T022738_T52SBD,S2B_MSIL2A_20230606T021539_N0509_R003_T52SBD_20230606T052901,52SBD,2023-06-06T02:28:04.160000+00:00,0.19255113958329709,1143,220.08595254370857,1143,0.19255113958329709,0.037148124312149998,1143,42.460306088787448,1143,0.037148124312149998
Juksan Weir,2023-08-05,1,20230805T021539_20230805T022738_T52SBD,S2B_MSIL2A_20230805T021539_N0509_R003_T52SBD_20230805T052730,52SBD,2023-08-05T02:28:04.412000+00:00,0.22826104310846479,1143,260.90237227297524,1143,0.22826104310846479,0.053390822545299803,1143,61.025710169277673,1143,0.053390822545299803
Juksan Weir,2023-08-20,1,20230820T021541_20230820T022103_T52SBD,S2A_MSIL2A_20230820T021541_N0509_R003_T52SBD_20230820T075701,52SBD,2023-08-20T02:28:05.714000+00:00,0.27683991153600712,1143,316.42801888565612,1143,0.27683991153600712,0.091422829659090099,1143,104.49629430033998,1143,0.091422829659090099
Juksan Weir,2023-08-25,1,20230825T021539_20230825T022658_T52SBD,S2B_MSIL2A_20230825T021539_N0509_R003_T52SBD_20230825T062238,52SBD,2023-08-25T02:28:03.629000+00:00,0.14635900541665381,1143,167.2883431912353,1143,0.14635900541665381,0.068698095419475996,1143,78.521923064461063,1143,0.068698095419475996
Juksan Weir,2023-09-09,1,20230909T021541_20230909T022102_T52SBD,S2A_MSIL2A_20230909T021541_N0509_R003_T52SBD_20230909T072557,52SBD,2023-09-09T02:28:04.750000+00:00,0.2860833297889247,1143,326.99324594874093,1143,0.2860833297889247,0.063160774036020703,1143,72.192764723171663,1143,0.063160774036020703
Juksan Weir,2023-09-29,1,20230929T021531_20230929T022736_T52SBD,S2A_MSIL2A_20230929T021531_N0509_R003_T52SBD_20230929T071454,52SBD,2023-09-29T02:28:01.858000+00:00,0.1735658269572028,1143,198.38574021208279,1143,0.1735658269572028,0.068977841068673496,1143,78.841672341493805,1143,0.068977841068673496
Juksan Weir,2023-10-29,1,20231029T021811_20231029T022436_T52SBD,S2A_MSIL2A_20231029T021811_N0509_R003_T52SBD_20231029T052155,52SBD,2023-10-29T02:27:59.300000+00:00,0.1800307883281948,1143,205.77519105912666,1143,0.1800307883281948,0.0088392713036752005,1143,10.103287100100754,1143,0.0088392713036752005
Juksan Weir,2024-05-16,1,20240516T021611_20240516T022748_T52SBD,S2A_MSIL2A_20240516T021611_N0510_R003_T52SBD_20240516T085750,52SBD,2024-05-16T02:28:02.240000+00:00,0.103451191916164,1143,118.24471236017546,1143,0.103451191916164,0.014687768461401801,1143,16.788119351382257,1143,0.014687768461401799
Juksan Weir,2024-05-31,1,20240531T021529_20240531T021532_T52SBD,S2B_MSIL2A_20240531T021529_N0510_R003_T52SBD_20240531T042042,52SBD,2024-05-31T02:27:58.991000+00:00,0.17101417471637911,1143,195.46920170082132,1143,0.17101417471637911,0.027398829639669699,1143,31.316862278142466,1143,0.027398829639669699
Juksan Weir,2024-06-10,1,20240610T021539_20240610T021535_T52SBD,S2B_MSIL2A_20240610T021539_N0510_R003_T52SBD_20240610T042021,52SBD,2024-06-10T02:28:01.870000+00:00,0.17956296317237919,1143,205.24046690602941,1143,0.17956296317237919,0.042420987103460803,1143,48.487188259255696,1143,0.042420987103460803
Juksan Weir,2024-06-15,1,20240615T021611_20240615T022018_T52SBD,S2A_MSIL2A_20240615T021611_N0510_R003_T52SBD_20240615T080802,52SBD,2024-06-15T02:28:05.565000+00:00,0.19186428507346079,1125,215.84732070764338,1125,0.19186428507346079,0.056875421944705198,1125,63.98484968779335,1125,0.056875421944705198
Juksan Weir,2024-07-30,1,20240730T021539_20240730T021533_T52SBD,S2B_MSIL2A_20240730T021539_N0511_R003_T52SBD_20240730T041503,52SBD,2024-07-30T02:27:59.973000+00:00,0.23069785422588021,1076,248.23089114704712,1076,0.23069785422588021,0.1492217034561974,1076,160.56255291886839,1076,0.1492217034561974
Juksan Weir,2024-08-04,1,20240804T021531_20240804T022721_T52SBD,S2A_MSIL2A_20240804T021531_N0511_R003_T52SBD_20240804T084047,52SBD,2024-08-04T02:28:01.906000+00:00,0.31892489114737421,1123,358.15265275850123,1123,0.31892489114737421,0.11031756691,1123,123.88662763993,1123,0.11031756691
Juksan Weir,2024-08-09,1,20240809T021539_20240809T022639_T52SBD,S2B_MSIL2A_20240809T021539_N0511_R003_T52SBD_20240809T042748,52SBD,2024-08-09T02:28:03.417000+00:00,0.3073044644411555,1143,351.24900285624074,1143,0.3073044644411555,0.12979068089241549,1143,148.35074826003091,1143,0.12979068089241549
Juksan Weir,2024-08-14,1,20240814T021601_20240814T022230_T52SBD,S2A_MSIL2A_20240814T021601_N0511_R003_T52SBD_20240814T052653,52SBD,2024-08-14T02:28:00.984000+00:00,0.32221428127576729,1079,347.66920949655292,1079,0.32221428127576729,0.14460146437533011,1079,156.02498006098119,1079,0.14460146437533011
Juksan Weir,2024-08-19,1,20240819T021539_20240819T022637_T52SBD,S2B_MSIL2A_20240819T021539_N0511_R003_T52SBD_20240819T042921,52SBD,2024-08-19T02:28:01.331000+00:00,0.2768493192449763,1143,316.43877189700788,1143,0.2768493192449763,0.1244722842196348,1143,142.27182086304256,1143,0.12447228421963479
Juksan Weir,2024-08-24,1,20240824T021531_20240824T022206_T52SBD,S2A_MSIL2A_20240824T021531_N0511_R003_T52SBD_20240824T073115,52SBD,2024-08-24T02:27:57.125000+00:00,0.29951041104897408,1143,342.34039982897735,1143,0.29951041104897408,0.1347060427754482,1143,153.96900689233729,1143,0.1347060427754482
Juksan Weir,2024-08-29,2,20240829T021539_20240829T022214_T52SBD|20240829T021539_20240829T022750_T52SBD,S2B_MSIL2A_20240829T021539_N0511_R003_T52SBD_20240829T043313|S2B_MSIL2A_20240829T021539_N0511_R003_T52SBD_20240829T050958,52SBD|52SBD,2024-08-29T02:27:55.453000+00:00|2024-08-29T02:28:02.194000+00:00,0.29510091032869878|0.29397191491166391,1143|1143,673.31023924973454,2286,0.29453641262018132,0.1247400343853967|0.1231197314831762,1143|1143,283.30371238777877,2286,0.12392988293428643
Juksan Weir,2024-09-08,1,20240908T021539_20240908T022403_T52SBD,S2B_MSIL2A_20240908T021539_N0511_R003_T52SBD_20240908T043148,52SBD,2024-09-08T02:28:01.974000+00:00,0.31215057475795099,1143,356.788106948338,1143,0.31215057475795099,0.117844175308361,1143,134.69589237745663,1143,0.11784417530836101
Juksan Weir,2024-09-13,1,20240913T021531_20240913T022550_T52SBD,S2A_MSIL2A_20240913T021531_N0511_R003_T52SBD_20240913T052851,52SBD,2024-09-13T02:27:57.349000+00:00,0.25502368307063861,1073,273.64041193479522,1073,0.25502368307063861,0.13922746402979549,1073,149.39106890397056,1073,0.13922746402979549
Juksan Weir,2024-09-28,1,20240928T021529_20240928T022712_T52SBD,S2B_MSIL2A_20240928T021529_N0511_R003_T52SBD_20240928T042817,52SBD,2024-09-28T02:27:59.777000+00:00,0.20879672138299241,1143,238.65465254076031,1143,0.20879672138299241,0.0349653190899962,1143,39.965359719865653,1143,0.0349653190899962
Juksan Weir,2025-06-30,1,20250630T021621_20250630T022435_T52SBD,S2C_MSIL2A_20250630T021621_N0511_R003_T52SBD_20250630T060216,52SBD,2025-06-30T02:28:21.051000+00:00,0.30995364878542259,1138,352.72725231781089,1138,0.30995364878542259,0.052820686506673098,1138,60.109941244593983,1138,0.052820686506673098
Juksan Weir,2025-07-05,1,20250705T021539_20250705T021535_T52SBD,S2B_MSIL2A_20250705T021539_N0511_R003_T52SBD_20250705T035632,52SBD,2025-07-05T02:28:01.992000+00:00,0.1900078759782772,632,120.0849776182712,632,0.1900078759782772,0.1243868398684856,632,78.612482796882901,632,0.1243868398684856
Juksan Weir,2025-07-10,1,20250710T021631_20250710T022524_T52SBD,S2C_MSIL2A_20250710T021631_N0511_R003_T52SBD_20250710T055619,52SBD,2025-07-10T02:28:22.660000+00:00,0.2457217186743203,1143,280.85992444474812,1143,0.2457217186743203,0.066753617091638101,1143,76.299384335742346,1143,0.066753617091638101
Juksan Weir,2025-07-12,1,20250712T022131_20250712T022332_T52SBD,S2A_MSIL2A_20250712T022131_N0511_R003_T52SBD_20250712T062412,52SBD,2025-07-12T02:28:18.758000+00:00,0.25572141850053748,1143,292.28958134611435,1143,0.25572141850053748,0.064155366199528593,1143,73.329583566061189,1143,0.064155366199528593
Juksan Weir,2025-07-25,1,20250725T021539_20250725T022319_T52SBD,S2B_MSIL2A_20250725T021539_N0511_R003_T52SBD_20250725T041758,52SBD,2025-07-25T02:28:01.502000+00:00,0.22477050879644611,1143,256.91269155433793,1143,0.22477050879644614,0.056864578640563899,1143,64.996213386164541,1143,0.056864578640563906
Juksan Weir,2025-08-01,1,20250801T022131_20250801T022131_T52SBD,S2A_MSIL2A_20250801T022131_N0511_R003_T52SBD_20250801T071659,52SBD,2025-08-01T02:28:17.065000+00:00,0.29508491522904179,1078,318.10153861690702,1078,0.29508491522904179,0.073457166865554396,1078,79.186825881067634,1078,0.073457166865554396
Juksan Weir,2025-08-19,1,20250819T021621_20250819T022737_T52SBD,S2C_MSIL2A_20250819T021621_N0511_R003_T52SBD_20250819T061713,52SBD,2025-08-19T02:28:19.141000+00:00,0.29071874362462857,1031,299.73102467699204,1031,0.29071874362462857,0.13793626867791159,1031,142.21229300692684,1031,0.13793626867791159
Juksan Weir,2025-08-21,1,20250821T022131_20250821T022128_T52SBD,S2A_MSIL2A_20250821T022131_N0511_R003_T52SBD_20250821T073716,52SBD,2025-08-21T02:28:13.550000+00:00,0.34564663162796427,1143,395.07409995076318,1143,0.34564663162796427,0.1116584783326013,1143,127.62564073416328,1143,0.1116584783326013
Juksan Weir,2025-09-03,1,20250903T021529_20250903T022208_T52SBD,S2B_MSIL2A_20250903T021529_N0511_R003_T52SBD_20250903T041538,52SBD,2025-09-03T02:27:59.252000+00:00,0.26491428721490878,1125,298.02857311677241,1125,0.26491428721490878,0.1147577612844011,1125,129.10248144495122,1125,0.11475776128440109
Juksan Weir,2025-09-23,1,20250923T021529_20250923T022229_T52SBD,S2B_MSIL2A_20250923T021529_N0511_R003_T52SBD_20250923T041635,52SBD,2025-09-23T02:27:58.787000+00:00,0.12008311264667169,1143,137.25499775514575,1143,0.12008311264667169,0.145482528882139,1143,166.28653051228488,1143,0.145482528882139
Juksan Weir,2025-10-20,1,20251020T022131_20251020T022129_T52SBD,S2A_MSIL2A_20251020T022131_N0511_R003_T52SBD_20251020T071520,52SBD,2025-10-20T02:28:14.496000+00:00,0.073788458534489801,1143,84.340208104921842,1143,0.073788458534489801,0.012357662864815801,1143,14.124808654484461,1143,0.012357662864815801
Juksan Weir,2025-10-23,1,20251023T021649_20251023T022418_T52SBD,S2B_MSIL2A_20251023T021649_N0511_R003_T52SBD_20251023T041454,52SBD,2025-10-23T02:27:59.571000+00:00,0.1212605152481632,1143,138.60076892865052,1143,0.12126051524816318,0.017041443446483701,1143,19.478369859330869,1143,0.017041443446483701
Juksan Weir,2025-10-28,1,20251028T021821_20251028T022504_T52SBD,S2C_MSIL2A_20251028T021821_N0511_R003_T52SBD_20251028T054320,52SBD,2025-10-28T02:28:12.567000+00:00,0.2213683419743751,1143,253.02401487671074,1143,0.2213683419743751,0.0112620259169301,1143,12.872495623051105,1143,0.0112620259169301
Nakdan Weir,2017-05-03,1,20170503T021611_20170503T022350_T52SDF,S2A_MSIL2A_20170503T021611_N0500_R003_T52SDF_20230925T151324,52SDF,2017-05-03T02:27:24.879000+00:00,-0.036002455229956098,7187,-258.74964573769449,7187,-0.036002455229956098,-0.0028240542150624001,7187,-20.296477643653468,7187,-0.0028240542150624001
Nakdan Weir,2017-07-27,1,20170727T021559_20170727T022347_T52SDF,S2B_MSIL2A_20170727T021559_N0500_R003_T52SDF_20230919T203258,52SDF,2017-07-27T02:27:22.398000+00:00,-0.025924779539934498,7187,-186.32139055350925,7187,-0.025924779539934498,-0.039181990065273502,7187,-281.60096259912063,7187,-0.039181990065273502
Nakdan Weir,2017-10-30,1,20171030T021821_20171030T022623_T52SDF,S2A_MSIL2A_20171030T021821_N0500_R003_T52SDF_20230911T092126,52SDF,2017-10-30T02:27:21.895000+00:00,-0.023146154590711,7187,-166.35141304343995,7187,-0.023146154590711,-0.0090924608763018992,7187,-65.347516317981743,7187,-0.0090924608763018975
Nakdan Weir,2018-06-02,1,20180602T021639_20180602T021638_T52SDF,S2B_MSIL2A_20180602T021639_N0500_R003_T52SDF_20230827T172817,52SDF,2018-06-02T02:27:19.546000+00:00,-0.010764585946682399,7187,-77.365079198806399,7187,-0.010764585946682399,-0.0029315435202345,7187,-21.069003279925351,7187,-0.0029315435202345
Nakdan Weir,2018-06-24,1,20180624T020651_20180624T020653_T52SDF,S2A_MSIL2A_20180624T020651_N0500_R103_T52SDF_20230902T201514,52SDF,2018-06-24T02:17:27.046000+00:00,-0.052787647365141098,7187,-379.38482161326908,7187,-0.052787647365141098,-0.0083902440684088999,7187,-60.300684119654761,7187,-0.0083902440684088999
Nakdan Weir,2018-08-01,1,20180801T021649_20180801T022346_T52SDF,S2B_MSIL2A_20180801T021649_N0500_R003_T52SDF_20230709T134957,52SDF,2018-08-01T02:27:19.276000+00:00,0.11822652979494851,7187,849.6940696362949,7187,0.11822652979494851,-0.0091853457258951002,7187,-66.01507973200809,7187,-0.0091853457258951002
Nakdan Weir,2018-10-12,1,20181012T020651_20181012T020650_T52SDF,S2A_MSIL2A_20181012T020651_N0500_R103_T52SDF_20230729T042036,52SDF,2018-10-12T02:17:23.801000+00:00,-0.10879435197716859,7187,-781.90500765991067,7187,-0.10879435197716859,-0.054631828875253703,7187,-392.63895412644837,7187,-0.054631828875253703
Nakdan Weir,2018-10-20,1,20181020T021709_20181020T022232_T52SDF,S2B_MSIL2A_20181020T021709_N0510_R003_T52SDF_20250531T231417,52SDF,2018-10-20T02:27:19.792000+00:00,-0.075592236435193402,7187,-543.28140325973493,7187,-0.075592236435193388,-0.0094380719865672005,7187,-67.83142336745847,7187,-0.0094380719865672005
Nakdan Weir,2018-10-30,1,20181030T021819_20181030T022432_T52SDF,S2B_MSIL2A_20181030T021819_N0500_R003_T52SDF_20230707T113406,52SDF,2018-10-30T02:27:20.227000+00:00,-0.0044458967922097999,7187,-31.952660245611831,7187,-0.0044458967922097999,-0.0077546145532377004,7187,-55.73241479411935,7187,-0.0077546145532377004
Nakdan Weir,2019-05-03,1,20190503T021611_20190503T021607_T52SDF,S2A_MSIL2A_20190503T021611_N0500_R003_T52SDF_20221205T094439,52SDF,2019-05-03T02:27:26.549000+00:00,-0.00032439329217180001,7187,-2.3314145908387265,7187,-0.00032439329217179996,-0.0040084927584638002,7187,-28.809037455079331,7187,-0.0040084927584638002
Nakdan Weir,2019-05-10,1,20190510T020701_20190510T020657_T52SDF,S2A_MSIL2A_20190510T020701_N0500_R103_T52SDF_20221201T133723,52SDF,2019-05-10T02:17:30.872000+00:00,-0.090558419808695695,7187,-650.84336316509598,7187,-0.090558419808695695,-0.0054181594732998998,7187,-38.94031213460638,7187,-0.0054181594732998998
Nakdan Weir,2019-05-23,1,20190523T021611_20190523T022214_T52SDF,S2A_MSIL2A_20190523T021611_N0500_R003_T52SDF_20221212T010402,52SDF,2019-05-23T02:27:26.116000+00:00,-0.0204921457878438,7187,-147.2770517772334,7187,-0.0204921457878438,-0.0089794132449442995,7187,-64.535042991414684,7187,-0.0089794132449442995
Nakdan Weir,2019-05-30,1,20190530T020701_20190530T020656_T52SDF,S2A_MSIL2A_20190530T020701_N0212_R103_T52SDF_20190530T050413,52SDF,2019-05-30T02:17:29+00:00,-0.0072180924639078997,7187,-51.876430538106078,7187,-0.0072180924639078997,-0.0074153603134547996,6736,-49.949867071431527,6736,-0.0074153603134547988
Nakdan Weir,2019-06-04,1,20190604T020659_20190604T020701_T52SDF,S2B_MSIL2A_20190604T020659_N0500_R103_T52SDF_20230808T145552,52SDF,2019-06-04T02:17:35.110000+00:00,-0.15730625941517989,7187,-1130.560086416898,7187,-0.15730625941517992,-0.0178386865574429,7187,-128.20664028834213,7187,-0.0178386865574429
Nakdan Weir,2019-06-09,1,20190609T020701_20190609T020655_T52SDF,S2A_MSIL2A_20190609T020701_N0212_R103_T52SDF_20190609T050254,52SDF,2019-06-09T02:17:29+00:00,-0.050628708947643701,7187,-363.86853120671526,7187,-0.050628708947643701,-0.0147701384617831,5181,-76.524087370498236,5181,-0.014770138461783098
Nakdan Weir,2019-06-12,1,20190612T021611_20190612T022608_T52SDF,S2A_MSIL2A_20190612T021611_N0212_R003_T52SDF_20190612T043019,52SDF,2019-06-12T02:27:25+00:00,-0.0176740220432853,7187,-127.02319642509146,7187,-0.0176740220432853,-0.0121392042893201,7187,-87.244461227343564,7187,-0.012139204289320102
Nakdan Weir,2019-06-17,1,20190617T021609_20190617T022127_T52SDF,S2B_MSIL2A_20190617T021609_N0212_R003_T52SDF_20190617T055313,52SDF,2019-06-17T02:27:30+00:00,0.017304397914173,7079,122.49783283443067,7079,0.017304397914173,0.0152725337466639,7079,108.11426639263375,7079,0.0152725337466639
Nakdan Weir,2019-06-22,1,20190622T021611_20190622T021607_T52SDF,S2A_MSIL2A_20190622T021611_N0212_R003_T52SDF_20190622T051801,52SDF,2019-06-22T02:27:26+00:00,0.061733244081542002,6630,409.29140826062348,6630,0.061733244081542002,0.052766052036566903,6630,349.83892500243854,6630,0.052766052036566896
Nakdan Weir,2019-06-24,1,20190624T020659_20190624T021436_T52SDF,S2B_MSIL2A_20190624T020659_N0212_R103_T52SDF_20190624T060509,52SDF,2019-06-24T02:17:35+00:00,0.055950724671062199,7187,402.117858210924,7187,0.055950724671062192,0.023987888356983001,7187,172.40095362163683,7187,0.023987888356983001
Nakdan Weir,2019-07-02,1,20190702T021611_20190702T021608_T52SDF,S2A_MSIL2A_20190702T021611_N0212_R003_T52SDF_20190702T051730,52SDF,2019-07-02T02:27:27.572000+00:00,0.0202899192227072,5386,109.28150493350098,5386,0.0202899192227072,-0.0018603729578654999,5386,-10.019968751063583,5386,-0.0018603729578655001
Nakdan Weir,2019-07-04,1,20190704T020659_20190704T020701_T52SDF,S2B_MSIL2A_20190704T020659_N0500_R103_T52SDF_20230717T171623,52SDF,2019-07-04T02:17:35.712000+00:00,-0.046667658583514897,7187,-335.40046223972155,7187,-0.046667658583514897,-0.0093980457015799997,7187,-67.54375445725546,7187,-0.0093980457015799997
Nakdan Weir,2019-08-08,1,20190808T020701_20190808T020657_T52SDF,S2A_MSIL2A_20190808T020701_N0213_R103_T52SDF_20190808T050331,52SDF,2019-08-08T02:17:31.014000+00:00,0.048778127598654901,7076,345.1540308880821,7076,0.048778127598654908,0.021931009367830101,7076,155.1838222867658,7076,0.021931009367830101
Nakdan Weir,2019-08-18,1,20190818T020701_20190818T021257_T52SDF,S2A_MSIL2A_20190818T020701_N0213_R103_T52SDF_20190818T042046,52SDF,2019-08-18T02:17:29.862000+00:00,0.047535154564685697,3831,182.10717713731091,3831,0.047535154564685697,0.0223961103290173,3831,85.799498670465269,3831,0.022396110329017296
Nakdan Weir,2019-09-17,1,20190917T020651_20190917T021206_T52SDF,S2A_MSIL2A_20190917T020651_N0500_R103_T52SDF_20230501T145626,52SDF,2019-09-17T02:17:26.352000+00:00,-0.019177989806226901,7187,-137.83221273735273,7187,-0.019177989806226901,-0.0002090269048914,7187,-1.5022763654544917,7187,-0.0002090269048914
Nakdan Weir,2019-09-30,1,20190930T021601_20190930T021604_T52SDF,S2A_MSIL2A_20190930T021601_N0500_R003_T52SDF_20230707T024625,52SDF,2019-09-30T02:27:24.324000+00:00,0.049433708744796002,7187,355.28006474884887,7187,0.049433708744796002,-0.0008191253243751,7187,-5.8870537062838437,7187,-0.0008191253243751
Nakdan Weir,2019-10-12,1,20191012T020659_20191012T020654_T52SDF,S2B_MSIL2A_20191012T020659_N0213_R103_T52SDF_20191012T044314,52SDF,2019-10-12T02:17:28.126000+00:00,0.012424893110462,7187,89.297706784890394,7187,0.012424893110462,-0.0076394005665875002,7187,-54.904371872064367,7187,-0.0076394005665875002
Nakdan Weir,2019-10-20,1,20191020T021721_20191020T021716_T52SDF,S2A_MSIL2A_20191020T021721_N0213_R003_T52SDF_20191020T052106,52SDF,2019-10-20T02:27:25.990000+00:00,0.0323225333038588,7187,232.30204685483321,7187,0.0323225333038588,-0.0032032071098694001,7187,-23.021449498631377,7187,-0.0032032071098694001
Nakdan Weir,2019-10-22,1,20191022T020719_20191022T020722_T52SDF,S2B_MSIL2A_20191022T020719_N0213_R103_T52SDF_20191022T044434,52SDF,2019-10-22T02:17:28.133000+00:00,0.059163118910411899,7187,425.20533560913032,7187,0.059163118910411899,-0.0034749643690232999,7186,-24.971093955801432,7186,-0.0034749643690232999
Nakdan Weir,2019-10-27,1,20191027T020801_20191027T020756_T52SDF,S2A_MSIL2A_20191027T020801_N0500_R103_T52SDF_20230710T091331,52SDF,2019-10-27T02:17:30.275000+00:00,-0.078637249529492803,7187,-565.16591236846477,7187,-0.078637249529492803,-0.023555005938289499,7187,-169.28982767848663,7187,-0.023555005938289499
Nakdan Weir,2019-10-30,1,20191030T021821_20191030T021819_T52SDF,S2A_MSIL2A_20191030T021821_N0500_R003_T52SDF_20230709T010057,52SDF,2019-10-30T02:27:26+00:00,-0.073192723458195094,7187,-526.03610349404812,7187,-0.073192723458195094,-0.0387368041572725,7187,-278.40141147831747,7187,-0.0387368041572725
Nakdan Weir,2020-05-12,1,20200512T021559_20200512T021601_T52SDF,S2B_MSIL2A_20200512T021559_N0214_R003_T52SDF_20200512T050014,52SDF,2020-05-12T02:27:21.448000+00:00,0.036987470168631603,7187,265.82894810195535,7187,0.036987470168631603,0.029187869013791799,7187,209.77321460212167,7187,0.029187869013791799
Nakdan Weir,2020-05-29,1,20200529T020659_20200529T020654_T52SDF,S2B_MSIL2A_20200529T020659_N0214_R103_T52SDF_20200529T050207,52SDF,2020-05-29T02:17:28.279000+00:00,0.0132474810091548,7187,95.209646012795545,7187,0.0132474810091548,-0.0070245424614649998,7166,-50.337871278858188,7166,-0.0070245424614649998
Nakdan Weir,2020-06-01,1,20200601T021609_20200601T021604_T52SDF,S2B_MSIL2A_20200601T021609_N0214_R003_T52SDF_20200601T050555,52SDF,2020-06-01T02:27:24.366000+00:00,0.0211544168701558,7187,152.03679404580973,7187,0.0211544168701558,-0.0010735791053278999,7187,-7.715813029991617,7187,-0.0010735791053278999
Nakdan Weir,2020-06-06,1,20200606T021611_20200606T021609_T52SDF,S2A_MSIL2A_20200606T021611_N0214_R003_T52SDF_20200606T052013,52SDF,2020-06-06T02:27:29.088000+00:00,0.021418334572145099,7187,153.93357057000682,7187,0.021418334572145099,-0.020326783103879101,7187,-146.0885901675791,7187,-0.020326783103879101
Nakdan Weir,2020-06-08,1,20200608T020659_20200608T020655_T52SDF,S2B_MSIL2A_20200608T020659_N0214_R103_T52SDF_20200608T045438,52SDF,2020-06-08T02:17:29.150000+00:00,-0.0069627204225427997,7187,-50.0410716768151,7187,-0.0069627204225427997,-0.0131831823424824,7187,-94.747531495421015,7187,-0.013183182342482402
Nakdan Weir,2020-06-16,1,20200616T021611_20200616T021609_T52SDF,S2A_MSIL2A_20200616T021611_N0214_R003_T52SDF_20200616T053533,52SDF,2020-06-16T02:27:28.869000+00:00,-0.021805574664278599,7187,-156.71666511217029,7187,-0.021805574664278599,-0.0254980071634868,7187,-183.25417748397965,7187,-0.025498007163486804
Nakdan Weir,2020-06-21,1,20200621T021609_20200621T021605_T52SDF,S2B_MSIL2A_20200621T021609_N0214_R003_T52SDF_20200621T050033,52SDF,2020-06-21T02:27:25.323000+00:00,0.0068378541907020999,7187,49.143658068575995,7187,0.0068378541907020999,-0.0066026250483003004,7187,-47.453066222134261,7187,-0.0066026250483003004
Nakdan Weir,2020-06-23,1,20200623T020701_20200623T020659_T52SDF,S2A_MSIL2A_20200623T020701_N0214_R103_T52SDF_20200623T051817,52SDF,2020-06-23T02:17:32.724000+00:00,-0.070026380197686505,7187,-503.27959448077291,7187,-0.070026380197686505,-0.0052062814875833002,7186,-37.412338769773598,7186,-0.0052062814875833002
Nakdan Weir,2020-06-28,1,20200628T020659_20200628T020655_T52SDF,S2B_MSIL2A_20200628T020659_N0214_R103_T52SDF_20200628T044730,52SDF,2020-06-28T02:17:29.438000+00:00,0.00074581330566459998,7187,5.3601602278114804,7187,0.00074581330566459998,0.0080424626158716993,7187,57.801178820269904,7187,0.0080424626158716993
Nakdan Weir,2020-07-08,1,20200708T020659_20200708T020655_T52SDF,S2B_MSIL2A_20200708T020659_N0214_R103_T52SDF_20200708T045226,52SDF,2020-07-08T02:17:28.963000+00:00,0.041008618642475403,7114,291.73531302257004,7114,0.041008618642475403,-0.0194721469146255,7114,-138.52485315064581,7114,-0.0194721469146255
Nakdan Weir,2020-07-16,1,20200716T021611_20200716T021608_T52SDF,S2A_MSIL2A_20200716T021611_N0214_R003_T52SDF_20200716T053754,52SDF,2020-07-16T02:27:27.480000+00:00,-0.052100612726396399,6676,-347.82369056142238,6676,-0.052100612726396399,-0.0448205235523675,6676,-299.22181523560545,6676,-0.0448205235523675
Nakdan Weir,2020-07-21,1,20200721T021609_20200721T021604_T52SDF,S2B_MSIL2A_20200721T021609_N0214_R003_T52SDF_20200721T045342,52SDF,2020-07-21T02:27:24.547000+00:00,0.023209260189074699,7187,166.80495297887987,7187,0.023209260189074699,-0.0093692769112851005,7187,-67.336993161406014,7187,-0.0093692769112851005
Nakdan Weir,2020-08-20,1,20200820T021609_20200820T021606_T52SDF,S2B_MSIL2A_20200820T021609_N0214_R003_T52SDF_20200820T045434,52SDF,2020-08-20T02:27:26.309000+00:00,0.0761332542960204,7187,547.16969862549865,7187,0.0761332542960204,-0.0028407627392097999,7187,-20.41656180670083,7187,-0.0028407627392097999
Nakdan Weir,2020-08-25,1,20200825T021611_20200825T021608_T52SDF,S2A_MSIL2A_20200825T021611_N0214_R003_T52SDF_20200825T053321,52SDF,2020-08-25T02:27:28.189000+00:00,-0.0090214976091725994,7187,-64.837503317123478,7187,-0.0090214976091725994,-0.015420623974215701,7187,-110.82802450268824,7187,-0.015420623974215701
Nakdan Weir,2020-09-04,1,20200904T021611_20200904T021607_T52SDF,S2A_MSIL2A_20200904T021611_N0214_R003_T52SDF_20200904T052050,52SDF,2020-09-04T02:27:27.307000+00:00,0.031015252913733801,3774,117.05156449643137,3774,0.031015252913733801,-0.0101549390482006,3774,-38.324739967909061,3774,-0.0101549390482006
Nakdan Weir,2020-09-14,1,20200914T021611_20200914T021607_T52SDF,S2A_MSIL2A_20200914T021611_N0214_R003_T52SDF_20200914T052323,52SDF,2020-09-14T02:27:26.907000+00:00,-0.034204589112090802,6078,-207.89549262328791,6078,-0.034204589112090802,-0.0335841253145319,6078,-204.1243136617249,6078,-0.0335841253145319
Nakdan Weir,2020-10-01,1,20201001T020701_20201001T020659_T52SDF,S2A_MSIL2A_20201001T020701_N0214_R103_T52SDF_20201001T045717,52SDF,2020-10-01T02:17:32.665000+00:00,0.0198676400637227,6187,122.92108907425234,6187,0.0198676400637227,-0.017012839395017399,6187,-105.25843733697265,6187,-0.017012839395017399
Nakdan Weir,2020-10-06,1,20201006T020659_20201006T020656_T52SDF,S2B_MSIL2A_20201006T020659_N0500_R103_T52SDF_20230411T043438,52SDF,2020-10-06T02:17:30.557000+00:00,-0.082723527978403003,7187,-594.5339955807824,7187,-0.082723527978403003,-0.029885525352684301,7187,-214.78727070974207,7187,-0.029885525352684301
Nakdan Weir,2020-10-09,1,20201009T021609_20201009T021609_T52SDF,S2B_MSIL2A_20201009T021609_N0214_R003_T52SDF_20201009T045242,52SDF,2020-10-09T02:27:26.439000+00:00,-0.0034903274299651001,3471,-12.114926509408862,3471,-0.0034903274299651001,0.0116890000153126,3471,40.572519053150032,3471,0.0116890000153126
Nakdan Weir,2020-10-19,1,20201019T021719_20201019T022536_T52SDF,S2B_MSIL2A_20201019T021719_N0214_R003_T52SDF_20201019T045725,52SDF,2020-10-19T02:27:26.467000+00:00,-0.060656627770960397,7187,-435.93918378989235,7187,-0.060656627770960397,-0.0203794281786332,7187,-146.4669503198368,7187,-0.0203794281786332
Nakdan Weir,2020-10-24,1,20201024T021751_20201024T022447_T52SDF,S2A_MSIL2A_20201024T021751_N0214_R003_T52SDF_20201024T045915,52SDF,2020-10-24T02:27:28.100000+00:00,-0.089156343405139296,7187,-640.76664005273608,7187,-0.089156343405139296,-0.027300927870155201,7187,-196.21176860280542,7187,-0.027300927870155201
Nakdan Weir,2020-10-26,1,20201026T020759_20201026T020756_T52SDF,S2B_MSIL2A_20201026T020759_N0500_R103_T52SDF_20230416T064228,52SDF,2020-10-26T02:17:30.303000+00:00,-0.074993867268209696,7187,-538.98092405662305,7187,-0.074993867268209696,-0.0240322093330393,7187,-172.71948847655344,7187,-0.0240322093330393
Nakdan Weir,2021-05-02,2,20210502T021601_20210502T021601_T52SDF|20210502T021601_20210502T022719_T52SDF,S2A_MSIL2A_20210502T021601_N0300_R003_T52SDF_20210502T051124|S2A_MSIL2A_20210502T021601_N0300_R003_T52SDF_20210502T041531,52SDF|52SDF,2021-05-02T02:27:19.280000+00:00|2021-05-02T02:27:26.405000+00:00,0.042599246707776497|0.0491009703537644,4848|4815,442.94232029267607,9663,0.045839006550002698,0.024824116102745299|0.025138932969803102,4848|4815,241.39127711571115,9663,0.024980986972545912
Nakdan Weir,2021-05-09,1,20210509T020651_20210509T021025_T52SDF,S2A_MSIL2A_20210509T020651_N0300_R103_T52SDF_20210509T044903,52SDF,2021-05-09T02:17:26.051000+00:00,0.027418793242917801,7187,197.05886703685024,7187,0.027418793242917801,-0.0003507391267671,7187,-2.5207621040751476,7187,-0.0003507391267671
Nakdan Weir,2021-05-19,1,20210519T020651_20210519T020653_T52SDF,S2A_MSIL2A_20210519T020651_N0500_R103_T52SDF_20230224T152720,52SDF,2021-05-19T02:17:27.245000+00:00,-0.057201572261500501,7187,-411.10769984340408,7187,-0.057201572261500501,-0.060126261412881098,7187,-432.12744077437645,7187,-0.060126261412881098
Nakdan Weir,2021-05-22,1,20210522T021601_20210522T022207_T52SDF,S2A_MSIL2A_20210522T021601_N0300_R003_T52SDF_20210522T050033,52SDF,2021-05-22T02:27:23.242000+00:00,-0.023323113278334199,7187,-167.62321513138789,7187,-0.023323113278334199,-0.032585533462744301,7187,-234.1922289967433,7187,-0.032585533462744301
Nakdan Weir,2021-05-29,1,20210529T020651_20210529T021027_T52SDF,S2A_MSIL2A_20210529T020651_N0300_R103_T52SDF_20210529T045132,52SDF,2021-05-29T02:17:27.799000+00:00,0.019637050350886601,7187,141.13148087182199,7187,0.019637050350886601,-0.0045617230892458002,7187,-32.785103842409569,7187,-0.004561723089245801
Nakdan Weir,2021-06-08,1,20210608T020651_20210608T021027_T52SDF,S2A_MSIL2A_20210608T020651_N0300_R103_T52SDF_20210608T045137,52SDF,2021-06-08T02:17:27.725000+00:00,-0.0615140190448768,4306,-264.87936600723953,4306,-0.061514019044876807,-0.0129046744869126,3131,-40.40453581852335,3131,-0.0129046744869126
Nakdan Weir,2021-06-21,1,20210621T021601_20210621T022255_T52SDF,S2A_MSIL2A_20210621T021601_N0300_R003_T52SDF_20210621T050048,52SDF,2021-06-21T02:27:23.482000+00:00,0.036059661173809203,6898,248.73954277693588,6898,0.036059661173809203,-0.0026296315481682,6898,-18.139198419264243,6898,-0.0026296315481682
Nakdan Weir,2021-07-28,1,20210728T020701_20210728T020656_T52SDF,S2A_MSIL2A_20210728T020701_N0301_R103_T52SDF_20210728T045236,52SDF,2021-07-28T02:17:30.355000+00:00,0.00028284624776499999,7187,2.0328159826870551,7187,0.00028284624776500004,0.0025422448397342998,7183,18.260944683811477,7183,0.0025422448397342998
Nakdan Weir,2021-07-31,1,20210731T021611_20210731T022724_T52SDF,S2A_MSIL2A_20210731T021611_N0301_R003_T52SDF_20210731T041630,52SDF,2021-07-31T02:27:31.586000+00:00,0.0231526718881187,4991,115.55498539360043,4991,0.0231526718881187,0.0030118352410754001,4991,15.032069688207322,4991,0.0030118352410754001
Nakdan Weir,2021-08-05,1,20210805T021609_20210805T021604_T52SDF,S2B_MSIL2A_20210805T021609_N0301_R003_T52SDF_20210805T043604,52SDF,2021-08-05T02:27:24.049000+00:00,0.067858288523230906,7187,487.69751961646051,7187,0.067858288523230906,0.0070616947897879003,7187,50.752400454205642,7187,0.0070616947897879003
Nakdan Weir,2021-08-07,1,20210807T020701_20210807T021029_T52SDF,S2A_MSIL2A_20210807T020701_N0301_R103_T52SDF_20210807T051852,52SDF,2021-08-07T02:17:29.814000+00:00,0.068955764080230894,7187,495.58507644461946,7187,0.068955764080230894,-0.0078119097255211004,6344,-49.558755298705861,6344,-0.0078119097255211004
Nakdan Weir,2021-09-11,1,20210911T020649_20210911T020649_T52SDF,S2B_MSIL2A_20210911T020649_N0301_R103_T52SDF_20210911T043804,52SDF,2021-09-11T02:17:23.328000+00:00,-0.024380635670891899,7187,-175.22362856670009,7187,-0.024380635670891899,-0.0098137952219215004,7178,-70.443422102952525,7178,-0.0098137952219215004
Nakdan Weir,2021-09-19,1,20210919T021611_20210919T022209_T52SDF,S2A_MSIL2A_20210919T021611_N0301_R003_T52SDF_20210919T051646,52SDF,2021-09-19T02:27:25.075000+00:00,-0.0127160378917927,7187,-91.390164328314128,7187,-0.0127160378917927,-0.0118517782626402,7187,-85.178730373595116,7187,-0.0118517782626402
Nakdan Weir,2021-09-24,1,20210924T021559_20210924T021601_T52SDF,S2B_MSIL2A_20210924T021559_N0301_R003_T52SDF_20210924T044840,52SDF,2021-09-24T02:27:20.769000+00:00,0.045038117059297597,7187,323.68894730517184,7187,0.045038117059297597,0.0036737720656744,7187,26.403399836001913,7187,0.0036737720656744
Nakdan Weir,2021-10-01,1,20211001T020649_20211001T020652_T52SDF,S2B_MSIL2A_20211001T020649_N0301_R103_T52SDF_20211001T043245,52SDF,2021-10-01T02:17:26.483000+00:00,0.002584367779648,5632,14.555159334977535,5632,0.002584367779648,-0.0016853470558930001,5632,-9.4918746187893763,5632,-0.0016853470558930001
Nakdan Weir,2021-10-14,1,20211014T021639_20211014T021639_T52SDF,S2B_MSIL2A_20211014T021639_N0301_R003_T52SDF_20211014T044840,52SDF,2021-10-14T02:27:24.001000+00:00,0.064852161436153993,7187,466.09248424163877,7187,0.064852161436153993,0.0155801668923086,7187,111.97465945502191,7187,0.0155801668923086
Nakdan Weir,2021-10-19,1,20211019T021721_20211019T022407_T52SDF,S2A_MSIL2A_20211019T021721_N0301_R003_T52SDF_20211019T051640,52SDF,2021-10-19T02:27:28.185000+00:00,0.044139149005146802,6462,285.22718087125861,6462,0.044139149005146795,-0.0073688083998502,6462,-47.617239879831992,6462,-0.0073688083998502
Nakdan Weir,2021-10-24,1,20211024T021749_20211024T021743_T52SDF,S2B_MSIL2A_20211024T021749_N0301_R003_T52SDF_20211024T044140,52SDF,2021-10-24T02:27:24.356000+00:00,0.036115065567137797,3972,143.44904043267132,3972,0.036115065567137797,-0.0020844471938821002,3972,-8.2794242540997018,3972,-0.0020844471938821002
Nakdan Weir,2021-10-26,1,20211026T020801_20211026T021128_T52SDF,S2A_MSIL2A_20211026T020801_N0301_R103_T52SDF_20211026T045335,52SDF,2021-10-26T02:17:32.038000+00:00,0.043991613485443601,6534,287.44120251388847,6534,0.043991613485443601,-0.0042010822476764003,6534,-27.449871406317598,6534,-0.0042010822476764003
Nakdan Weir,2021-10-31,1,20211031T020819_20211031T020820_T52SDF,S2B_MSIL2A_20211031T020819_N0500_R103_T52SDF_20230127T035223,52SDF,2021-10-31T02:17:28.238000+00:00,-0.036934691639159502,7187,-265.44962881063935,7187,-0.036934691639159502,-0.0094032133583330998,7187,-67.580894406339993,7187,-0.0094032133583330998
Nakdan Weir,2022-05-04,1,20220504T020701_20220504T021642_T52SDF,S2A_MSIL2A_20220504T020701_N0400_R103_T52SDF_20220504T052914,52SDF,2022-05-04T02:17:31.857000+00:00,0.039904556582366899,7187,286.79404815747091,7187,0.039904556582366899,0.00095650786065109997,7187,6.8744219944994551,7187,0.00095650786065109997
Nakdan Weir,2022-05-09,1,20220509T020649_20220509T021302_T52SDF,S2B_MSIL2A_20220509T020649_N0400_R103_T52SDF_20220509T044739,52SDF,2022-05-09T02:17:23.893000+00:00,-0.040752664507614202,7187,-292.88939981622326,7187,-0.040752664507614202,-0.0028706905339057,7187,-20.631652867180264,7187,-0.0028706905339057
Nakdan Weir,2022-05-17,1,20220517T021611_20220517T022234_T52SDF,S2A_MSIL2A_20220517T021611_N0400_R003_T52SDF_20220517T055107,52SDF,2022-05-17T02:27:27.923000+00:00,-0.0244490863760305,7187,-175.71558378453122,7187,-0.024449086376030504,-0.0077037820332391998,7187,-55.367081472890128,7187,-0.0077037820332391998
Nakdan Weir,2022-05-22,1,20220522T021609_20220522T022240_T52SDF,S2B_MSIL2A_20220522T021609_N0400_R003_T52SDF_20220522T050008,52SDF,2022-05-22T02:27:22.833000+00:00,0.019360881198881099,7187,139.14665317635846,7187,0.019360881198881099,-0.012563220023747899,7187,-90.291862310676152,7187,-0.012563220023747899
Nakdan Weir,2022-05-24,1,20220524T020701_20220524T021301_T52SDF,S2A_MSIL2A_20220524T020701_N0400_R103_T52SDF_20220524T053520,52SDF,2022-05-24T02:17:34.020000+00:00,-0.088498767834619699,7187,-636.04064442741173,7187,-0.088498767834619699,-0.015941506907377299,7187,-114.57161014332065,7187,-0.015941506907377299
Nakdan Weir,2022-06-01,1,20220601T021559_20220601T022239_T52SDF,S2B_MSIL2A_20220601T021559_N0400_R003_T52SDF_20220601T044554,52SDF,2022-06-01T02:27:22.551000+00:00,0.0091772130600196993,7187,65.956630262361585,7187,0.0091772130600197011,-0.0043073668280874996,7187,-30.95704539346486,7187,-0.0043073668280874996
Nakdan Weir,2022-06-03,1,20220603T020701_20220603T021559_T52SDF,S2A_MSIL2A_20220603T020701_N0400_R103_T52SDF_20220603T055620,52SDF,2022-06-03T02:17:34.880000+00:00,-0.1156983834611463,7187,-831.5242819352585,7187,-0.1156983834611463,-0.0070767341517281998,7187,-50.860488348470575,7187,-0.0070767341517282006
Nakdan Weir,2022-06-18,1,20220618T020659_20220618T021309_T52SDF,S2B_MSIL2A_20220618T020659_N0400_R103_T52SDF_20220618T043051,52SDF,2022-06-18T02:17:31.111000+00:00,-0.0087318723019292003,7187,-62.755966233965161,7187,-0.0087318723019292003,-0.0016654378969442,7187,-11.969502165337966,7187,-0.0016654378969442
Nakdan Weir,2022-06-21,1,20220621T021539_20220621T022216_T52SDF,S2B_MSIL2A_20220621T021539_N0400_R003_T52SDF_20220621T045243,52SDF,2022-06-21T02:27:27.348000+00:00,0.024256115600063698,7187,174.32870281765781,7187,0.024256115600063702,-0.0011060621960615,7187,-7.9492690030940008,7187,-0.0011060621960615
Nakdan Weir,2022-07-01,1,20220701T021539_20220701T022213_T52SDF,S2B_MSIL2A_20220701T021539_N0400_R003_T52SDF_20220701T043554,52SDF,2022-07-01T02:27:27.949000+00:00,0.029018219964306501,7187,208.55394688347081,7187,0.029018219964306501,-0.006047723540202,7187,-43.464989083431774,7187,-0.006047723540202
Nakdan Weir,2022-08-22,1,20220822T020711_20220822T021658_T52SDF,S2A_MSIL2A_20220822T020711_N0400_R103_T52SDF_20220824T143002,52SDF,2022-08-22T02:17:39.653000+00:00,0.075800593905554201,7187,544.77886839921803,7187,0.075800593905554201,-0.00064134056713430003,7187,-4.609314655994214,7187,-0.00064134056713430003
Nakdan Weir,2022-09-24,1,20220924T021541_20220924T022204_T52SDF,S2A_MSIL2A_20220924T021541_N0400_R003_T52SDF_20220924T054059,52SDF,2022-09-24T02:27:29.802000+00:00,0.0207455092381112,7187,149.0979748943052,7187,0.0207455092381112,-0.0032650610187054999,7187,-23.465993541436429,7187,-0.0032650610187054999
Nakdan Weir,2022-09-29,1,20220929T021529_20220929T022606_T52SDF,S2B_MSIL2A_20220929T021529_N0400_R003_T52SDF_20220929T051901,52SDF,2022-09-29T02:27:22.589000+00:00,0.0248235329849056,7187,178.40673156251654,7187,0.0248235329849056,-0.00028489430863880001,7187,-2.0475353961870555,7187,-0.00028489430863880001
Nakdan Weir,2022-10-11,1,20221011T020701_20221011T021300_T52SDF,S2A_MSIL2A_20221011T020701_N0400_R103_T52SDF_20221011T052455,52SDF,2022-10-11T02:17:32.653000+00:00,0.0057884412402854002,7187,41.601527193931169,7187,0.0057884412402854002,-0.0074382100003641998,7187,-53.458415272617501,7187,-0.0074382100003641989
Nakdan Weir,2022-10-14,1,20221014T021641_20221014T022306_T52SDF,S2A_MSIL2A_20221014T021641_N0400_R003_T52SDF_20221014T054257,52SDF,2022-10-14T02:27:27.361000+00:00,0.083492386195861301,7187,600.05977958965514,7187,0.083492386195861301,-0.0044667306495763002,7187,-32.102393178504869,7187,-0.0044667306495763002
Nakdan Weir,2022-10-19,1,20221019T021709_20221019T022253_T52SDF,S2B_MSIL2A_20221019T021709_N0400_R003_T52SDF_20221019T043130,52SDF,2022-10-19T02:27:22.186000+00:00,0.12669566738714599,7187,910.56176151141824,7187,0.12669566738714599,-0.0037213009081366001,7187,-26.744989626777745,7187,-0.0037213009081366001
Nakdan Weir,2022-10-26,1,20221026T020749_20221026T021400_T52SDF,S2B_MSIL2A_20221026T020749_N0400_R103_T52SDF_20221026T042127,52SDF,2022-10-26T02:17:26.206000+00:00,-0.038223745033406697,7187,-274.71405555509392,7187,-0.038223745033406697,-0.0075003907147029002,7187,-53.905308066569745,7187,-0.0075003907147029002
Nakdan Weir,2022-10-29,1,20221029T021809_20221029T022341_T52SDF,S2B_MSIL2A_20221029T021809_N0400_R003_T52SDF_20221029T075219,52SDF,2022-10-29T02:27:21.614000+00:00,0.033036829235312003,7187,237.43569171418736,7187,0.033036829235312003,-0.000393666479233,7187,-2.829280986247571,7187,-0.000393666479233
Nakdan Weir,2023-05-09,1,20230509T020651_20230509T021248_T52SDF,S2A_MSIL2A_20230509T020651_N0509_R103_T52SDF_20230509T051551,52SDF,2023-05-09T02:17:26.700000+00:00,-0.056786010545603699,7187,-408.1210577912538,7187,-0.056786010545603699,-0.016499829395641801,7187,-118.58427386647763,7187,-0.016499829395641801
Nakdan Weir,2023-05-14,1,20230514T020659_20230514T021257_T52SDF,S2B_MSIL2A_20230514T020659_N0509_R103_T52SDF_20230514T042809,52SDF,2023-05-14T02:17:30.458000+00:00,0.0506222930613794,7187,363.82242023213377,7187,0.0506222930613794,-0.0044523846311741002,7187,-31.999288344248257,7187,-0.0044523846311741002
Nakdan Weir,2023-05-17,1,20230517T021539_20230517T022202_T52SDF,S2B_MSIL2A_20230517T021539_N0509_R003_T52SDF_20230517T044103,52SDF,2023-05-17T02:27:27.271000+00:00,0.015019051917763201,7187,107.94192613296413,7187,0.015019051917763201,0.0053741494883175998,7187,38.624012372538587,7187,0.0053741494883175998
Nakdan Weir,2023-06-03,1,20230603T020659_20230603T021256_T52SDF,S2B_MSIL2A_20230603T020659_N0509_R103_T52SDF_20230603T042630,52SDF,2023-06-03T02:17:30.960000+00:00,0.032902686947265801,7187,236.4716110899993,7187,0.032902686947265801,-0.0014389292907549,7187,-10.341584812655466,7187,-0.0014389292907549
Nakdan Weir,2023-06-06,1,20230606T021539_20230606T022202_T52SDF,S2B_MSIL2A_20230606T021539_N0509_R003_T52SDF_20230606T043948,52SDF,2023-06-06T02:27:27.360000+00:00,0.025737571383788301,7187,184.97592553528651,7187,0.025737571383788301,-0.0045365165184239001,7187,-32.60394421791257,7187,-0.0045365165184239001
Nakdan Weir,2023-06-16,1,20230616T021539_20230616T022203_T52SDF,S2B_MSIL2A_20230616T021539_N0509_R003_T52SDF_20230616T043833,52SDF,2023-06-16T02:27:27.693000+00:00,0.0060663930691838997,7187,43.599166988224688,7187,0.0060663930691838997,-0.0049225029558973002,7187,-35.378028744033898,7187,-0.0049225029558973002
Nakdan Weir,2023-06-23,1,20230623T020659_20230623T021723_T52SDF,S2B_MSIL2A_20230623T020659_N0509_R103_T52SDF_20230623T055723,52SDF,2023-06-23T02:17:33.128000+00:00,-0.24487190532899819,7187,-1759.8943835995101,7187,-0.24487190532899819,-0.0087936874576691002,7187,-63.200231758267826,7187,-0.0087936874576691002
Nakdan Weir,2023-08-05,1,20230805T021539_20230805T022202_T52SDF,S2B_MSIL2A_20230805T021539_N0509_R003_T52SDF_20230805T044141,52SDF,2023-08-05T02:27:27.607000+00:00,0.0284404442466786,7187,204.40147280087911,7187,0.0284404442466786,0.0094436542453668008,7187,67.871543061451192,7187,0.0094436542453668008
Nakdan Weir,2023-08-07,1,20230807T020701_20230807T021203_T52SDF,S2A_MSIL2A_20230807T020701_N0509_R103_T52SDF_20230807T052055,52SDF,2023-08-07T02:17:31.679000+00:00,0.044236682531922797,7187,317.92903735692914,7187,0.044236682531922797,0.027158858635291602,7187,195.19071701184075,7187,0.027158858635291602
Nakdan Weir,2023-08-15,1,20230815T021539_20230815T021939_T52SDF,S2B_MSIL2A_20230815T021539_N0509_R003_T52SDF_20230815T052653,52SDF,2023-08-15T02:27:28.365000+00:00,-0.016762184065118702,7187,-120.46981687600811,7187,-0.016762184065118702,-0.030013937298594001,7187,-215.71016736499507,7187,-0.030013937298593998
Nakdan Weir,2023-09-09,1,20230909T021541_20230909T022102_T52SDF,S2A_MSIL2A_20230909T021541_N0509_R003_T52SDF_20230909T072557,52SDF,2023-09-09T02:27:27.952000+00:00,0.091536424257091201,7187,657.8722811357145,7187,0.091536424257091201,0.00013345648308820001,7187,0.95915174395489344,7187,0.00013345648308820001
Nakdan Weir,2023-09-11,1,20230911T020659_20230911T021215_T52SDF,S2B_MSIL2A_20230911T020659_N0509_R103_T52SDF_20230911T050621,52SDF,2023-09-11T02:17:30.723000+00:00,0.078733480715271503,7187,565.85752590065624,7187,0.078733480715271489,0.0017583287039362001,7187,12.63710839518947,7187,0.0017583287039362001
Nakdan Weir,2023-09-24,1,20230924T021539_20230924T022642_T52SDF,S2B_MSIL2A_20230924T021539_N0509_R003_T52SDF_20230924T053147,52SDF,2023-09-24T02:27:26.279000+00:00,-0.079189374077768604,7187,-569.13403149692294,7187,-0.079189374077768604,-0.048851685174113001,7187,-351.09706134635013,7187,-0.048851685174113001
Nakdan Weir,2023-10-01,1,20231001T020659_20231001T021254_T52SDF,S2B_MSIL2A_20231001T020659_N0509_R103_T52SDF_20231001T042700,52SDF,2023-10-01T02:17:28.866000+00:00,-0.10963413029552529,7187,-787.94049443394033,7187,-0.10963413029552529,-0.034064641324909703,7187,-244.82257720212604,7187,-0.034064641324909703
Nakdan Weir,2023-10-06,1,20231006T020651_20231006T021253_T52SDF,S2A_MSIL2A_20231006T020651_N0509_R103_T52SDF_20231006T052302,52SDF,2023-10-06T02:17:27.917000+00:00,-0.0412588020676007,7187,-296.52701045984622,7187,-0.0412588020676007,-0.0173966432882946,7187,-125.02967531297328,7187,-0.0173966432882946
Nakdan Weir,2023-10-24,1,20231024T021739_20231024T022318_T52SDF,S2B_MSIL2A_20231024T021739_N0509_R003_T52SDF_20231024T043637,52SDF,2023-10-24T02:27:23.939000+00:00,0.055789833524247899,7187,400.96153353876963,7187,0.055789833524247899,-0.0052638293644517997,7187,-37.831141642315082,7187,-0.0052638293644517997
Nakdan Weir,2023-10-26,1,20231026T020751_20231026T021348_T52SDF,S2A_MSIL2A_20231026T020751_N0509_R103_T52SDF_20231026T051755,52SDF,2023-10-26T02:17:27.009000+00:00,0.061800560718289502,7187,444.16062988234665,7187,0.061800560718289502,-0.0031549873675954,7187,-22.674894210908139,7187,-0.0031549873675954
Nakdan Weir,2023-10-29,1,20231029T021811_20231029T022436_T52SDF,S2A_MSIL2A_20231029T021811_N0509_R003_T52SDF_20231029T052155,52SDF,2023-10-29T02:27:22.491000+00:00,-0.00097383707976129996,7187,-6.9989670922444631,7187,-0.00097383707976129996,-0.0022170468088657,7187,-15.933915415317786,7187,-0.0022170468088657
Nakdan Weir,2023-10-31,1,20231031T020819_20231031T021420_T52SDF,S2B_MSIL2A_20231031T020819_N0509_R103_T52SDF_20231031T042727,52SDF,2023-10-31T02:17:29.262000+00:00,-0.093169232375304903,7187,-669.60727308131629,7187,-0.093169232375304903,-0.0066291180090773004,7186,-47.636842013229483,7186,-0.0066291180090773004
Nakdan Weir,2024-05-03,1,20240503T020651_20240503T021443_T52SDF,S2A_MSIL2A_20240503T020651_N0510_R103_T52SDF_20240503T061350,52SDF,2024-05-03T02:17:29.830000+00:00,-0.017646382198201901,7187,-126.82454885847707,7187,-0.017646382198201901,-0.0006136242503327,7187,-4.4101174871411146,7187,-0.0006136242503327
Nakdan Weir,2024-05-13,1,20240513T020651_20240513T021436_T52SDF,S2A_MSIL2A_20240513T020651_N0510_R103_T52SDF_20240513T051859,52SDF,2024-05-13T02:17:30.115000+00:00,0.033464875525209901,7187,240.51206039968355,7187,0.033464875525209901,-0.0041073567542826003,7187,-29.519572993029048,7187,-0.0041073567542826003
Nakdan Weir,2024-05-16,1,20240516T021611_20240516T022028_T52SDF,S2A_MSIL2A_20240516T021611_N0510_R003_T52SDF_20240516T074100,52SDF,2024-05-16T02:27:25.400000+00:00,0.0076023388601109999,7187,54.638009387617757,7187,0.0076023388601109999,-0.011846392184182901,7187,-85.140020627722507,7187,-0.011846392184182901
Nakdan Weir,2024-05-18,1,20240518T020649_20240518T020649_T52SDF,S2B_MSIL2A_20240518T020649_N0510_R103_T52SDF_20240518T040445,52SDF,2024-05-18T02:17:25.309000+00:00,0.0060485833259022997,7187,43.471168363259828,7187,0.0060485833259022997,-0.0064597448645962001,7187,-46.42618634185289,7187,-0.0064597448645962001
Nakdan Weir,2024-05-23,1,20240523T020651_20240523T021414_T52SDF,S2A_MSIL2A_20240523T020651_N0510_R103_T52SDF_20240523T070946,52SDF,2024-05-23T02:17:26.080000+00:00,0.0282302011851229,7187,202.89045591747828,7187,0.0282302011851229,-0.0021371094840438999,7187,-15.359405861823509,7187,-0.0021371094840438999
Nakdan Weir,2024-05-31,1,20240531T021529_20240531T021532_T52SDF,S2B_MSIL2A_20240531T021529_N0510_R003_T52SDF_20240531T042042,52SDF,2024-05-31T02:27:23.166000+00:00,-0.0007572111302635,7187,-5.4420763932037746,7187,-0.0007572111302635,-0.0129435794202178,7187,-93.025505293105326,7187,-0.0129435794202178
Nakdan Weir,2024-06-10,1,20240610T021539_20240610T021535_T52SDF,S2B_MSIL2A_20240610T021539_N0510_R003_T52SDF_20240610T042021,52SDF,2024-06-10T02:27:25.948000+00:00,0.026904982687619601,7187,193.36611057592208,7187,0.026904982687619601,-0.00085718368109650002,7187,-6.1605791160405454,7187,-0.00085718368109650002
Nakdan Weir,2024-08-04,2,20240804T021531_20240804T022001_T52SDF|20240804T021531_20240804T022721_T52SDF,S2A_MSIL2A_20240804T021531_N0511_R003_T52SDF_20240804T072449|S2A_MSIL2A_20240804T021531_N0511_R003_T52SDF_20240804T084047,52SDF|52SDF,2024-08-04T02:27:22.571000+00:00|2024-08-04T02:27:29.437000+00:00,0.058797947643376702|0.045140016510412599,2401|7187,465.59517095208287,9588,0.048560197220701172,-0.0086324682794885008|-0.0086033338060887993,2401|7187,-82.558716403412092,9588,-0.0086106295789958372
Nakdan Weir,2024-08-06,1,20240806T020659_20240806T020653_T52SDF,S2B_MSIL2A_20240806T020659_N0511_R103_T52SDF_20240806T040518,52SDF,2024-08-06T02:17:29.698000+00:00,0.0018671334611267999,7187,13.41908818511831,7187,0.0018671334611267999,-0.031171914379030798,7187,-224.03254864209435,7187,-0.031171914379030798
Nakdan Weir,2024-08-09,1,20240809T021539_20240809T022639_T52SDF,S2B_MSIL2A_20240809T021539_N0511_R003_T52SDF_20240809T042748,52SDF,2024-08-09T02:27:26.617000+00:00,-0.018447335535972099,7187,-132.58100049703148,7187,-0.018447335535972099,-0.017430376847449001,7187,-125.27211840261597,7187,-0.017430376847449001
Nakdan Weir,2024-08-11,1,20240811T020651_20240811T020652_T52SDF,S2A_MSIL2A_20240811T020651_N0511_R103_T52SDF_20240811T055751,52SDF,2024-08-11T02:17:28.395000+00:00,0.034130785596260198,7132,243.42076287252772,7132,0.034130785596260198,0.0104403674496166,7132,74.460700650665586,7132,0.0104403674496166
Nakdan Weir,2024-08-14,1,20240814T021601_20240814T022230_T52SDF,S2A_MSIL2A_20240814T021601_N0511_R003_T52SDF_20240814T052653,52SDF,2024-08-14T02:27:24.171000+00:00,0.0056395607569886003,7187,40.531523160477072,7187,0.0056395607569886003,-0.0039401654453417997,7187,-28.317969055671515,7187,-0.0039401654453417997
Nakdan Weir,2024-08-19,1,20240819T021539_20240819T022637_T52SDF,S2B_MSIL2A_20240819T021539_N0511_R003_T52SDF_20240819T042921,52SDF,2024-08-19T02:27:24.530000+00:00,0.022429710108754199,6743,151.24353526332956,6743,0.022429710108754199,0.0100352660695726,6743,67.667799107128047,6743,0.0100352660695726
Nakdan Weir,2024-08-31,1,20240831T020651_20240831T020650_T52SDF,S2A_MSIL2A_20240831T020651_N0511_R103_T52SDF_20240831T060051,52SDF,2024-08-31T02:17:26.038000+00:00,-0.019389097995312299,7187,-139.34944729230949,7187,-0.019389097995312299,0.0075460756030961999,7187,54.233645359452389,7187,0.0075460756030961999
Nakdan Weir,2024-09-05,1,20240905T020659_20240905T020653_T52SDF,S2B_MSIL2A_20240905T020659_N0511_R103_T52SDF_20240905T040210,52SDF,2024-09-05T02:17:29.588000+00:00,-0.038674724013347199,7187,-277.95524148392633,7187,-0.038674724013347199,-0.0017395146242648,7187,-12.501891604591117,7187,-0.0017395146242648
Nakdan Weir,2024-09-10,1,20240910T020651_20240910T020650_T52SDF,S2A_MSIL2A_20240910T020651_N0511_R103_T52SDF_20240910T054852,52SDF,2024-09-10T02:17:25.962000+00:00,-0.0071392536924944003,7187,-51.309816287957254,7187,-0.0071392536924944003,0.0013943862554089,7187,10.021454017623764,7187,0.0013943862554089
Nakdan Weir,2024-09-23,1,20240923T021531_20240923T022308_T52SDF,S2A_MSIL2A_20240923T021531_N0511_R003_T52SDF_20240923T053200,52SDF,2024-09-23T02:27:24.351000+00:00,-0.024051309624401301,7187,-172.85676227057215,7187,-0.024051309624401301,-0.034746417546294102,7187,-249.72250290521572,7187,-0.034746417546294102
Nakdan Weir,2024-09-30,1,20240930T020651_20240930T020653_T52SDF,S2A_MSIL2A_20240930T020651_N0511_R103_T52SDF_20240930T055753,52SDF,2024-09-30T02:17:29.109000+00:00,0.056045818064230701,7187,402.80129442762603,7187,0.056045818064230701,-0.0040749673362374004,7187,-29.286790245538196,7187,-0.0040749673362374004
Nakdan Weir,2024-10-05,1,20241005T020649_20241005T020652_T52SDF,S2B_MSIL2A_20241005T020649_N0511_R103_T52SDF_20241005T040520,52SDF,2024-10-05T02:17:27.817000+00:00,0.12350653684341451,6941,857.25887223014013,6941,0.12350653684341452,-0.0010418467031313001,6941,-7.2314579664343537,6941,-0.0010418467031313001
Nakdan Weir,2024-10-08,1,20241008T021529_20241008T022704_T52SDF,S2B_MSIL2A_20241008T021529_N0511_R003_T52SDF_20241008T150637,52SDF,2024-10-08T02:27:22.249000+00:00,0.084890033082809596,7187,610.1046677661526,7187,0.084890033082809596,0.0012819521392002,7187,9.2133900244318383,7187,0.0012819521392002
Nakdan Weir,2024-10-10,1,20241010T020651_20241010T020648_T52SDF,S2A_MSIL2A_20241010T020651_N0511_R103_T52SDF_20241010T055650,52SDF,2024-10-10T02:17:23.978000+00:00,0.17175807781040861,7172,1231.8489340562505,7172,0.17175807781040861,-0.0014865787494086999,7172,-10.661742790759195,7172,-0.0014865787494086999
Nakdan Weir,2024-10-25,1,20241025T020659_20241025T020654_T52SDF,S2B_MSIL2A_20241025T020659_N0511_R103_T52SDF_20241025T040212,52SDF,2024-10-25T02:17:27.736000+00:00,-0.0484974260713565,6060,-293.8944019924204,6060,-0.0484974260713565,-0.010424964873856499,6060,-63.175287135570386,6060,-0.010424964873856499
Nakdan Weir,2024-10-30,1,20241030T020821_20241030T021624_T52SDF,S2A_MSIL2A_20241030T020821_N0511_R103_T52SDF_20241030T051219,52SDF,2024-10-30T02:17:27.523000+00:00,0.0144346949590367,7187,103.74215267059677,7187,0.0144346949590367,-0.0036033227261802999,7187,-25.897080433057816,7187,-0.0036033227261802999
Nakdan Weir,2025-05-08,1,20250508T020711_20250508T020903_T52SDF,S2C_MSIL2A_20250508T020711_N0511_R103_T52SDF_20250508T055213,52SDF,2025-05-08T02:17:46.746000+00:00,-0.091213248933733504,2387,-217.72602520482187,2387,-0.091213248933733504,0.0021436278519226999,2387,5.1168396825394842,2387,0.0021436278519226999
Nakdan Weir,2025-05-26,1,20250526T021539_20250526T022318_T52SDF,S2B_MSIL2A_20250526T021539_N0511_R003_T52SDF_20250526T041515,52SDF,2025-05-26T02:27:24.082000+00:00,0.013562143687378399,7187,97.471126681188551,7187,0.013562143687378399,-0.00043896285114519999,7187,-3.1548260111805524,7187,-0.00043896285114519999
Nakdan Weir,2025-05-28,1,20250528T020711_20250528T021218_T52SDF,S2C_MSIL2A_20250528T020711_N0511_R103_T52SDF_20250528T063213,52SDF,2025-05-28T02:17:46.979000+00:00,-0.18170664689971519,7187,-1305.9256712682532,7187,-0.18170664689971519,-0.017678193886513201,7187,-127.05317946237038,7187,-0.017678193886513201
Nakdan Weir,2025-05-30,1,20250530T021121_20250530T021428_T52SDF,S2A_MSIL2A_20250530T021121_N0511_R103_T52SDF_20250530T062212,52SDF,2025-05-30T02:17:44.130000+00:00,-0.020379021394128401,7187,-146.46402675960081,7187,-0.020379021394128401,-0.012200638584454001,7187,-87.685989506470904,7187,-0.012200638584454001
Nakdan Weir,2025-06-05,1,20250605T021529_20250605T022440_T52SDF,S2B_MSIL2A_20250605T021529_N0511_R003_T52SDF_20250605T041606,52SDF,2025-06-05T02:27:22.934000+00:00,0.026937042521964001,7187,193.59652460535528,7187,0.026937042521964001,-0.00013644319328910001,7187,-0.98061723016876179,7187,-0.00013644319328910001
Nakdan Weir,2025-07-05,1,20250705T021539_20250705T021535_T52SDF,S2B_MSIL2A_20250705T021539_N0511_R003_T52SDF_20250705T035632,52SDF,2025-07-05T02:27:26.176000+00:00,0.0265807462803864,7187,191.03582351713706,7187,0.0265807462803864,-0.0052371816025507997,7187,-37.639624177532596,7187,-0.0052371816025507997
Nakdan Weir,2025-07-09,1,20250709T021131_20250709T021441_T52SDF,S2A_MSIL2A_20250709T021131_N0511_R103_T52SDF_20250709T062417,52SDF,2025-07-09T02:17:45.808000+00:00,0.1144518030359797,7187,822.56510841958607,7187,0.1144518030359797,-0.0071174990961245001,7187,-51.153466003846781,7187,-0.0071174990961245001
Nakdan Weir,2025-07-10,1,20250710T021631_20250710T022524_T52SDF,S2C_MSIL2A_20250710T021631_N0511_R003_T52SDF_20250710T055619,52SDF,2025-07-10T02:27:45.849000+00:00,0.085757879466112602,7187,616.34187972295126,7187,0.085757879466112602,-0.0036323774835143002,7187,-26.105896974017277,7187,-0.0036323774835143002
Nakdan Weir,2025-07-25,1,20250725T021539_20250725T022319_T52SDF,S2B_MSIL2A_20250725T021539_N0511_R003_T52SDF_20250725T041758,52SDF,2025-07-25T02:27:24.703000+00:00,0.1237795727611429,7187,889.60378943433409,7187,0.1237795727611429,-0.0049318081237496999,7187,-35.444904985389094,7187,-0.0049318081237496999
Nakdan Weir,2025-07-27,1,20250727T020711_20250727T021408_T52SDF,S2C_MSIL2A_20250727T020711_N0511_R103_T52SDF_20250727T053721,52SDF,2025-07-27T02:17:49.269000+00:00,0.016171320105247598,7187,116.22327759641449,7187,0.016171320105247598,0.0047752678887323001,7187,34.319850316319041,7187,0.0047752678887323001
Nakdan Weir,2025-07-29,1,20250729T021131_20250729T021429_T52SDF,S2A_MSIL2A_20250729T021131_N0511_R103_T52SDF_20250729T061616,52SDF,2025-07-29T02:17:45.230000+00:00,0.0394715930035449,7187,283.68233891647719,7187,0.0394715930035449,-0.0010313617747368001,7187,-7.4123970750333816,7187,-0.0010313617747368001
Nakdan Weir,2025-08-01,2,20250801T020649_20250801T021704_T52SDF|20250801T022131_20250801T022131_T52SDF,S2B_MSIL2A_20250801T020649_N0511_R103_T52SDF_20250801T040552|S2A_MSIL2A_20250801T022131_N0511_R003_T52SDF_20250801T071659,52SDF|52SDF,2025-08-01T02:17:26.982000+00:00|2025-08-01T02:27:40.255000+00:00,-0.1838106717773175|0.060281634003080099,7187|7187,-887.80319448344426,14374,-0.061764518887118702,0.00032584311433940001|-0.0010465318271307999,7187|7187,-5.1795897788317902,14374,-0.00036034435639569986
Nakdan Weir,2025-08-21,2,20250821T020659_20250821T020653_T52SDF|20250821T022131_20250821T022128_T52SDF,S2B_MSIL2A_20250821T020659_N0511_R103_T52SDF_20250821T035126|S2A_MSIL2A_20250821T022131_N0511_R003_T52SDF_20250821T073716,52SDF|52SDF,2025-08-21T02:17:29.252000+00:00|2025-08-21T02:27:36.742000+00:00,-0.032242923236382101|0.0078601385119231992,7016|7187,-169.72553394126479,14203,-0.011949977747043919,0.0070107215469298999|0.0010020106123648999,7016|7187,56.388672644326711,14203,0.0039701945113234322
Nakdan Weir,2025-09-05,1,20250905T020711_20250905T021218_T52SDF,S2C_MSIL2A_20250905T020711_N0511_R103_T52SDF_20250905T053715,52SDF,2025-09-05T02:17:44.046000+00:00,-0.098170628203577498,7187,-705.5523048991115,7187,-0.098170628203577498,-0.0016066685718501999,7187,-11.547127025887386,7187,-0.0016066685718501999
Nakdan Weir,2025-09-23,1,20250923T021529_20250923T022229_T52SDF,S2B_MSIL2A_20250923T021529_N0511_R003_T52SDF_20250923T041635,52SDF,2025-09-23T02:27:21.976000+00:00,-0.018966971878964199,6832,-129.5823518770834,6832,-0.018966971878964199,-0.0023107552297168999,6832,-15.78707972942586,6832,-0.0023107552297168999
Nakdan Weir,2025-09-27,1,20250927T021121_20250927T021438_T52SDF,S2A_MSIL2A_20250927T021121_N0511_R103_T52SDF_20250927T061715,52SDF,2025-09-27T02:17:42.531000+00:00,-0.0053317987031608997,1517,-8.0883386326950841,1517,-0.0053317987031608989,0.0064992152431175999,1517,9.8593095238093991,1517,0.0064992152431175999
Nakdan Weir,2025-10-28,1,20251028T021821_20251028T022504_T52SDF,S2C_MSIL2A_20251028T021821_N0511_R003_T52SDF_20251028T054320,52SDF,2025-10-28T02:27:35.753000+00:00,-0.14262596261277419,7187,-1025.0527932980081,7187,-0.14262596261277419,-0.0081538059503277992,7187,-58.601403365005893,7187,-0.0081538059503277992
Sangju Weir,2017-05-03,1,20170503T021611_20170503T022350_T52SDF,S2A_MSIL2A_20170503T021611_N0500_R003_T52SDF_20230925T151324,52SDF,2017-05-03T02:27:24.879000+00:00,-0.022037572391284801,7533,-166.00903282354841,7533,-0.022037572391284801,-0.00092745126258440001,7533,-6.9864903610482854,7533,-0.00092745126258440001
Sangju Weir,2017-07-27,1,20170727T021559_20170727T022347_T52SDF,S2B_MSIL2A_20170727T021559_N0500_R003_T52SDF_20230919T203258,52SDF,2017-07-27T02:27:22.398000+00:00,-0.057664450999897802,7533,-434.38630938223014,7533,-0.057664450999897802,-0.023387978102915499,7533,-176.18163904926246,7533,-0.023387978102915499
Sangju Weir,2017-10-30,1,20171030T021821_20171030T022623_T52SDF,S2A_MSIL2A_20171030T021821_N0500_R003_T52SDF_20230911T092126,52SDF,2017-10-30T02:27:21.895000+00:00,-0.104643319701464,7533,-788.27812731112829,7533,-0.104643319701464,-0.0095328737980433006,7533,-71.811138320660177,7533,-0.0095328737980433006
Sangju Weir,2018-06-02,1,20180602T021639_20180602T021638_T52SDF,S2B_MSIL2A_20180602T021639_N0500_R003_T52SDF_20230827T172817,52SDF,2018-06-02T02:27:19.546000+00:00,0.0021403602271574001,7533,16.123333591176696,7533,0.0021403602271574001,-0.0018159818012814001,7533,-13.679790909052787,7533,-0.0018159818012814001
Sangju Weir,2018-06-24,1,20180624T020651_20180624T020653_T52SDF,S2A_MSIL2A_20180624T020651_N0500_R103_T52SDF_20230902T201514,52SDF,2018-06-24T02:17:27.046000+00:00,-0.052420918128778998,7533,-394.88677626409219,7533,-0.052420918128778998,-0.0064717963468132996,7533,-48.752041880544589,7533,-0.0064717963468132996
Sangju Weir,2018-08-01,1,20180801T021649_20180801T022346_T52SDF,S2B_MSIL2A_20180801T021649_N0500_R003_T52SDF_20230709T134957,52SDF,2018-08-01T02:27:19.276000+00:00,0.2098063602957472,7533,1580.4713121078637,7533,0.2098063602957472,-0.0046063173263857001,7533,-34.699388419663478,7533,-0.0046063173263857001
Sangju Weir,2018-10-12,1,20181012T020651_20181012T020650_T52SDF,S2A_MSIL2A_20181012T020651_N0500_R103_T52SDF_20230729T042036,52SDF,2018-10-12T02:17:23.801000+00:00,-0.1361536863193997,7533,-1025.6457190440378,7533,-0.1361536863193997,-0.037635682342799903,7533,-283.5095950883117,7533,-0.03763568234279991
Sangju Weir,2018-10-20,1,20181020T021709_20181020T022232_T52SDF,S2B_MSIL2A_20181020T021709_N0510_R003_T52SDF_20250531T231417,52SDF,2018-10-20T02:27:19.792000+00:00,0.024340944055186099,7533,183.36033156771688,7533,0.024340944055186099,-0.0074314903700010999,7533,-55.981416957218286,7533,-0.0074314903700010999
Sangju Weir,2018-10-30,1,20181030T021819_20181030T022432_T52SDF,S2B_MSIL2A_20181030T021819_N0500_R003_T52SDF_20230707T113406,52SDF,2018-10-30T02:27:20.227000+00:00,-0.076519933681099397,7533,-576.42466041972182,7533,-0.076519933681099411,-0.0090437586353500007,7533,-68.126633800091554,7533,-0.0090437586353500007
Sangju Weir,2019-05-03,1,20190503T021611_20190503T021607_T52SDF,S2A_MSIL2A_20190503T021611_N0500_R003_T52SDF_20221205T094439,52SDF,2019-05-03T02:27:26.549000+00:00,0.0003549659470297,7533,2.6739584789747299,7533,0.0003549659470297,-0.0032715723649727,7533,-24.644754625339349,7533,-0.0032715723649727
Sangju Weir,2019-05-10,1,20190510T020701_20190510T020657_T52SDF,S2A_MSIL2A_20190510T020701_N0500_R103_T52SDF_20221201T133723,52SDF,2019-05-10T02:17:30.872000+00:00,-0.051169610910171803,7533,-385.46067898632418,7533,-0.051169610910171803,-0.0040912360718128003,7533,-30.819281328965825,7533,-0.0040912360718128003
Sangju Weir,2019-05-23,1,20190523T021611_20190523T022214_T52SDF,S2A_MSIL2A_20190523T021611_N0500_R003_T52SDF_20221212T010402,52SDF,2019-05-23T02:27:26.116000+00:00,0.0034145977244801999,7533,25.722164658509346,7533,0.0034145977244801999,-0.0053385516881024001,7533,-40.21530986647538,7533,-0.0053385516881024001
Sangju Weir,2019-05-30,1,20190530T020701_20190530T020656_T52SDF,S2A_MSIL2A_20190530T020701_N0212_R103_T52SDF_20190530T050413,52SDF,2019-05-30T02:17:29+00:00,-0.025379718557829199,7533,-191.18541989612734,7533,-0.025379718557829199,-0.013160784873554999,7439,-97.903078674375635,7439,-0.013160784873554999
Sangju Weir,2019-06-04,1,20190604T020659_20190604T020701_T52SDF,S2B_MSIL2A_20190604T020659_N0500_R103_T52SDF_20230808T145552,52SDF,2019-06-04T02:17:35.110000+00:00,-0.050820080868087897,7533,-382.8276691793061,7533,-0.05082008086808789,-0.0086268129549455005,7533,-64.985781989604462,7533,-0.0086268129549455022
Sangju Weir,2019-06-09,1,20190609T020701_20190609T020655_T52SDF,S2A_MSIL2A_20190609T020701_N0212_R103_T52SDF_20190609T050254,52SDF,2019-06-09T02:17:29+00:00,-0.032654082179922099,7533,-245.98320106135318,7533,-0.032654082179922099,-0.013786129102037701,6457,-89.017035611857438,6457,-0.013786129102037701
Sangju Weir,2019-06-12,1,20190612T021611_20190612T022608_T52SDF,S2A_MSIL2A_20190612T021611_N0212_R003_T52SDF_20190612T043019,52SDF,2019-06-12T02:27:25+00:00,0.0249825870994488,7533,188.19382862014783,7533,0.0249825870994488,-0.0050331756311132996,7533,-37.914912029176485,7533,-0.0050331756311132996
Sangju Weir,2019-06-17,1,20190617T021609_20190617T022127_T52SDF,S2B_MSIL2A_20190617T021609_N0212_R003_T52SDF_20190617T055313,52SDF,2019-06-17T02:27:30+00:00,0.017737364645690399,7500,133.030234842678,7500,0.017737364645690399,0.0017313864102762001,7500,12.985398077071501,7500,0.0017313864102762001
Sangju Weir,2019-06-22,1,20190622T021611_20190622T021607_T52SDF,S2A_MSIL2A_20190622T021611_N0212_R003_T52SDF_20190622T051801,52SDF,2019-06-22T02:27:26+00:00,0.073350114332232305,7384,541.61724422920338,7384,0.073350114332232305,0.076827807704487605,7384,567.29653208993648,7384,0.076827807704487605
Sangju Weir,2019-06-24,1,20190624T020659_20190624T021436_T52SDF,S2B_MSIL2A_20190624T020659_N0212_R103_T52SDF_20190624T060509,52SDF,2019-06-24T02:17:35+00:00,0.047296505480411803,7533,356.2845757839421,7533,0.047296505480411803,0.0066716654718874,7533,50.257655999727781,7533,0.0066716654718873992
Sangju Weir,2019-07-02,1,20190702T021611_20190702T021608_T52SDF,S2A_MSIL2A_20190702T021611_N0212_R003_T52SDF_20190702T051730,52SDF,2019-07-02T02:27:27.572000+00:00,0.0138890514504634,7453,103.51510046030373,7453,0.0138890514504634,-0.0060423546753358001,7453,-45.03366939527772,7453,-0.0060423546753358001
Sangju Weir,2019-07-04,1,20190704T020659_20190704T020701_T52SDF,S2B_MSIL2A_20190704T020659_N0500_R103_T52SDF_20230717T171623,52SDF,2019-07-04T02:17:35.712000+00:00,-0.036438774551185597,7533,-274.49328869408112,7533,-0.036438774551185597,-0.0080875664442958007,7533,-60.923638024880269,7533,-0.0080875664442958007
Sangju Weir,2019-08-08,1,20190808T020701_20190808T020657_T52SDF,S2A_MSIL2A_20190808T020701_N0213_R103_T52SDF_20190808T050331,52SDF,2019-08-08T02:17:31.014000+00:00,0.0439263388317047,7461,327.73441402334879,7461,0.0439263388317047,0.0201133678288439,7461,150.06583737100433,7461,0.0201133678288439
Sangju Weir,2019-08-18,1,20190818T020701_20190818T021257_T52SDF,S2A_MSIL2A_20190818T020701_N0213_R103_T52SDF_20190818T042046,52SDF,2019-08-18T02:17:29.862000+00:00,0.063519435825014001,1449,92.039662510445282,1449,0.063519435825014001,0.033951935247034298,1449,49.196354172952695,1449,0.033951935247034298
Sangju Weir,2019-09-17,1,20190917T020651_20190917T021206_T52SDF,S2A_MSIL2A_20190917T020651_N0500_R103_T52SDF_20230501T145626,52SDF,2019-09-17T02:17:26.352000+00:00,0.0217194208409246,7533,163.612397194685,7533,0.021719420840924597,0.0018626939221593,7533,14.031673315626007,7533,0.0018626939221593
Sangju Weir,2019-09-30,1,20190930T021601_20190930T021604_T52SDF,S2A_MSIL2A_20190930T021601_N0500_R003_T52SDF_20230707T024625,52SDF,2019-09-30T02:27:24.324000+00:00,0.053913440835445803,7533,406.12994981341325,7533,0.053913440835445803,0.0024370158783617998,7533,18.358040611699437,7533,0.0024370158783617998
Sangju Weir,2019-10-12,1,20191012T020659_20191012T020654_T52SDF,S2B_MSIL2A_20191012T020659_N0213_R103_T52SDF_20191012T044314,52SDF,2019-10-12T02:17:28.126000+00:00,0.0050713967805313996,7533,38.202831947743036,7533,0.0050713967805313996,-0.0034479500757647,7533,-25.973407920735486,7533,-0.0034479500757647
Sangju Weir,2019-10-20,1,20191020T021721_20191020T021716_T52SDF,S2A_MSIL2A_20191020T021721_N0213_R003_T52SDF_20191020T052106,52SDF,2019-10-20T02:27:25.990000+00:00,-0.024878330504234901,7533,-187.4084636884015,7533,-0.024878330504234901,-0.0143358956697619,7533,-107.99230208031639,7533,-0.0143358956697619
Sangju Weir,2019-10-22,1,20191022T020719_20191022T020722_T52SDF,S2B_MSIL2A_20191022T020719_N0213_R103_T52SDF_20191022T044434,52SDF,2019-10-22T02:17:28.133000+00:00,-0.038247264222396202,7533,-288.11664138731061,7533,-0.038247264222396202,-0.019156299427456999,7533,-144.30440358703356,7533,-0.019156299427456999
Sangju Weir,2019-10-27,1,20191027T020801_20191027T020756_T52SDF,S2A_MSIL2A_20191027T020801_N0500_R103_T52SDF_20230710T091331,52SDF,2019-10-27T02:17:30.275000+00:00,-0.094630200467614695,7533,-712.84930012254154,7533,-0.094630200467614695,-0.0501979033591885,7533,-378.140806004767,7533,-0.050197903359188507
Sangju Weir,2019-10-30,1,20191030T021821_20191030T021819_T52SDF,S2A_MSIL2A_20191030T021821_N0500_R003_T52SDF_20230709T010057,52SDF,2019-10-30T02:27:26+00:00,-0.0891096326057291,7533,-671.2628624189573,7533,-0.0891096326057291,-0.055952053566529103,7533,-421.48681951666373,7533,-0.055952053566529103
Sangju Weir,2020-05-12,1,20200512T021559_20200512T021601_T52SDF,S2B_MSIL2A_20200512T021559_N0214_R003_T52SDF_20200512T050014,52SDF,2020-05-12T02:27:21.448000+00:00,0.037090777806052501,7533,279.40482921299349,7533,0.037090777806052501,0.0265918209362675,7533,200.31618711290307,7533,0.0265918209362675
Sangju Weir,2020-05-29,1,20200529T020659_20200529T020654_T52SDF,S2B_MSIL2A_20200529T020659_N0214_R103_T52SDF_20200529T050207,52SDF,2020-05-29T02:17:28.279000+00:00,0.016262855615703401,7531,122.47556564186232,7531,0.016262855615703401,-0.0048169922448594998,7473,-35.997383045835043,7473,-0.0048169922448594998
Sangju Weir,2020-06-01,1,20200601T021609_20200601T021604_T52SDF,S2B_MSIL2A_20200601T021609_N0214_R003_T52SDF_20200601T050555,52SDF,2020-06-01T02:27:24.366000+00:00,0.017136979992941601,7533,129.09287028682908,7533,0.017136979992941601,0.00047331036671010001,7533,3.5654469924271832,7533,0.00047331036671010001
Sangju Weir,2020-06-06,1,20200606T021611_20200606T021609_T52SDF,S2A_MSIL2A_20200606T021611_N0214_R003_T52SDF_20200606T052013,52SDF,2020-06-06T02:27:29.088000+00:00,0.026234032984341099,7533,197.62097047104149,7533,0.026234032984341099,-0.018786113523234799,7533,-141.51579317052776,7533,-0.018786113523234803
Sangju Weir,2020-06-08,1,20200608T020659_20200608T020655_T52SDF,S2B_MSIL2A_20200608T020659_N0214_R103_T52SDF_20200608T045438,52SDF,2020-06-08T02:17:29.150000+00:00,0.014284866234396299,7533,107.60789734370732,7533,0.014284866234396299,-0.0087390993097357997,7533,-65.831635100239779,7533,-0.0087390993097357997
Sangju Weir,2020-06-16,1,20200616T021611_20200616T021609_T52SDF,S2A_MSIL2A_20200616T021611_N0214_R003_T52SDF_20200616T053533,52SDF,2020-06-16T02:27:28.869000+00:00,0.0098330845444013996,7533,74.072625872975749,7533,0.0098330845444013996,-0.0122691713191,7533,-92.423667546780308,7533,-0.0122691713191
Sangju Weir,2020-06-21,1,20200621T021609_20200621T021605_T52SDF,S2B_MSIL2A_20200621T021609_N0214_R003_T52SDF_20200621T050033,52SDF,2020-06-21T02:27:25.323000+00:00,-0.0099119562376015005,7533,-74.66676633785211,7533,-0.0099119562376015005,-0.0054112673871833999,7533,-40.763077227652552,7533,-0.0054112673871833999
Sangju Weir,2020-06-23,1,20200623T020701_20200623T020659_T52SDF,S2A_MSIL2A_20200623T020701_N0214_R103_T52SDF_20200623T051817,52SDF,2020-06-23T02:17:32.724000+00:00,-0.025768767005532899,7533,-194.11612185267933,7533,-0.025768767005532899,0.011509716718539899,7531,86.679676607323984,7531,0.011509716718539899
Sangju Weir,2020-06-28,1,20200628T020659_20200628T020655_T52SDF,S2B_MSIL2A_20200628T020659_N0214_R103_T52SDF_20200628T044730,52SDF,2020-06-28T02:17:29.438000+00:00,0.030488997206583001,6693,204.06285830366002,6693,0.030488997206583001,0.029053912690405501,6693,194.45783763688402,6693,0.029053912690405501
Sangju Weir,2020-07-08,1,20200708T020659_20200708T020655_T52SDF,S2B_MSIL2A_20200708T020659_N0214_R103_T52SDF_20200708T045226,52SDF,2020-07-08T02:17:28.963000+00:00,0.030459166684091502,7533,229.44890263126129,7533,0.030459166684091502,-0.0078753057371976996,7533,-59.324678118310274,7533,-0.0078753057371976996
Sangju Weir,2020-07-16,1,20200716T021611_20200716T021608_T52SDF,S2A_MSIL2A_20200716T021611_N0214_R003_T52SDF_20200716T053754,52SDF,2020-07-16T02:27:27.480000+00:00,-0.059909944784524903,7441,-445.78989914164981,7441,-0.059909944784524903,-0.029105770611647801,7441,-216.57603912127129,7441,-0.029105770611647801
Sangju Weir,2020-07-21,1,20200721T021609_20200721T021604_T52SDF,S2B_MSIL2A_20200721T021609_N0214_R003_T52SDF_20200721T045342,52SDF,2020-07-21T02:27:24.547000+00:00,0.0093807992594964994,7533,70.665560821787125,7533,0.0093807992594964994,-0.0021398974577095998,7533,-16.119847548926415,7533,-0.0021398974577095998
Sangju Weir,2020-08-20,1,20200820T021609_20200820T021606_T52SDF,S2B_MSIL2A_20200820T021609_N0214_R003_T52SDF_20200820T045434,52SDF,2020-08-20T02:27:26.309000+00:00,0.068427743957019505,7533,515.46619522822789,7533,0.068427743957019505,-0.0014216772694274999,7533,-10.709494870597357,7533,-0.0014216772694274999
Sangju Weir,2020-08-25,1,20200825T021611_20200825T021608_T52SDF,S2A_MSIL2A_20200825T021611_N0214_R003_T52SDF_20200825T053321,52SDF,2020-08-25T02:27:28.189000+00:00,-0.048816901390208098,7533,-367.73771817243761,7533,-0.048816901390208098,-0.0193630920968485,7533,-145.86217276555976,7533,-0.0193630920968485
Sangju Weir,2020-09-04,1,20200904T021611_20200904T021607_T52SDF,S2A_MSIL2A_20200904T021611_N0214_R003_T52SDF_20200904T052050,52SDF,2020-09-04T02:27:27.307000+00:00,0.023149296174836902,5872,135.93266713864227,5872,0.023149296174836898,-0.0211531989332257,5872,-124.2115841359013,5872,-0.0211531989332257
Sangju Weir,2020-09-14,1,20200914T021611_20200914T021607_T52SDF,S2A_MSIL2A_20200914T021611_N0214_R003_T52SDF_20200914T052323,52SDF,2020-09-14T02:27:26.907000+00:00,-0.025673208217498501,6711,-172.29290034763244,6711,-0.025673208217498501,-0.0559367707313633,6711,-375.39166837817913,6711,-0.055936770731363307
Sangju Weir,2020-10-01,1,20201001T020701_20201001T020659_T52SDF,S2A_MSIL2A_20201001T020701_N0214_R103_T52SDF_20201001T045717,52SDF,2020-10-01T02:17:32.665000+00:00,0.020095103747232598,7533,151.37641652790316,7533,0.020095103747232598,-0.026559183483885501,7533,-200.07032918410948,7533,-0.026559183483885501
Sangju Weir,2020-10-06,1,20201006T020659_20201006T020656_T52SDF,S2B_MSIL2A_20201006T020659_N0500_R103_T52SDF_20230411T043438,52SDF,2020-10-06T02:17:30.557000+00:00,-0.055920129529206199,7533,-421.24633574351031,7533,-0.055920129529206199,-0.053764743876970701,7533,-405.00981562522031,7533,-0.053764743876970701
Sangju Weir,2020-10-09,1,20201009T021609_20201009T021609_T52SDF,S2B_MSIL2A_20201009T021609_N0214_R003_T52SDF_20201009T045242,52SDF,2020-10-09T02:27:26.439000+00:00,-0.0188169407237989,5210,-98.036261170992276,5210,-0.0188169407237989,-0.0192314720623568,5210,-100.19596944487893,5210,-0.0192314720623568
Sangju Weir,2020-10-19,1,20201019T021719_20201019T022536_T52SDF,S2B_MSIL2A_20201019T021719_N0214_R003_T52SDF_20201019T045725,52SDF,2020-10-19T02:27:26.467000+00:00,-0.049081088565042001,1637,-80.345741980973756,1637,-0.049081088565042001,-0.025332735071021201,1637,-41.469687311261708,1637,-0.025332735071021201
Sangju Weir,2020-10-24,1,20201024T021751_20201024T022447_T52SDF,S2A_MSIL2A_20201024T021751_N0214_R003_T52SDF_20201024T045915,52SDF,2020-10-24T02:27:28.100000+00:00,-0.087930701648462894,7533,-662.38197551787096,7533,-0.087930701648462894,-0.034135007008724599,7533,-257.13900779672241,7533,-0.034135007008724599
Sangju Weir,2020-10-26,1,20201026T020759_20201026T020756_T52SDF,S2B_MSIL2A_20201026T020759_N0500_R103_T52SDF_20230416T064228,52SDF,2020-10-26T02:17:30.303000+00:00,-0.0969764750930662,7533,-730.52378687606767,7533,-0.0969764750930662,-0.035740298709933699,7533,-269.23167018193055,7533,-0.035740298709933699
Sangju Weir,2021-05-02,2,20210502T021601_20210502T021601_T52SDF|20210502T021601_20210502T022719_T52SDF,S2A_MSIL2A_20210502T021601_N0300_R003_T52SDF_20210502T051124|S2A_MSIL2A_20210502T021601_N0300_R003_T52SDF_20210502T041531,52SDF|52SDF,2021-05-02T02:27:19.280000+00:00|2021-05-02T02:27:26.405000+00:00,0.041560821168175499|0.0441744550517345,5115|2144,307.29363190613645,7259,0.04233277750463376,0.021561962508707601|0.0155501252141233,5115|2144,143.62890669111974,7259,0.01978632135158007
Sangju Weir,2021-05-09,1,20210509T020651_20210509T021025_T52SDF,S2A_MSIL2A_20210509T020651_N0300_R103_T52SDF_20210509T044903,52SDF,2021-05-09T02:17:26.051000+00:00,0.0084768819615375999,7533,63.856351816262737,7533,0.0084768819615375999,-0.0016373217012696001,7533,-12.333944375663897,7533,-0.0016373217012696001
Sangju Weir,2021-05-19,1,20210519T020651_20210519T020653_T52SDF,S2A_MSIL2A_20210519T020651_N0500_R103_T52SDF_20230224T152720,52SDF,2021-05-19T02:17:27.245000+00:00,-0.073666907481838101,7533,-554.93281406068638,7533,-0.073666907481838101,-0.056234331841503803,7533,-423.61322176204817,7533,-0.056234331841503803
Sangju Weir,2021-05-22,1,20210522T021601_20210522T022207_T52SDF,S2A_MSIL2A_20210522T021601_N0300_R003_T52SDF_20210522T050033,52SDF,2021-05-22T02:27:23.242000+00:00,-0.021944375131012401,7533,-165.30697786191641,7533,-0.021944375131012401,-0.028816456138734101,7533,-217.07436409308397,7533,-0.028816456138734098
Sangju Weir,2021-05-29,1,20210529T020651_20210529T021027_T52SDF,S2A_MSIL2A_20210529T020651_N0300_R103_T52SDF_20210529T045132,52SDF,2021-05-29T02:17:27.799000+00:00,-0.0022635810977993998,7533,-17.051556409722878,7533,-0.0022635810977993998,-0.0104335664404164,7533,-78.596055995656741,7533,-0.0104335664404164
Sangju Weir,2021-06-08,1,20210608T020651_20210608T021027_T52SDF,S2A_MSIL2A_20210608T020651_N0300_R103_T52SDF_20210608T045137,52SDF,2021-06-08T02:17:27.725000+00:00,0.055406332743634497,7157,396.54312344619211,7157,0.055406332743634497,-0.0091723222230684007,6672,-61.197733872312369,6672,-0.0091723222230684007
Sangju Weir,2021-06-21,1,20210621T021601_20210621T022255_T52SDF,S2A_MSIL2A_20210621T021601_N0300_R003_T52SDF_20210621T050048,52SDF,2021-06-21T02:27:23.482000+00:00,0.0447776423061991,5260,235.53039853060727,5260,0.0447776423061991,0.0246621870947187,5260,129.72310411822036,5260,0.0246621870947187
Sangju Weir,2021-07-28,1,20210728T020701_20210728T020656_T52SDF,S2A_MSIL2A_20210728T020701_N0301_R103_T52SDF_20210728T045236,52SDF,2021-07-28T02:17:30.355000+00:00,0.018378816850746601,7527,138.33735443556967,7527,0.018378816850746601,0.0016825941694847001,7525,12.661521125372369,7525,0.0016825941694847003
Sangju Weir,2021-07-31,1,20210731T021611_20210731T022724_T52SDF,S2A_MSIL2A_20210731T021611_N0301_R003_T52SDF_20210731T041630,52SDF,2021-07-31T02:27:31.586000+00:00,0.043527896015308098,3156,137.37403982431235,3156,0.043527896015308098,0.020554498677366001,3156,64.869997825767101,3156,0.020554498677366001
Sangju Weir,2021-08-05,1,20210805T021609_20210805T021604_T52SDF,S2B_MSIL2A_20210805T021609_N0301_R003_T52SDF_20210805T043604,52SDF,2021-08-05T02:27:24.049000+00:00,0.0487089628679249,7533,366.92461728407829,7533,0.0487089628679249,0.0033011879625150999,7533,24.867848921626248,7533,0.0033011879625150999
Sangju Weir,2021-08-07,1,20210807T020701_20210807T021029_T52SDF,S2A_MSIL2A_20210807T020701_N0301_R103_T52SDF_20210807T051852,52SDF,2021-08-07T02:17:29.814000+00:00,0.070113540987814402,7533,528.16530426120585,7533,0.070113540987814402,-0.0038550317257885001,7136,-27.509506395226737,7136,-0.0038550317257885001
Sangju Weir,2021-09-11,1,20210911T020649_20210911T020649_T52SDF,S2B_MSIL2A_20210911T020649_N0301_R103_T52SDF_20210911T043804,52SDF,2021-09-11T02:17:23.328000+00:00,-0.073776513828612,7533,-555.75847867093421,7533,-0.073776513828612,-0.0112478521172514,7531,-84.707574295020294,7531,-0.0112478521172514
Sangju Weir,2021-09-19,1,20210919T021611_20210919T022209_T52SDF,S2A_MSIL2A_20210919T021611_N0301_R003_T52SDF_20210919T051646,52SDF,2021-09-19T02:27:25.075000+00:00,-0.035606289274976,7518,-267.68808276926956,7518,-0.035606289274976,-0.0042816477153371996,7518,-32.189427523905067,7518,-0.0042816477153371996
Sangju Weir,2021-09-24,1,20210924T021559_20210924T021601_T52SDF,S2B_MSIL2A_20210924T021559_N0301_R003_T52SDF_20210924T044840,52SDF,2021-09-24T02:27:20.769000+00:00,0.0249656598777943,6868,171.46415204069126,6868,0.0249656598777943,0.0047540659331503001,6868,32.650924828876263,6868,0.0047540659331503001
Sangju Weir,2021-10-01,1,20211001T020649_20211001T020652_T52SDF,S2B_MSIL2A_20211001T020649_N0301_R103_T52SDF_20211001T043245,52SDF,2021-10-01T02:17:26.483000+00:00,-0.023471207065407701,7523,-176.57389075306213,7523,-0.023471207065407701,-0.0033079841407077002,7523,-24.885964690544029,7523,-0.0033079841407077002
Sangju Weir,2021-10-14,1,20211014T021639_20211014T021639_T52SDF,S2B_MSIL2A_20211014T021639_N0301_R003_T52SDF_20211014T044840,52SDF,2021-10-14T02:27:24.001000+00:00,0.074274848301495694,7533,559.51243225516703,7533,0.074274848301495694,0.0044248994227579002,7533,33.332767351635262,7533,0.0044248994227579002
Sangju Weir,2021-10-19,1,20211019T021721_20211019T022407_T52SDF,S2A_MSIL2A_20211019T021721_N0301_R003_T52SDF_20211019T051640,52SDF,2021-10-19T02:27:28.185000+00:00,0.0134241231737135,7527,101.04337512854151,7527,0.0134241231737135,0.0048162178481411999,7527,36.251671742958813,7527,0.0048162178481411999
Sangju Weir,2021-10-24,1,20211024T021749_20211024T021743_T52SDF,S2B_MSIL2A_20211024T021749_N0301_R003_T52SDF_20211024T044140,52SDF,2021-10-24T02:27:24.356000+00:00,-0.0412204009236872,7533,-310.51328015813567,7533,-0.0412204009236872,-0.0064244556854990004,7533,-48.395424678863968,7533,-0.0064244556854990004
Sangju Weir,2021-10-26,1,20211026T020801_20211026T021128_T52SDF,S2A_MSIL2A_20211026T020801_N0301_R103_T52SDF_20211026T045335,52SDF,2021-10-26T02:17:32.038000+00:00,0.0121594565018042,1035,12.585037479367347,1035,0.0121594565018042,-0.0024856379445987002,1035,-2.5726352726596549,1035,-0.0024856379445987002
Sangju Weir,2021-10-31,1,20211031T020819_20211031T020820_T52SDF,S2B_MSIL2A_20211031T020819_N0500_R103_T52SDF_20230127T035223,52SDF,2021-10-31T02:17:28.238000+00:00,-0.040776851343550601,7533,-307.17202117096667,7533,-0.040776851343550601,-0.0069104572685893999,7533,-52.056474604283949,7533,-0.0069104572685893999
Sangju Weir,2022-05-04,1,20220504T020701_20220504T021642_T52SDF,S2A_MSIL2A_20220504T020701_N0400_R103_T52SDF_20220504T052914,52SDF,2022-05-04T02:17:31.857000+00:00,0.020592955294160199,7533,155.12673223090877,7533,0.020592955294160199,0.0026222314758567,7533,19.753269707628522,7533,0.0026222314758567
Sangju Weir,2022-05-09,1,20220509T020649_20220509T021302_T52SDF,S2B_MSIL2A_20220509T020649_N0400_R103_T52SDF_20220509T044739,52SDF,2022-05-09T02:17:23.893000+00:00,-0.037136977402328297,7533,-279.75285077173908,7533,-0.037136977402328297,-0.0015933674606553999,7533,-12.002837081117129,7533,-0.0015933674606553999
Sangju Weir,2022-05-17,1,20220517T021611_20220517T022234_T52SDF,S2A_MSIL2A_20220517T021611_N0400_R003_T52SDF_20220517T055107,52SDF,2022-05-17T02:27:27.923000+00:00,-0.0205083982185152,7533,-154.48976378007501,7533,-0.0205083982185152,-0.0050493345954158997,7533,-38.036637507267969,7533,-0.0050493345954158988
Sangju Weir,2022-05-22,1,20220522T021609_20220522T022240_T52SDF,S2B_MSIL2A_20220522T021609_N0400_R003_T52SDF_20220522T050008,52SDF,2022-05-22T02:27:22.833000+00:00,0.0086099923167366008,7533,64.859072121976808,7533,0.0086099923167366008,-0.0142689789247437,7533,-107.4882182400943,7533,-0.014268978924743702
Sangju Weir,2022-05-24,1,20220524T020701_20220524T021301_T52SDF,S2A_MSIL2A_20220524T020701_N0400_R103_T52SDF_20220524T053520,52SDF,2022-05-24T02:17:34.020000+00:00,-0.12590458906253699,7533,-948.43926940809115,7533,-0.12590458906253699,-0.0131178564721886,7533,-98.816812804996715,7533,-0.0131178564721886
Sangju Weir,2022-06-01,1,20220601T021559_20220601T022239_T52SDF,S2B_MSIL2A_20220601T021559_N0400_R003_T52SDF_20220601T044554,52SDF,2022-06-01T02:27:22.551000+00:00,0.0260831388791294,7533,196.48428517648176,7533,0.0260831388791294,-0.0017122260719632,7533,-12.898199000098785,7533,-0.0017122260719632
Sangju Weir,2022-06-03,1,20220603T020701_20220603T021559_T52SDF,S2A_MSIL2A_20220603T020701_N0400_R103_T52SDF_20220603T055620,52SDF,2022-06-03T02:17:34.880000+00:00,-0.081548203170714803,7533,-614.30261448499459,7533,-0.081548203170714803,-0.0050179727051650998,7533,-37.800388388008699,7533,-0.0050179727051650998
Sangju Weir,2022-06-18,1,20220618T020659_20220618T021309_T52SDF,S2B_MSIL2A_20220618T020659_N0400_R103_T52SDF_20220618T043051,52SDF,2022-06-18T02:17:31.111000+00:00,-0.067622595585327502,7533,-509.40101254427208,7533,-0.067622595585327502,-0.0087107744403568995,7533,-65.618263859208525,7533,-0.0087107744403568995
Sangju Weir,2022-06-21,1,20220621T021539_20220621T022216_T52SDF,S2B_MSIL2A_20220621T021539_N0400_R003_T52SDF_20220621T045243,52SDF,2022-06-21T02:27:27.348000+00:00,0.031147521256913498,7533,234.63427762832939,7533,0.031147521256913498,0.0036473482851446001,7533,27.475474631994274,7533,0.0036473482851446001
Sangju Weir,2022-07-01,1,20220701T021539_20220701T022213_T52SDF,S2B_MSIL2A_20220701T021539_N0400_R003_T52SDF_20220701T043554,52SDF,2022-07-01T02:27:27.949000+00:00,0.035223121126145798,7533,265.33577144325631,7533,0.035223121126145798,-0.0013002401938252001,7533,-9.7947093800852318,7533,-0.0013002401938252001
Sangju Weir,2022-08-22,1,20220822T020711_20220822T021658_T52SDF,S2A_MSIL2A_20220822T020711_N0400_R103_T52SDF_20220824T143002,52SDF,2022-08-22T02:17:39.653000+00:00,-0.0134071839340085,7533,-100.99631657488604,7533,-0.0134071839340085,-0.020055620930620899,7533,-151.07899247036724,7533,-0.020055620930620899
Sangju Weir,2022-09-24,1,20220924T021541_20220924T022204_T52SDF,S2A_MSIL2A_20220924T021541_N0400_R003_T52SDF_20220924T054059,52SDF,2022-09-24T02:27:29.802000+00:00,0.042002648004366303,7533,316.40594741689137,7533,0.042002648004366303,-0.00083836615109820004,7533,-6.3154122162227413,7533,-0.00083836615109820014
Sangju Weir,2022-09-29,1,20220929T021529_20220929T022606_T52SDF,S2B_MSIL2A_20220929T021529_N0400_R003_T52SDF_20220929T051901,52SDF,2022-09-29T02:27:22.589000+00:00,0.043375540309651399,7533,326.74794515260396,7533,0.043375540309651392,0.0087016896881469998,7533,65.549828420811352,7533,0.0087016896881469998
Sangju Weir,2022-10-11,1,20221011T020701_20221011T021300_T52SDF,S2A_MSIL2A_20221011T020701_N0400_R103_T52SDF_20221011T052455,52SDF,2022-10-11T02:17:32.653000+00:00,0.030435872240123899,7533,229.27342558485333,7533,0.030435872240123899,-0.0027973496569194001,7533,-21.072434965573841,7533,-0.0027973496569194001
Sangju Weir,2022-10-14,1,20221014T021641_20221014T022306_T52SDF,S2A_MSIL2A_20221014T021641_N0400_R003_T52SDF_20221014T054257,52SDF,2022-10-14T02:27:27.361000+00:00,0.088650944867670695,7533,667.80756768816332,7533,0.088650944867670695,0.00068023905999070003,7533,5.1242408389099436,7533,0.00068023905999070003
Sangju Weir,2022-10-19,1,20221019T021709_20221019T022253_T52SDF,S2B_MSIL2A_20221019T021709_N0400_R003_T52SDF_20221019T043130,52SDF,2022-10-19T02:27:22.186000+00:00,0.031803334352451001,7533,239.5745176770134,7533,0.031803334352451001,-0.0022540214287467002,7533,-16.979543422748893,7533,-0.0022540214287467002
Sangju Weir,2022-10-26,1,20221026T020749_20221026T021400_T52SDF,S2B_MSIL2A_20221026T020749_N0400_R103_T52SDF_20221026T042127,52SDF,2022-10-26T02:17:26.206000+00:00,-0.15901211388278111,7533,-1197.8382538789901,7533,-0.15901211388278111,-0.0048264675313964001,7533,-36.357779914009079,7533,-0.0048264675313964001
Sangju Weir,2022-10-29,1,20221029T021809_20221029T022341_T52SDF,S2B_MSIL2A_20221029T021809_N0400_R003_T52SDF_20221029T075219,52SDF,2022-10-29T02:27:21.614000+00:00,0.017895294953712001,7533,134.80525688631249,7533,0.017895294953712001,0.0047267071773418002,7533,35.606285166915782,7533,0.0047267071773418002
Sangju Weir,2023-05-09,1,20230509T020651_20230509T021248_T52SDF,S2A_MSIL2A_20230509T020651_N0509_R103_T52SDF_20230509T051551,52SDF,2023-05-09T02:17:26.700000+00:00,-0.075078647001426593,7533,-565.56744786174647,7533,-0.075078647001426579,-0.0149855414739101,7533,-112.88608392296479,7533,-0.0149855414739101
Sangju Weir,2023-05-14,1,20230514T020659_20230514T021257_T52SDF,S2B_MSIL2A_20230514T020659_N0509_R103_T52SDF_20230514T042809,52SDF,2023-05-14T02:17:30.458000+00:00,0.0140077321269162,7533,105.52024611205974,7533,0.0140077321269162,-0.0045021128115667001,7533,-33.914415809531953,7533,-0.0045021128115667001
Sangju Weir,2023-05-17,1,20230517T021539_20230517T022202_T52SDF,S2B_MSIL2A_20230517T021539_N0509_R003_T52SDF_20230517T044103,52SDF,2023-05-17T02:27:27.271000+00:00,0.029283330654858501,7533,220.59132982304908,7533,0.029283330654858501,0.0093340318930848001,7533,70.313262250607806,7533,0.0093340318930848019
Sangju Weir,2023-06-03,1,20230603T020659_20230603T021256_T52SDF,S2B_MSIL2A_20230603T020659_N0509_R103_T52SDF_20230603T042630,52SDF,2023-06-03T02:17:30.960000+00:00,0.038537238966932799,7533,290.3010211379048,7533,0.038537238966932799,0.0105564668108237,7533,79.521864485934941,7533,0.010556466810823702
Sangju Weir,2023-06-06,1,20230606T021539_20230606T022202_T52SDF,S2B_MSIL2A_20230606T021539_N0509_R003_T52SDF_20230606T043948,52SDF,2023-06-06T02:27:27.360000+00:00,0.035550585166836797,7533,267.80255806178161,7533,0.035550585166836797,-0.00080685810588590002,7533,-6.0780621116384852,7533,-0.00080685810588590002
Sangju Weir,2023-06-16,1,20230616T021539_20230616T022203_T52SDF,S2B_MSIL2A_20230616T021539_N0509_R003_T52SDF_20230616T043833,52SDF,2023-06-16T02:27:27.693000+00:00,0.041509489667201901,7533,312.69098566303194,7533,0.041509489667201901,-0.0051097790822186998,7533,-38.491965826353464,7533,-0.0051097790822186998
Sangju Weir,2023-06-23,1,20230623T020659_20230623T021723_T52SDF,S2B_MSIL2A_20230623T020659_N0509_R103_T52SDF_20230623T055723,52SDF,2023-06-23T02:17:33.128000+00:00,-0.2889900960571648,7533,-2176.9623935986224,7533,-0.2889900960571648,-0.0033876362718530998,7533,-25.519064035869402,7533,-0.0033876362718530998
Sangju Weir,2023-08-05,1,20230805T021539_20230805T022202_T52SDF,S2B_MSIL2A_20230805T021539_N0509_R003_T52SDF_20230805T044141,52SDF,2023-08-05T02:27:27.607000+00:00,0.050870308196307397,7533,383.20603164278361,7533,0.050870308196307397,0.0068435566030131002,7533,51.552511890497684,7533,0.0068435566030131002
Sangju Weir,2023-08-07,1,20230807T020701_20230807T021203_T52SDF,S2A_MSIL2A_20230807T020701_N0509_R103_T52SDF_20230807T052055,52SDF,2023-08-07T02:17:31.679000+00:00,0.043857808585821299,7533,330.38087207699186,7533,0.043857808585821299,0.0145828240634243,7533,109.85241366977525,7533,0.0145828240634243
Sangju Weir,2023-08-15,1,20230815T021539_20230815T021939_T52SDF,S2B_MSIL2A_20230815T021539_N0509_R003_T52SDF_20230815T052653,52SDF,2023-08-15T02:27:28.365000+00:00,-0.055127569277643798,7533,-415.27597936849071,7533,-0.055127569277643798,-0.036179124272357199,7533,-272.53734314366676,7533,-0.036179124272357199
Sangju Weir,2023-09-09,1,20230909T021541_20230909T022102_T52SDF,S2A_MSIL2A_20230909T021541_N0509_R003_T52SDF_20230909T072557,52SDF,2023-09-09T02:27:27.952000+00:00,0.108491177959593,7533,817.26404356961405,7533,0.108491177959593,-0.0006960469398731,7533,-5.2433215980640622,7533,-0.0006960469398731
Sangju Weir,2023-09-11,1,20230911T020659_20230911T021215_T52SDF,S2B_MSIL2A_20230911T020659_N0509_R103_T52SDF_20230911T050621,52SDF,2023-09-11T02:17:30.723000+00:00,0.1229488309149977,7533,926.17354328267766,7533,0.1229488309149977,0.0040389096542250997,7533,30.425106425277676,7533,0.0040389096542250997
Sangju Weir,2023-09-24,1,20230924T021539_20230924T022642_T52SDF,S2B_MSIL2A_20230924T021539_N0509_R003_T52SDF_20230924T053147,52SDF,2023-09-24T02:27:26.279000+00:00,-0.049089793300691097,7533,-369.79341293410602,7533,-0.049089793300691097,-0.021286360024872199,7533,-160.35015006736228,7533,-0.021286360024872199
Sangju Weir,2023-10-01,1,20231001T020659_20231001T021254_T52SDF,S2B_MSIL2A_20231001T020659_N0509_R103_T52SDF_20231001T042700,52SDF,2023-10-01T02:17:28.866000+00:00,-0.1282282674974608,7533,-965.94353905837227,7533,-0.1282282674974608,-0.0374605572075375,7533,-282.19037744437998,7533,-0.0374605572075375
Sangju Weir,2023-10-06,1,20231006T020651_20231006T021253_T52SDF,S2A_MSIL2A_20231006T020651_N0509_R103_T52SDF_20231006T052302,52SDF,2023-10-06T02:17:27.917000+00:00,-0.055673376216277499,7533,-419.38754303721839,7533,-0.055673376216277499,-0.02125979878417,7533,-160.15006424115262,7533,-0.02125979878417
Sangju Weir,2023-10-24,1,20231024T021739_20231024T022318_T52SDF,S2B_MSIL2A_20231024T021739_N0509_R003_T52SDF_20231024T043637,52SDF,2023-10-24T02:27:23.939000+00:00,-0.010371502109748699,7533,-78.128525392736947,7533,-0.010371502109748699,-0.0068910511347092,7533,-51.910288197764402,7533,-0.0068910511347092
Sangju Weir,2023-10-26,1,20231026T020751_20231026T021348_T52SDF,S2A_MSIL2A_20231026T020751_N0509_R103_T52SDF_20231026T051755,52SDF,2023-10-26T02:17:27.009000+00:00,0.035772324087205001,7533,269.4729173489153,7533,0.035772324087205008,-0.0036475564628665998,7533,-27.477042834774096,7533,-0.0036475564628665998
Sangju Weir,2023-10-29,1,20231029T021811_20231029T022436_T52SDF,S2A_MSIL2A_20231029T021811_N0509_R003_T52SDF_20231029T052155,52SDF,2023-10-29T02:27:22.491000+00:00,-0.0071364743157093999,7533,-53.75906102023891,7533,-0.0071364743157093999,-0.002968387158387,7533,-22.360860464129271,7533,-0.002968387158387
Sangju Weir,2023-10-31,1,20231031T020819_20231031T021420_T52SDF,S2B_MSIL2A_20231031T020819_N0509_R103_T52SDF_20231031T042727,52SDF,2023-10-31T02:17:29.262000+00:00,-0.070509863401591405,7533,-531.150801004188,7533,-0.070509863401591391,-0.0069425936229109003,7533,-52.298557761387812,7533,-0.0069425936229109003
Sangju Weir,2024-05-03,1,20240503T020651_20240503T021443_T52SDF,S2A_MSIL2A_20240503T020651_N0510_R103_T52SDF_20240503T061350,52SDF,2024-05-03T02:17:29.830000+00:00,-0.042239466436778797,7533,-318.18990066825467,7533,-0.042239466436778797,-0.0018191645435148001,7533,-13.703766506296988,7533,-0.0018191645435148001
Sangju Weir,2024-05-13,1,20240513T020651_20240513T021436_T52SDF,S2A_MSIL2A_20240513T020651_N0510_R103_T52SDF_20240513T051859,52SDF,2024-05-13T02:17:30.115000+00:00,-0.048794841117245198,7523,-367.08358972503561,7523,-0.048794841117245198,-0.0092796511450335996,7523,-69.810815564087775,7523,-0.0092796511450335996
Sangju Weir,2024-05-16,1,20240516T021611_20240516T022028_T52SDF,S2A_MSIL2A_20240516T021611_N0510_R003_T52SDF_20240516T074100,52SDF,2024-05-16T02:27:25.400000+00:00,-0.0089581965532525999,7533,-67.482094635651833,7533,-0.0089581965532525999,-0.0184939257236089,7533,-139.31474247594585,7533,-0.0184939257236089
Sangju Weir,2024-05-18,1,20240518T020649_20240518T020649_T52SDF,S2B_MSIL2A_20240518T020649_N0510_R103_T52SDF_20240518T040445,52SDF,2024-05-18T02:17:25.309000+00:00,-0.046122274625494702,7533,-347.43909475385158,7533,-0.046122274625494702,-0.023925282780895601,7533,-180.22915518848657,7533,-0.023925282780895601
Sangju Weir,2024-05-23,1,20240523T020651_20240523T021414_T52SDF,S2A_MSIL2A_20240523T020651_N0510_R103_T52SDF_20240523T070946,52SDF,2024-05-23T02:17:26.080000+00:00,-0.0176331930666737,7533,-132.83084337125297,7533,-0.0176331930666737,-0.0037764156069184001,7533,-28.447738766916309,7533,-0.0037764156069184001
Sangju Weir,2024-05-31,1,20240531T021529_20240531T021532_T52SDF,S2B_MSIL2A_20240531T021529_N0510_R003_T52SDF_20240531T042042,52SDF,2024-05-31T02:27:23.166000+00:00,-0.0039632640192073998,7533,-29.855267856689341,7533,-0.0039632640192073998,-0.0111913489156824,7533,-84.304431381835514,7533,-0.0111913489156824
Sangju Weir,2024-06-10,1,20240610T021539_20240610T021535_T52SDF,S2B_MSIL2A_20240610T021539_N0510_R003_T52SDF_20240610T042021,52SDF,2024-06-10T02:27:25.948000+00:00,0.0025585985409926999,7533,19.273922809298007,7533,0.0025585985409926999,-0.0045311067492684,7533,-34.13282714223886,7533,-0.0045311067492684
Sangju Weir,2024-08-04,2,20240804T021531_20240804T022001_T52SDF|20240804T021531_20240804T022721_T52SDF,S2A_MSIL2A_20240804T021531_N0511_R003_T52SDF_20240804T072449|S2A_MSIL2A_20240804T021531_N0511_R003_T52SDF_20240804T084047,52SDF|52SDF,2024-08-04T02:27:22.571000+00:00|2024-08-04T02:27:29.437000+00:00,0.068013612419213304|0.078616373429197597,7532|7533,1104.4956697836601,15065,0.073315344824670434,-0.00035460163629459998|-0.0055023432453837002,7532|7533,-44.120011192046341,15065,-0.0029286432918716456
Sangju Weir,2024-08-06,1,20240806T020659_20240806T020653_T52SDF,S2B_MSIL2A_20240806T020659_N0511_R103_T52SDF_20240806T040518,52SDF,2024-08-06T02:17:29.698000+00:00,0.020615456739770499,7533,155.29623562069116,7533,0.020615456739770499,-0.0154792546837988,7533,-116.60522553305636,7533,-0.0154792546837988
Sangju Weir,2024-08-09,1,20240809T021539_20240809T022639_T52SDF,S2B_MSIL2A_20240809T021539_N0511_R003_T52SDF_20240809T042748,52SDF,2024-08-09T02:27:26.617000+00:00,-0.0045046536407194002,7533,-33.933555875539241,7533,-0.0045046536407194002,-0.017167208005945001,7533,-129.32057790878369,7533,-0.017167208005945001
Sangju Weir,2024-08-11,1,20240811T020651_20240811T020652_T52SDF,S2A_MSIL2A_20240811T020651_N0511_R103_T52SDF_20240811T055751,52SDF,2024-08-11T02:17:28.395000+00:00,0.060978596980252799,7527,458.98589947036282,7527,0.060978596980252799,0.025962390194954499,7527,195.4189109974225,7527,0.025962390194954499
Sangju Weir,2024-08-14,1,20240814T021601_20240814T022230_T52SDF,S2A_MSIL2A_20240814T021601_N0511_R003_T52SDF_20240814T052653,52SDF,2024-08-14T02:27:24.171000+00:00,0.011213671228157401,7533,84.472585361709704,7533,0.011213671228157401,-0.0012193853916489001,7533,-9.1856301552911646,7533,-0.0012193853916489001
Sangju Weir,2024-08-19,1,20240819T021539_20240819T022637_T52SDF,S2B_MSIL2A_20240819T021539_N0511_R003_T52SDF_20240819T042921,52SDF,2024-08-19T02:27:24.530000+00:00,0.020454027527403499,7445,152.28023494151904,7445,0.020454027527403499,0.015428109518852,7445,114.86227536785314,7445,0.015428109518852
Sangju Weir,2024-08-31,1,20240831T020651_20240831T020650_T52SDF,S2A_MSIL2A_20240831T020651_N0511_R103_T52SDF_20240831T060051,52SDF,2024-08-31T02:17:26.038000+00:00,-0.037562852630745797,7533,-282.9609688674081,7533,-0.037562852630745797,0.0035987569351655,7533,27.109435992601711,7533,0.0035987569351655
Sangju Weir,2024-09-05,1,20240905T020659_20240905T020653_T52SDF,S2B_MSIL2A_20240905T020659_N0511_R103_T52SDF_20240905T040210,52SDF,2024-09-05T02:17:29.588000+00:00,-0.016996681839169199,7533,-128.03600429446158,7533,-0.016996681839169199,-0.0045458195654666999,7533,-34.243658786660653,7533,-0.0045458195654666999
Sangju Weir,2024-09-10,1,20240910T020651_20240910T020650_T52SDF,S2A_MSIL2A_20240910T020651_N0511_R103_T52SDF_20240910T054852,52SDF,2024-09-10T02:17:25.962000+00:00,-0.0042925710718489003,7533,-32.335937884237765,7533,-0.0042925710718489003,0.00050389675440899999,7533,3.7958542509629969,7533,0.00050389675440899999
Sangju Weir,2024-09-23,1,20240923T021531_20240923T022308_T52SDF,S2A_MSIL2A_20240923T021531_N0511_R003_T52SDF_20240923T053200,52SDF,2024-09-23T02:27:24.351000+00:00,-0.017906580722478201,6879,-123.17936878992754,6879,-0.017906580722478201,-0.0217715247243166,6879,-149.7663185785739,6879,-0.0217715247243166
Sangju Weir,2024-09-30,1,20240930T020651_20240930T020653_T52SDF,S2A_MSIL2A_20240930T020651_N0511_R103_T52SDF_20240930T055753,52SDF,2024-09-30T02:17:29.109000+00:00,0.062827372713804397,7533,473.27859865308852,7533,0.062827372713804397,-0.0032400354049887999,7533,-24.407186705780632,7533,-0.0032400354049888004
Sangju Weir,2024-10-05,1,20241005T020649_20241005T020652_T52SDF,S2B_MSIL2A_20241005T020649_N0511_R103_T52SDF_20241005T040520,52SDF,2024-10-05T02:17:27.817000+00:00,0.0894600711927587,7533,673.90271629505128,7533,0.0894600711927587,-0.0025394911625008999,7533,-19.12998692711928,7533,-0.0025394911625008999
Sangju Weir,2024-10-08,1,20241008T021529_20241008T022704_T52SDF,S2B_MSIL2A_20241008T021529_N0511_R003_T52SDF_20241008T150637,52SDF,2024-10-08T02:27:22.249000+00:00,0.064164904213291005,7518,482.39174987552178,7518,0.064164904213291005,0.0013213545944292999,7518,9.9339438409194774,7518,0.0013213545944292999
Sangju Weir,2024-10-10,1,20241010T020651_20241010T020648_T52SDF,S2A_MSIL2A_20241010T020651_N0511_R103_T52SDF_20241010T055650,52SDF,2024-10-10T02:17:23.978000+00:00,0.088577073807540901,7533,667.25109699220559,7533,0.088577073807540901,-0.00047863797507580001,7533,-3.6055798662460017,7533,-0.00047863797507580001
Sangju Weir,2024-10-25,1,20241025T020659_20241025T020654_T52SDF,S2B_MSIL2A_20241025T020659_N0511_R103_T52SDF_20241025T040212,52SDF,2024-10-25T02:17:27.736000+00:00,-0.1023330558192703,7533,-770.87490948656318,7533,-0.1023330558192703,-0.0115147424266111,7533,-86.740554699661416,7533,-0.0115147424266111
Sangju Weir,2024-10-30,1,20241030T020821_20241030T021624_T52SDF,S2A_MSIL2A_20241030T020821_N0511_R103_T52SDF_20241030T051219,52SDF,2024-10-30T02:17:27.523000+00:00,-0.034216466117481102,7533,-257.75263926298516,7533,-0.034216466117481102,-0.0038304852297180998,7533,-28.855045235466445,7533,-0.0038304852297180998
Sangju Weir,2025-05-08,1,20250508T020711_20250508T020903_T52SDF,S2C_MSIL2A_20250508T020711_N0511_R103_T52SDF_20250508T055213,52SDF,2025-05-08T02:17:46.746000+00:00,-0.085109134699281899,4929,-419.50292493276049,4929,-0.085109134699281899,0.0065550899773122997,4929,32.310038498172325,4929,0.0065550899773122997
Sangju Weir,2025-05-26,1,20250526T021539_20250526T022318_T52SDF,S2B_MSIL2A_20250526T021539_N0511_R003_T52SDF_20250526T041515,52SDF,2025-05-26T02:27:24.082000+00:00,0.0186005378488199,7533,140.1178516151603,7533,0.0186005378488199,0.00053259179019770004,7533,4.012013955559274,7533,0.00053259179019770004
Sangju Weir,2025-05-28,1,20250528T020711_20250528T021218_T52SDF,S2C_MSIL2A_20250528T020711_N0511_R103_T52SDF_20250528T063213,52SDF,2025-05-28T02:17:46.979000+00:00,-0.17471185115903451,7533,-1316.104374781007,7533,-0.17471185115903451,-0.018553049681737498,7533,-139.76012325252859,7533,-0.018553049681737498
Sangju Weir,2025-05-30,1,20250530T021121_20250530T021428_T52SDF,S2A_MSIL2A_20250530T021121_N0511_R103_T52SDF_20250530T062212,52SDF,2025-05-30T02:17:44.130000+00:00,-0.038344886939780699,5879,-225.42959031897072,5879,-0.038344886939780699,-0.012673891292354999,5879,-74.509806907755035,5879,-0.012673891292354997
Sangju Weir,2025-06-05,1,20250605T021529_20250605T022440_T52SDF,S2B_MSIL2A_20250605T021529_N0511_R003_T52SDF_20250605T041606,52SDF,2025-06-05T02:27:22.934000+00:00,0.0205175115546118,7533,154.55841454089068,7533,0.0205175115546118,0.0030573064640128998,7533,23.030689593409175,7533,0.0030573064640128998
Sangju Weir,2025-07-05,1,20250705T021539_20250705T021535_T52SDF,S2B_MSIL2A_20250705T021539_N0511_R003_T52SDF_20250705T035632,52SDF,2025-07-05T02:27:26.176000+00:00,0.037404698108954401,7533,281.76959085475352,7533,0.037404698108954401,0.0071237496624071001,7533,53.663206206912683,7533,0.0071237496624071001
Sangju Weir,2025-07-09,1,20250709T021131_20250709T021441_T52SDF,S2A_MSIL2A_20250709T021131_N0511_R103_T52SDF_20250709T062417,52SDF,2025-07-09T02:17:45.808000+00:00,0.1337759939260007,7533,1007.7345622445633,7533,0.1337759939260007,-0.0021662983243093,7533,-16.318725277021958,7533,-0.0021662983243093
Sangju Weir,2025-07-10,1,20250710T021631_20250710T022524_T52SDF,S2C_MSIL2A_20250710T021631_N0511_R003_T52SDF_20250710T055619,52SDF,2025-07-10T02:27:45.849000+00:00,0.10753135371693839,7533,810.03368754969688,7533,0.10753135371693839,7.7258874730650555e-05,7533,0.58199110334599058,7533,7.7258874730650555e-05
Sangju Weir,2025-07-25,1,20250725T021539_20250725T022319_T52SDF,S2B_MSIL2A_20250725T021539_N0511_R003_T52SDF_20250725T041758,52SDF,2025-07-25T02:27:24.703000+00:00,0.13776738815239331,7533,1037.8017349519789,7533,0.13776738815239334,0.00071971886422400003,7533,5.4216422041993919,7533,0.00071971886422400003
Sangju Weir,2025-07-27,1,20250727T020711_20250727T021408_T52SDF,S2C_MSIL2A_20250727T020711_N0511_R103_T52SDF_20250727T053721,52SDF,2025-07-27T02:17:49.269000+00:00,0.044430527762526102,7533,334.69516563510911,7533,0.044430527762526102,0.0039059604360997999,7533,29.423599965139793,7533,0.0039059604360997999
Sangju Weir,2025-07-29,1,20250729T021131_20250729T021429_T52SDF,S2A_MSIL2A_20250729T021131_N0511_R103_T52SDF_20250729T061616,52SDF,2025-07-29T02:17:45.230000+00:00,0.0291247365064972,7533,219.39664010344342,7533,0.0291247365064972,-0.0006344745495263,7533,-4.7794967815816181,7533,-0.0006344745495263
Sangju Weir,2025-08-01,2,20250801T020649_20250801T021704_T52SDF|20250801T022131_20250801T022131_T52SDF,S2B_MSIL2A_20250801T020649_N0511_R103_T52SDF_20250801T040552|S2A_MSIL2A_20250801T022131_N0511_R003_T52SDF_20250801T071659,52SDF|52SDF,2025-08-01T02:17:26.982000+00:00|2025-08-01T02:27:40.255000+00:00,-0.19393263471121619|0.067287558200149394,7533|7533,-954.01736135786609,15066,-0.063322538255533398,0.0020709636743875999|0.00038733292990010001,7533|7533,18.518348320099243,15066,0.0012291483021438499
Sangju Weir,2025-08-21,2,20250821T020659_20250821T020653_T52SDF|20250821T022131_20250821T022128_T52SDF,S2B_MSIL2A_20250821T020659_N0511_R103_T52SDF_20250821T035126|S2A_MSIL2A_20250821T022131_N0511_R003_T52SDF_20250821T073716,52SDF|52SDF,2025-08-21T02:17:29.252000+00:00|2025-08-21T02:27:36.742000+00:00,0.0246215896512882|0.060035391335534698,7533|7533,637.72103777373684,15066,0.042328490493411447,0.0014129791421578|0.0045893975388358998,7533|7533,45.215903537925541,15066,0.00300118834049685
Sangju Weir,2025-09-05,1,20250905T020711_20250905T021218_T52SDF,S2C_MSIL2A_20250905T020711_N0511_R103_T52SDF_20250905T053715,52SDF,2025-09-05T02:17:44.046000+00:00,-0.1477010676526968,7533,-1112.632142627765,7533,-0.1477010676526968,0.0006105224402753,7533,4.5990655425938352,7533,0.0006105224402753
Sangju Weir,2025-09-23,1,20250923T021529_20250923T022229_T52SDF,S2B_MSIL2A_20250923T021529_N0511_R003_T52SDF_20250923T041635,52SDF,2025-09-23T02:27:21.976000+00:00,-0.053854588515548599,3327,-179.1742159912302,3327,-0.053854588515548599,-0.0130401965403456,3327,-43.384733889729809,3327,-0.013040196540345599
Sangju Weir,2025-09-27,1,20250927T021121_20250927T021438_T52SDF,S2A_MSIL2A_20250927T021121_N0511_R103_T52SDF_20250927T061715,52SDF,2025-09-27T02:17:42.531000+00:00,-0.0013915564804401999,6150,-8.5580723547072299,6150,-0.0013915564804401999,-0.00014308823913980001,6150,-0.87999267070977005,6150,-0.00014308823913980001
Sangju Weir,2025-10-28,1,20251028T021821_20251028T022504_T52SDF,S2C_MSIL2A_20251028T021821_N0511_R003_T52SDF_20251028T054320,52SDF,2025-10-28T02:27:35.753000+00:00,-0.15964070856965801,7533,-1202.5734576552338,7533,-0.15964070856965801,-0.0070581311526123,7533,-53.168901972628454,7533,-0.0070581311526123
Sejong Weir,2017-05-03,1,20170503T021611_20170503T022350_T52SCF,S2A_MSIL2A_20170503T021611_N0500_R003_T52SCF_20230925T151324,52SCF,2017-05-03T02:27:29.037000+00:00,0.072563645141408006,181,13.134019770594849,181,0.072563645141408006,0.0132316700283551,181,2.3949322751322732,181,0.0132316700283551
Sejong Weir,2017-10-30,1,20171030T021821_20171030T022623_T52SCF,S2A_MSIL2A_20171030T021821_N0500_R003_T52SCF_20230911T092126,52SCF,2017-10-30T02:27:26.061000+00:00,0.016626426010118,181,3.0093831078313578,181,0.016626426010118,0.0035816071793971999,181,0.64827089947089322,181,0.0035816071793972003
Sejong Weir,2018-06-02,1,20180602T021639_20180602T021638_T52SCF,S2B_MSIL2A_20180602T021639_N0500_R003_T52SCF_20230827T172817,52SCF,2018-06-02T02:27:23.728000+00:00,0.13136936705785379,181,23.777855437471537,181,0.13136936705785379,0.024617892952146999,181,4.4558386243386066,181,0.024617892952146999
Sejong Weir,2018-08-01,1,20180801T021649_20180801T022346_T52SCF,S2B_MSIL2A_20180801T021649_N0500_R003_T52SCF_20230709T134957,52SCF,2018-08-01T02:27:23.448000+00:00,0.1886156331845564,181,34.139429606404711,181,0.1886156331845564,0.0295944020579379,181,5.35658677248676,181,0.0295944020579379
Sejong Weir,2018-10-20,1,20181020T021709_20181020T022232_T52SCF,S2B_MSIL2A_20181020T021709_N0510_R003_T52SCF_20250531T231417,52SCF,2018-10-20T02:27:23.956000+00:00,0.10033311157324031,181,18.160293194756495,181,0.10033311157324031,0.015643684410535201,181,2.8315068783068713,181,0.015643684410535201
Sejong Weir,2018-10-30,1,20181030T021819_20181030T022432_T52SCF,S2B_MSIL2A_20181030T021819_N0500_R003_T52SCF_20230707T113406,52SCF,2018-10-30T02:27:24.389000+00:00,0.076057655156597598,181,13.766435583344165,181,0.076057655156597598,0.012250589026279599,181,2.2173566137566074,181,0.012250589026279599
Sejong Weir,2019-05-03,1,20190503T021611_20190503T021607_T52SCF,S2A_MSIL2A_20190503T021611_N0500_R003_T52SCF_20221205T094439,52SCF,2019-05-03T02:27:30.721000+00:00,0.077291844084909397,181,13.989823779368601,181,0.077291844084909397,0.011171425648221199,181,2.0220280423280372,181,0.011171425648221199
Sejong Weir,2019-05-23,1,20190523T021611_20190523T022214_T52SCF,S2A_MSIL2A_20190523T021611_N0500_R003_T52SCF_20221212T010402,52SCF,2019-05-23T02:27:30.293000+00:00,0.099504252257861803,181,18.010269658672986,181,0.099504252257861803,0.025164380718524299,181,4.5547529100528985,181,0.025164380718524303
Sejong Weir,2019-06-02,1,20190602T021611_20190602T021605_T52SCF,S2A_MSIL2A_20190602T021611_N0212_R003_T52SCF_20190602T052125,52SCF,2019-06-02T02:27:29+00:00,0.094698984760541893,181,17.140516241658084,181,0.094698984760541893,0.0320265982636148,181,5.7968142857142784,181,0.0320265982636148
Sejong Weir,2019-06-12,1,20190612T021611_20190612T022608_T52SCF,S2A_MSIL2A_20190612T021611_N0212_R003_T52SCF_20190612T043019,52SCF,2019-06-12T02:27:29+00:00,0.086749530946525502,179,15.528166039428065,179,0.086749530946525502,0.060854071709378899,179,10.892878835978824,179,0.060854071709378905
Sejong Weir,2019-06-17,1,20190617T021609_20190617T022127_T52SCF,S2B_MSIL2A_20190617T021609_N0212_R003_T52SCF_20190617T055313,52SCF,2019-06-17T02:27:34+00:00,0.088257434822230293,151,13.326872658156775,151,0.088257434822230293,0.054148060548722697,151,8.1763571428571264,151,0.05414806054872269
Sejong Weir,2019-07-02,1,20190702T021611_20190702T021608_T52SCF,S2A_MSIL2A_20190702T021611_N0212_R003_T52SCF_20190702T051730,52SCF,2019-07-02T02:27:31.742000+00:00,0.089146523412312897,154,13.728564605496187,154,0.089146523412312897,0.054438576238576203,154,8.3835407407407345,154,0.054438576238576196
Sejong Weir,2019-07-07,1,20190707T021609_20190707T021612_T52SCF,S2B_MSIL2A_20190707T021609_N0212_R003_T52SCF_20190707T044912,52SCF,2019-07-07T02:27:35+00:00,0.11052659938439641,175,19.34215489226937,175,0.11052659938439641,0.074575516250944801,175,13.050715343915341,175,0.074575516250944801
Sejong Weir,2019-08-11,1,20190811T021611_20190811T022620_T52SCF,S2A_MSIL2A_20190811T021611_N0213_R003_T52SCF_20190811T062028,52SCF,2019-08-11T02:27:30.647000+00:00,0.16616476770452079,181,30.075822954518262,181,0.16616476770452079,0.052413227513227502,181,9.4867941798941775,181,0.052413227513227502
Sejong Weir,2019-08-26,1,20190826T021609_20190826T021607_T52SCF,S2B_MSIL2A_20190826T021609_N0213_R003_T52SCF_20190826T045559,52SCF,2019-08-26T02:27:31.494000+00:00,0.19870766452079311,181,35.966087278263551,181,0.19870766452079311,0.056324797567891501,181,10.194788359788362,181,0.056324797567891501
Sejong Weir,2019-09-15,1,20190915T021609_20190915T022124_T52SCF,S2B_MSIL2A_20190915T021609_N0213_R003_T52SCF_20190915T054932,52SCF,2019-09-15T02:27:26.929000+00:00,0.13985383731801029,181,25.313544554559861,181,0.13985383731801029,0.046075304744365497,181,8.3396301587301558,181,0.046075304744365504
Sejong Weir,2019-09-30,1,20190930T021601_20190930T021604_T52SCF,S2A_MSIL2A_20190930T021601_N0500_R003_T52SCF_20230707T024625,52SCF,2019-09-30T02:27:28.496000+00:00,0.1493177550506119,181,27.026513664160753,181,0.1493177550506119,0.035821184483615397,181,6.4836343915343866,181,0.035821184483615397
Sejong Weir,2019-10-15,1,20191015T021639_20191015T021642_T52SCF,S2B_MSIL2A_20191015T021639_N0213_R003_T52SCF_20191015T045544,52SCF,2019-10-15T02:27:28.151000+00:00,0.1170628978985041,181,21.188384519629242,181,0.1170628978985041,0.030034245374024299,181,5.4361984126983982,181,0.030034245374024299
Sejong Weir,2019-10-20,1,20191020T021721_20191020T021716_T52SCF,S2A_MSIL2A_20191020T021721_N0213_R003_T52SCF_20191020T052106,52SCF,2019-10-20T02:27:30.154000+00:00,0.099549781006500096,181,18.018510362176517,181,0.099549781006500096,0.024419220088280801,181,4.4198788359788246,181,0.024419220088280798
Sejong Weir,2019-10-30,1,20191030T021821_20191030T021819_T52SCF,S2A_MSIL2A_20191030T021821_N0500_R003_T52SCF_20230709T010057,52SCF,2019-10-30T02:27:30.164000+00:00,0.094752440647548702,181,17.150191757206315,181,0.094752440647548702,0.014269084159139399,181,2.5827042328042311,181,0.014269084159139399
Sejong Weir,2020-05-07,1,20200507T021611_20200507T021607_T52SCF,S2A_MSIL2A_20200507T021611_N0214_R003_T52SCF_20200507T052627,52SCF,2020-05-07T02:27:30.952000+00:00,0.1040849194466803,44,4.5797364556539328,44,0.10408491944668029,0.034942135642135601,44,1.5374539682539665,44,0.034942135642135601
Sejong Weir,2020-05-12,1,20200512T021559_20200512T021601_T52SCF,S2B_MSIL2A_20200512T021559_N0214_R003_T52SCF_20200512T050014,52SCF,2020-05-12T02:27:25.623000+00:00,0.070035868068161505,179,12.536420384200909,179,0.070035868068161505,0.073944376459460198,179,13.236043386243376,179,0.073944376459460198
Sejong Weir,2020-06-01,1,20200601T021609_20200601T021604_T52SCF,S2B_MSIL2A_20200601T021609_N0214_R003_T52SCF_20200601T050555,52SCF,2020-06-01T02:27:28.534000+00:00,0.087151254799939501,181,15.774377118789049,181,0.087151254799939501,0.0479685959835131,181,8.6823158730158703,181,0.047968595983513093
Sejong Weir,2020-06-06,1,20200606T021611_20200606T021609_T52SCF,S2A_MSIL2A_20200606T021611_N0214_R003_T52SCF_20200606T052013,52SCF,2020-06-06T02:27:33.246000+00:00,0.1105016605657292,142,15.691235800333546,142,0.1105016605657292,0.0372166778448468,142,5.2847682539682452,142,0.0372166778448468
Sejong Weir,2020-06-16,1,20200616T021611_20200616T021609_T52SCF,S2A_MSIL2A_20200616T021611_N0214_R003_T52SCF_20200616T053533,52SCF,2020-06-16T02:27:33.032000+00:00,0.088080857254699899,181,15.942635163100682,181,0.088080857254699899,0.050496398608553199,181,9.1398481481481291,181,0.050496398608553199
Sejong Weir,2020-06-21,1,20200621T021609_20200621T021605_T52SCF,S2B_MSIL2A_20200621T021609_N0214_R003_T52SCF_20200621T050033,52SCF,2020-06-21T02:27:29.493000+00:00,0.1284176242157328,181,23.243589983047638,181,0.1284176242157328,0.043296571077786498,181,7.8366793650793563,181,0.043296571077786498
Sejong Weir,2020-07-21,1,20200721T021609_20200721T021604_T52SCF,S2B_MSIL2A_20200721T021609_N0214_R003_T52SCF_20200721T045342,52SCF,2020-07-21T02:27:28.732000+00:00,0.098230935732524796,181,17.779799367586989,181,0.098230935732524796,0.055393212312549303,181,10.026171428571423,181,0.055393212312549303
Sejong Weir,2020-08-20,1,20200820T021609_20200820T021606_T52SCF,S2B_MSIL2A_20200820T021609_N0214_R003_T52SCF_20200820T045434,52SCF,2020-08-20T02:27:30.482000+00:00,0.12669333609145289,181,22.931493832552974,181,0.12669333609145289,0.067846727469379295,181,12.280257671957653,181,0.067846727469379295
Sejong Weir,2020-08-25,1,20200825T021611_20200825T021608_T52SCF,S2A_MSIL2A_20200825T021611_N0214_R003_T52SCF_20200825T053321,52SCF,2020-08-25T02:27:32.350000+00:00,0.094237393599932398,181,17.056968241587764,181,0.094237393599932398,0.027445438334941001,181,4.9676243386243213,181,0.027445438334941001
Sejong Weir,2020-09-04,1,20200904T021611_20200904T021607_T52SCF,S2A_MSIL2A_20200904T021611_N0214_R003_T52SCF_20200904T052050,52SCF,2020-09-04T02:27:31.467000+00:00,0.0112233118756376,109,1.2233409944444984,109,0.0112233118756376,0.0206296927333624,109,2.2486365079365016,109,0.0206296927333624
Sejong Weir,2020-09-14,1,20200914T021611_20200914T021607_T52SCF,S2A_MSIL2A_20200914T021611_N0214_R003_T52SCF_20200914T052323,52SCF,2020-09-14T02:27:31.077000+00:00,0.0298500706490251,126,3.7611089017771628,126,0.0298500706490251,0.015683555891492399,126,1.9761280423280423,126,0.015683555891492399
Sejong Weir,2020-09-24,1,20200924T021611_20200924T021608_T52SCF,S2A_MSIL2A_20200924T021611_N0214_R003_T52SCF_20200924T053235,52SCF,2020-09-24T02:27:32.145000+00:00,0.1074388367183063,180,19.338990609295134,180,0.1074388367183063,0.042724485596707697,180,7.6904074074073856,180,0.042724485596707697
Sejong Weir,2020-10-09,1,20201009T021609_20201009T021609_T52SCF,S2B_MSIL2A_20201009T021609_N0214_R003_T52SCF_20201009T045242,52SCF,2020-10-09T02:27:30.606000+00:00,0.1132769330257527,181,20.503124877661239,181,0.1132769330257527,0.026976336636557598,181,4.8827169312169252,181,0.026976336636557598
Sejong Weir,2020-10-19,1,20201019T021719_20201019T022536_T52SCF,S2B_MSIL2A_20201019T021719_N0214_R003_T52SCF_20201019T045725,52SCF,2020-10-19T02:27:30.634000+00:00,0.095583334780209597,181,17.300583595217937,181,0.095583334780209597,0.029303209681662699,181,5.3038809523809487,181,0.029303209681662699
Sejong Weir,2020-10-24,1,20201024T021751_20201024T022447_T52SCF,S2A_MSIL2A_20201024T021751_N0500_R003_T52SCF_20230427T115410,52SCF,2020-10-24T02:27:32.261000+00:00,0.017591997475807999,181,3.1841515431212479,181,0.017591997475807999,0.0085202665965096007,181,1.5421682539682378,181,0.0085202665965096007
Sejong Weir,2021-05-02,2,20210502T021601_20210502T021601_T52SCF|20210502T021601_20210502T022719_T52SCF,S2A_MSIL2A_20210502T021601_N0300_R003_T52SCF_20210502T051124|S2A_MSIL2A_20210502T021601_N0300_R003_T52SCF_20210502T041531,52SCF|52SCF,2021-05-02T02:27:21.705000+00:00|2021-05-02T02:27:28.195000+00:00,0.127014611479635|0.10147911724902089,29|180,21.949664837733174,209,0.10502231979776638,0.016438423645320201|0.0465385508524397,29|180,8.8536534391534314,209,0.042361978177767615
Sejong Weir,2021-05-22,1,20210522T021601_20210522T022207_T52SCF,S2A_MSIL2A_20210522T021601_N0500_R003_T52SCF_20230224T233603,52SCF,2021-05-22T02:27:27.417000+00:00,0.066560272849365498,181,12.047409385735156,181,0.066560272849365498,0.0221576222631471,181,4.0105296296296249,181,0.0221576222631471
Sejong Weir,2021-06-21,1,20210621T021601_20210621T022255_T52SCF,S2A_MSIL2A_20210621T021601_N0300_R003_T52SCF_20210621T050048,52SCF,2021-06-21T02:27:27.664000+00:00,0.12939923628368469,181,23.421261767346927,181,0.12939923628368469,0.045157095825984699,180,8.1282772486772465,180,0.045157095825984706
Sejong Weir,2021-07-26,1,20210726T021609_20210726T021605_T52SCF,S2B_MSIL2A_20210726T021609_N0301_R003_T52SCF_20210726T043052,52SCF,2021-07-26T02:27:28.907000+00:00,0.21013651898111749,181,38.034709935582264,181,0.21013651898111749,0.048965435996375199,181,8.8627439153439109,181,0.048965435996375199
Sejong Weir,2021-07-31,1,20210731T021611_20210731T022724_T52SCF,S2A_MSIL2A_20210731T021611_N0301_R003_T52SCF_20210731T041630,52SCF,2021-07-31T02:27:33.384000+00:00,0.13226051915386569,48,6.3485049193855527,48,0.13226051915386569,0.093643430335096894,48,4.4948846560846505,48,0.093643430335096881
Sejong Weir,2021-08-05,1,20210805T021609_20210805T021604_T52SCF,S2B_MSIL2A_20210805T021609_N0301_R003_T52SCF_20210805T043604,52SCF,2021-08-05T02:27:28.214000+00:00,0.21070688311121971,181,38.137945843130765,181,0.21070688311121971,0.060084667777485397,181,10.875324867724856,181,0.060084667777485397
Sejong Weir,2021-08-15,1,20210815T021609_20210815T022417_T52SCF,S2B_MSIL2A_20210815T021609_N0301_R003_T52SCF_20210815T045832,52SCF,2021-08-15T02:27:27.025000+00:00,0.24197916692821231,181,43.798229214006426,181,0.24197916692821231,0.065264442105878506,181,11.81286402116401,181,0.065264442105878506
Sejong Weir,2021-09-19,1,20210919T021611_20210919T022209_T52SCF,S2A_MSIL2A_20210919T021611_N0301_R003_T52SCF_20210919T051646,52SCF,2021-09-19T02:27:29.250000+00:00,0.11899701475663529,181,21.538459670950989,181,0.11899701475663529,0.022577152211406298,181,4.08646455026454,181,0.022577152211406298
Sejong Weir,2021-10-09,1,20211009T021611_20211009T022726_T52SCF,S2A_MSIL2A_20211009T021611_N0301_R003_T52SCF_20211009T042046,52SCF,2021-10-09T02:27:35.367000+00:00,0.075809394095224594,181,13.721500331235651,181,0.075809394095224594,0.029932693150925099,181,5.4178174603174432,181,0.029932693150925099
Sejong Weir,2021-10-14,1,20211014T021639_20211014T021639_T52SCF,S2B_MSIL2A_20211014T021639_N0301_R003_T52SCF_20211014T044840,52SCF,2021-10-14T02:27:28.156000+00:00,0.020456188910402299,127,2.597935991621092,127,0.020456188910402299,0.017732025163521199,127,2.2519671957671923,127,0.017732025163521199
Sejong Weir,2021-10-24,1,20211024T021749_20211024T021743_T52SCF,S2B_MSIL2A_20211024T021749_N0301_R003_T52SCF_20211024T044140,52SCF,2021-10-24T02:27:28.506000+00:00,0.074839332024289398,181,13.54591909639638,181,0.074839332024289398,0.019773346195445601,181,3.578975661375654,181,0.019773346195445601
Sejong Weir,2021-10-29,1,20211029T021821_20211029T021817_T52SCF,S2A_MSIL2A_20211029T021821_N0301_R003_T52SCF_20211029T050825,52SCF,2021-10-29T02:27:31.689000+00:00,0.1326677169621652,104,13.797442564065181,104,0.1326677169621652,0.0176276776082601,103,1.8156507936507902,103,0.0176276776082601
Sejong Weir,2022-05-17,1,20220517T021611_20220517T022234_T52SCF,S2A_MSIL2A_20220517T021611_N0400_R003_T52SCF_20220517T055107,52SCF,2022-05-17T02:27:32.099000+00:00,0.1033985030122079,181,18.715129045209629,181,0.10339850301220789,0.025783632962085998,181,4.6668375661375654,181,0.025783632962085995
Sejong Weir,2022-05-22,1,20220522T021609_20220522T022240_T52SCF,S2B_MSIL2A_20220522T021609_N0510_R003_T52SCF_20240614T102159,52SCF,2022-05-22T02:27:27.066000+00:00,0.1028153016452359,181,18.609569597787697,181,0.10281530164523589,0.0101507088777807,181,1.8372783068783067,181,0.0101507088777807
Sejong Weir,2022-05-27,1,20220527T021611_20220527T022236_T52SCF,S2A_MSIL2A_20220527T021611_N0400_R003_T52SCF_20220527T054614,52SCF,2022-05-27T02:27:34.401000+00:00,0.082041958700513104,181,14.849594524792872,181,0.082041958700513104,0.0200849074804876,181,3.6353682539682555,181,0.0200849074804876
Sejong Weir,2022-06-01,1,20220601T021559_20220601T022239_T52SCF,S2B_MSIL2A_20220601T021559_N0400_R003_T52SCF_20220601T044554,52SCF,2022-06-01T02:27:26.717000+00:00,0.1168569906077172,181,21.151115299996814,181,0.1168569906077172,0.0298139115437458,181,5.39631798941799,181,0.0298139115437458
Sejong Weir,2022-06-11,1,20220611T021539_20220611T022211_T52SCF,S2B_MSIL2A_20220611T021539_N0400_R003_T52SCF_20220611T045008,52SCF,2022-06-11T02:27:29.423000+00:00,0.1142252345182579,181,20.67476744780468,181,0.1142252345182579,0.016818848840948201,181,3.0442116402116244,181,0.016818848840948201
Sejong Weir,2022-06-21,1,20220621T021539_20220621T022216_T52SCF,S2B_MSIL2A_20220621T021539_N0400_R003_T52SCF_20220621T045243,52SCF,2022-06-21T02:27:31.494000+00:00,0.13040288107123069,181,23.602921473892753,181,0.13040288107123069,0.0629478529042065,181,11.393561375661376,181,0.0629478529042065
Sejong Weir,2022-09-09,1,20220909T021539_20220909T022159_T52SCF,S2B_MSIL2A_20220909T021539_N0400_R003_T52SCF_20220909T043406,52SCF,2022-09-09T02:27:28.862000+00:00,0.016168089957335499,181,2.9264242822777256,181,0.016168089957335499,0.017970346984711599,181,3.2526328042327992,181,0.017970346984711599
Sejong Weir,2022-09-24,1,20220924T021541_20220924T022204_T52SCF,S2A_MSIL2A_20220924T021541_N0400_R003_T52SCF_20220924T054059,52SCF,2022-09-24T02:27:33.971000+00:00,0.089291772473947803,181,16.161810817784552,181,0.089291772473947803,0.023886296003975498,181,4.3234195767195649,181,0.023886296003975498
Sejong Weir,2022-09-29,1,20220929T021529_20220929T022606_T52SCF,S2B_MSIL2A_20220929T021529_N0400_R003_T52SCF_20220929T051901,52SCF,2022-09-29T02:27:26.747000+00:00,0.073649252371591298,181,13.330514679258025,181,0.073649252371591298,0.0230970446373761,181,4.1805650793650742,181,0.0230970446373761
Sejong Weir,2022-10-19,1,20221019T021709_20221019T022253_T52SCF,S2B_MSIL2A_20221019T021709_N0400_R003_T52SCF_20221019T043130,52SCF,2022-10-19T02:27:26.351000+00:00,0.063993186076009595,181,11.582766679757738,181,0.063993186076009595,0.019025230202578201,181,3.4435666666666545,181,0.019025230202578201
Sejong Weir,2022-10-24,1,20221024T021741_20221024T022408_T52SCF,S2A_MSIL2A_20221024T021741_N0400_R003_T52SCF_20221024T053657,52SCF,2022-10-24T02:27:29.413000+00:00,0.080500470805328697,181,14.570585215764494,181,0.080500470805328697,0.018431275395363701,181,3.3360608465608297,181,0.018431275395363701
Sejong Weir,2022-10-29,1,20221029T021809_20221029T022341_T52SCF,S2B_MSIL2A_20221029T021809_N0400_R003_T52SCF_20221029T075219,52SCF,2022-10-29T02:27:25.783000+00:00,0.075036277000080698,181,13.581566137014606,181,0.075036277000080698,0.017097734514309001,181,3.0946899470899294,181,0.017097734514309001
Sejong Weir,2023-06-06,1,20230606T021539_20230606T022202_T52SCF,S2B_MSIL2A_20230606T021539_N0509_R003_T52SCF_20230606T043948,52SCF,2023-06-06T02:27:31.516000+00:00,0.079855297806513001,181,14.453808902978853,181,0.079855297806513001,0.030988087930076801,181,5.6088439153439014,181,0.030988087930076805
Sejong Weir,2023-06-16,1,20230616T021539_20230616T022203_T52SCF,S2B_MSIL2A_20230616T021539_N0509_R003_T52SCF_20230616T043833,52SCF,2023-06-16T02:27:31.851000+00:00,0.13051749379370331,181,23.623666376660299,181,0.13051749379370331,0.025539226519336999,181,4.6225999999999967,181,0.025539226519336999
Sejong Weir,2023-07-21,1,20230721T021541_20230721T022311_T52SCF,S2A_MSIL2A_20230721T021541_N0509_R003_T52SCF_20230721T070259,52SCF,2023-07-21T02:27:30.889000+00:00,0.016521193553252701,181,2.990336033138739,181,0.016521193553252701,0.013635990528808199,181,2.4681142857142842,181,0.013635990528808199
Sejong Weir,2023-08-05,1,20230805T021539_20230805T022202_T52SCF,S2B_MSIL2A_20230805T021539_N0509_R003_T52SCF_20230805T044141,52SCF,2023-08-05T02:27:31.771000+00:00,0.094145683665846205,181,17.040368743518162,181,0.094145683665846192,0.0711926773656055,181,12.885874603174596,181,0.0711926773656055
Sejong Weir,2023-08-15,1,20230815T021539_20230815T021939_T52SCF,S2B_MSIL2A_20230815T021539_N0509_R003_T52SCF_20230815T052653,52SCF,2023-08-15T02:27:32.521000+00:00,0.055772349306997301,181,10.094795224566511,181,0.055772349306997294,0.049497477272062898,181,8.9590433862433851,181,0.049497477272062898
Sejong Weir,2023-09-09,1,20230909T021541_20230909T022102_T52SCF,S2A_MSIL2A_20230909T021541_N0509_R003_T52SCF_20230909T072557,52SCF,2023-09-09T02:27:32.097000+00:00,0.1249608685689505,181,22.617917210980039,181,0.12496086856895049,0.034173553743166898,181,6.1854132275132088,181,0.034173553743166898
Sejong Weir,2023-09-24,1,20230924T021539_20230924T022642_T52SCF,S2B_MSIL2A_20230924T021539_N0509_R003_T52SCF_20230924T053147,52SCF,2023-09-24T02:27:30.436000+00:00,0.0099980548107344008,181,1.8096479207429266,181,0.0099980548107344008,0.022461352275716901,181,4.0655047619047595,181,0.022461352275716905
Sejong Weir,2023-10-29,1,20231029T021811_20231029T022436_T52SCF,S2A_MSIL2A_20231029T021811_N0509_R003_T52SCF_20231029T052155,52SCF,2023-10-29T02:27:26.658000+00:00,0.099152454382816793,181,17.946594243289841,181,0.099152454382816807,0.0226463883773276,181,4.0989962962962956,181,0.0226463883773276
Sejong Weir,2024-05-16,1,20240516T021611_20240516T022028_T52SCF,S2A_MSIL2A_20240516T021611_N0510_R003_T52SCF_20240516T074100,52SCF,2024-05-16T02:27:29.562000+00:00,0.027653562670338701,181,5.0052948433313045,181,0.027653562670338697,0.0190879154608436,181,3.4549126984126914,181,0.0190879154608436
Sejong Weir,2024-05-31,1,20240531T021529_20240531T021532_T52SCF,S2B_MSIL2A_20240531T021529_N0510_R003_T52SCF_20240531T042042,52SCF,2024-05-31T02:27:27.331000+00:00,0.055495692705101698,97,5.3830821923948644,97,0.055495692705101692,0.021121873124965902,97,2.0488216931216923,97,0.021121873124965898
Sejong Weir,2024-06-10,1,20240610T021539_20240610T021535_T52SCF,S2B_MSIL2A_20240610T021539_N0510_R003_T52SCF_20240610T042021,52SCF,2024-06-10T02:27:30.105000+00:00,0.094400909042612793,181,17.086564536712917,181,0.094400909042612807,0.023565383378643001,181,4.2653343915343829,181,0.023565383378642998
Sejong Weir,2024-08-14,1,20240814T021601_20240814T022230_T52SCF,S2A_MSIL2A_20240814T021601_N0511_R003_T52SCF_20240814T052653,52SCF,2024-08-14T02:27:28.344000+00:00,0.15224491746128191,181,27.556330060492026,181,0.15224491746128191,0.043294822999795299,181,7.8363629629629488,181,0.043294822999795299
Sejong Weir,2024-08-19,1,20240819T021539_20240819T022637_T52SCF,S2B_MSIL2A_20240819T021539_N0511_R003_T52SCF_20240819T042921,52SCF,2024-08-19T02:27:28.694000+00:00,0.1224981421779401,164,20.089695317182176,164,0.1224981421779401,0.044612182217060203,164,7.3163978835978734,164,0.044612182217060203
Sejong Weir,2024-08-29,1,20240829T021539_20240829T022214_T52SCF,S2B_MSIL2A_20240829T021539_N0511_R003_T52SCF_20240829T043313,52SCF,2024-08-29T02:27:29.125000+00:00,0.090260191549044994,181,16.337094670377144,181,0.090260191549044994,0.0300915665468151,181,5.4465735449735329,181,0.0300915665468151
Sejong Weir,2024-09-03,1,20240903T021601_20240903T022601_T52SCF,S2A_MSIL2A_20240903T021601_N0511_R003_T52SCF_20240903T072445,52SCF,2024-09-03T02:27:26.836000+00:00,0.1105103963500821,181,20.002381739364861,181,0.1105103963500821,0.080301236516706107,181,14.534523809523805,181,0.080301236516706107
Sejong Weir,2024-09-08,1,20240908T021539_20240908T022403_T52SCF,S2B_MSIL2A_20240908T021539_N0511_R003_T52SCF_20240908T043148,52SCF,2024-09-08T02:27:29.324000+00:00,0.15785047460847079,181,28.570935904133215,181,0.15785047460847079,0.039141375076734097,181,7.0845888888888719,181,0.039141375076734097
Sejong Weir,2024-09-23,1,20240923T021531_20240923T022308_T52SCF,S2A_MSIL2A_20240923T021531_N0511_R003_T52SCF_20240923T053200,52SCF,2024-09-23T02:27:28.510000+00:00,-0.037004307482279099,181,-6.6977796542925168,181,-0.037004307482279099,0.012417583092168699,181,2.2475825396825346,181,0.012417583092168699
Sejong Weir,2025-06-05,1,20250605T021529_20250605T022440_T52SCF,S2B_MSIL2A_20250605T021529_N0511_R003_T52SCF_20250605T041606,52SCF,2025-06-05T02:27:27.102000+00:00,0.13992362224186,181,25.32617562577666,181,0.13992362224186,0.040705530708293101,181,7.3677010582010514,181,0.040705530708293101
Sejong Weir,2025-06-15,1,20250615T021529_20250615T021530_T52SCF,S2B_MSIL2A_20250615T021529_N0511_R003_T52SCF_20250615T035315,52SCF,2025-06-15T02:27:25.795000+00:00,0.094873607511729005,175,16.602881314552576,175,0.094873607511729005,0.033944284202569897,175,5.9402497354497319,175,0.033944284202569897
Sejong Weir,2025-07-10,1,20250710T021631_20250710T022524_T52SCF,S2C_MSIL2A_20250710T021631_N0511_R003_T52SCF_20250710T055619,52SCF,2025-07-10T02:27:50+00:00,0.11149609014058939,163,18.173862692916071,163,0.11149609014058939,0.143354721329568,163,23.366819576719585,163,0.143354721329568
Sejong Weir,2025-07-25,1,20250725T021539_20250725T022319_T52SCF,S2B_MSIL2A_20250725T021539_N0511_R003_T52SCF_20250725T041758,52SCF,2025-07-25T02:27:28.870000+00:00,0.082497141202789906,181,14.931982557704973,181,0.082497141202789906,0.0132556812534713,181,2.3992783068783052,181,0.0132556812534713
Sejong Weir,2025-08-01,1,20250801T022131_20250801T022131_T52SCF,S2A_MSIL2A_20250801T022131_N0511_R003_T52SCF_20250801T071659,52SCF,2025-08-01T02:27:44.418000+00:00,0.081944920601722093,178,14.586195867106532,178,0.081944920601722093,0.0173610011295404,178,3.0902582010581914,178,0.0173610011295404
Sejong Weir,2025-09-03,1,20250903T021529_20250903T022208_T52SCF,S2B_MSIL2A_20250903T021529_N0511_R003_T52SCF_20250903T041538,52SCF,2025-09-03T02:27:26.612000+00:00,0.069884560122440598,181,12.649105382161748,181,0.069884560122440598,0.023162100616796698,181,4.192340211640202,181,0.023162100616796695
Sejong Weir,2025-10-28,1,20251028T021821_20251028T022504_T52SCF,S2C_MSIL2A_20251028T021821_N0511_R003_T52SCF_20251028T054320,52SCF,2025-10-28T02:27:39.911000+00:00,-0.011461682305672001,181,-2.074564497326632,181,-0.011461682305671999,0.010317249846531601,181,1.8674222222222197,181,0.010317249846531601
Seungchon Weir,2017-05-03,2,20170503T021611_20170503T022350_T52SBD|20170503T021611_20170503T022350_T52SCD,S2A_MSIL2A_20170503T021611_N0500_R003_T52SBD_20230925T151324|S2A_MSIL2A_20170503T021611_N0500_R003_T52SCD_20230925T151324,52SBD|52SCD,2017-05-03T02:28:01.683000+00:00|2017-05-03T02:27:57.628000+00:00,0.1342910846580096|0.098844691478715205,1431|1431,333.61729565165319,2862,0.11656788806836241,0.0063241599774214001|0.0067684839532546996,1431|1431,18.735573464797497,2862,0.006546321965338049
Seungchon Weir,2017-07-27,1,20170727T021559_20170727T022347_T52SCD,S2B_MSIL2A_20170727T021559_N0500_R003_T52SCD_20230919T203258,52SCD,2017-07-27T02:27:55.143000+00:00,0.26931895778567261,1431,385.3954285912975,1431,0.26931895778567261,0.093248396566499595,1431,133.43845548666093,1431,0.093248396566499595
Seungchon Weir,2017-10-30,2,20171030T021821_20171030T022623_T52SBD|20171030T021821_20171030T022623_T52SCD,S2A_MSIL2A_20171030T021821_N0500_R003_T52SBD_20230911T092126|S2A_MSIL2A_20171030T021821_N0500_R003_T52SCD_20230911T092126,52SBD|52SCD,2017-10-30T02:27:58.706000+00:00|2017-10-30T02:27:54.653000+00:00,0.23950918317799449|0.21915933296017509,1431|1431,656.35464659372064,2862,0.22933425806908478,0.0047523956291444002|0.0041057194863808001,1431|1431,12.675962730316561,2862,0.0044290575577626001
Seungchon Weir,2018-09-30,1,20180930T021559_20180930T022252_T52SCD,S2B_MSIL2A_20180930T021559_N0500_R003_T52SCD_20230710T002044,52SCD,2018-09-30T02:27:50.010000+00:00,0.094096649536966601,1431,134.65230548739922,1431,0.094096649536966614,0.0099716263843694,1431,14.269397356032611,1431,0.0099716263843694
Seungchon Weir,2018-10-15,1,20181015T021641_20181015T022428_T52SCD,S2A_MSIL2A_20181015T021641_N0500_R003_T52SCD_20230710T053551,52SCD,2018-10-15T02:27:52.380000+00:00,0.078016986446117195,1388,108.28757718721067,1388,0.078016986446117195,0.0068355929713979999,1388,9.4878030443004242,1388,0.0068355929713979999
Seungchon Weir,2018-10-20,1,20181020T021709_20181020T022232_T52SCD,S2B_MSIL2A_20181020T021709_N0510_R003_T52SCD_20250531T231417,52SCD,2018-10-20T02:27:52.546000+00:00,0.081247669161420802,1431,116.26541456999317,1431,0.081247669161420802,0.0057247461404961999,1431,8.1921117270500616,1431,0.0057247461404961999
Seungchon Weir,2018-10-30,1,20181030T021819_20181030T022432_T52SCD,S2B_MSIL2A_20181030T021819_N0500_R003_T52SCD_20230707T113406,52SCD,2018-10-30T02:27:52.979000+00:00,0.073183150805466696,1431,104.72508880262284,1431,0.073183150805466696,-0.00018422453012720001,1431,-0.26362530261202322,1431,-0.00018422453012720001
Seungchon Weir,2019-05-03,2,20190503T021611_20190503T021607_T52SBD|20190503T021611_20190503T021607_T52SCD,S2A_MSIL2A_20190503T021611_N0500_R003_T52SBD_20221205T094439|S2A_MSIL2A_20190503T021611_N0500_R003_T52SCD_20221205T094439,52SBD|52SCD,2019-05-03T02:28:03.358000+00:00|2019-05-03T02:27:59.314000+00:00,0.048269117329418798|0.042818383097869998,1431|1431,130.34621311145025,2862,0.045543750213644395,-0.00025093611124430001|0.0024821736286758998,1431|1431,3.1929008874446194,2862,0.0011156187587157999
Seungchon Weir,2019-05-13,1,20190513T021611_20190513T022523_T52SCD,S2A_MSIL2A_20190513T021611_N0212_R003_T52SCD_20190513T043207,52SCD,2019-05-13T02:27:59+00:00,0.084759856556591004,1431,121.29135473248172,1431,0.084759856556591004,0.0088606348897331006,1430,12.670707892318333,1430,0.0088606348897331006
Seungchon Weir,2019-05-23,2,20190523T021611_20190523T022746_T52SBD|20190523T021611_20190523T022746_T52SCD,S2A_MSIL2A_20190523T021611_N0500_R003_T52SBD_20230618T033929|S2A_MSIL2A_20190523T021611_N0212_R003_T52SCD_20190523T062520,52SBD|52SCD,2019-05-23T02:28:02.927000+00:00|2019-05-23T02:27:59.029000+00:00,0.064151044887431896|0.056618594039967399,1431|1431,172.8213533051084,2862,0.060384819463699654,0.0103304787348758|0.012991213773586099,1431|1431,33.373341979608981,2862,0.011660846254230951
Seungchon Weir,2019-06-12,2,20190612T021611_20190612T022608_T52SBD|20190612T021611_20190612T022608_T52SCD,S2A_MSIL2A_20190612T021611_N0212_R003_T52SBD_20190612T043019|S2A_MSIL2A_20190612T021611_N0212_R003_T52SCD_20190612T043019,52SBD|52SCD,2019-06-12T02:28:02+00:00|2019-06-12T02:27:58+00:00,0.063255565230501104|0.056272575760573901,1388|1388,165.90505969561212,2776,0.059764070495537509,0.051745698221215497|0.0465900182460732,1388|1388,136.48997445659671,2776,0.049167858233644349
Seungchon Weir,2019-06-17,1,20190617T021609_20190617T022127_T52SBD,S2B_MSIL2A_20190617T021609_N0212_R003_T52SBD_20190617T055313,52SBD,2019-06-17T02:28:07+00:00,0.092215935383578307,1157,106.6938372388001,1157,0.092215935383578307,0.061770705889852999,1157,71.468706714559914,1157,0.061770705889852992
Seungchon Weir,2019-08-01,2,20190801T021611_20190801T021608_T52SBD|20190801T021611_20190801T021608_T52SCD,S2A_MSIL2A_20190801T021611_N0213_R003_T52SBD_20190801T050256|S2A_MSIL2A_20190801T021611_N0213_R003_T52SCD_20190801T050256,52SBD|52SCD,2019-08-01T02:28:04.200000+00:00|2019-08-01T02:28:00.144000+00:00,0.14589607132020141|0.1330135998847308,1262|1262,351.98400506062444,2524,0.1394548356024661,0.039231596417935097|0.0393773393631031,1262|1262,99.204476955670202,2524,0.039304467890519099
Seungchon Weir,2019-10-10,2,20191010T021611_20191010T021609_T52SBD|20191010T021611_20191010T021609_T52SCD,S2A_MSIL2A_20191010T021611_N0213_R003_T52SBD_20191010T052518|S2A_MSIL2A_20191010T021611_N0500_R003_T52SCD_20230709T151506,52SBD|52SCD,2019-10-10T02:28:02.221000+00:00|2019-10-10T02:27:58.170000+00:00,-0.0030521268424258999|-0.0097187653863734999,1431|1431,-18.275146779411941,2862,-0.0063854461143997001,-0.0041702892068193999|-0.0027272956265779,1431|1431,-9.8704438965915351,2862,-0.0034487924166986495
Seungchon Weir,2019-10-20,2,20191020T021721_20191020T021716_T52SBD|20191020T021721_20191020T021716_T52SCD,S2A_MSIL2A_20191020T021721_N0213_R003_T52SBD_20191020T052106|S2A_MSIL2A_20191020T021721_N0213_R003_T52SCD_20191020T052106,52SBD|52SCD,2019-10-20T02:28:02.800000+00:00|2019-10-20T02:27:58.743000+00:00,0.070516585062011805|0.056404534619992598,1431|1431,181.62412226494831,2862,0.063460559841002212,0.00065418611854920004|0.0031934049097938999,1431|1431,5.5059027615589766,2862,0.0019237955141715502
Seungchon Weir,2019-10-25,1,20191025T021749_20191025T021745_T52SCD,S2B_MSIL2A_20191025T021749_N0213_R003_T52SCD_20191025T045600,52SCD,2019-10-25T02:27:56.574000+00:00,0.046297072104819099,1431,66.251110181996125,1431,0.046297072104819093,-0.0018775551369852,1431,-2.6867814010258213,1431,-0.0018775551369852
Seungchon Weir,2019-10-30,2,20191030T021821_20191030T021819_T52SBD|20191030T021821_20191030T021819_T52SCD,S2A_MSIL2A_20191030T021821_N0213_R003_T52SBD_20191030T053042|S2A_MSIL2A_20191030T021821_N0500_R003_T52SCD_20230709T010057,52SBD|52SCD,2019-10-30T02:28:02.806000+00:00|2019-10-30T02:27:58.751000+00:00,0.065242887098015304|0.053423359506725103,1431|1431,169.81139889138353,2862,0.059333123302370207,0.0017114407032097999|0.001943006274564,1431|1431,5.2295136251943077,2862,0.0018272234888868999
Seungchon Weir,2020-05-12,2,20200512T021559_20200512T021601_T52SBD|20200512T021559_20200512T021601_T52SCD,S2B_MSIL2A_20200512T021559_N0214_R003_T52SBD_20200512T050014|S2B_MSIL2A_20200512T021559_N0214_R003_T52SCD_20200512T050014,52SBD|52SCD,2020-05-12T02:27:58.258000+00:00|2020-05-12T02:27:54.223000+00:00,0.073373570076499306|0.065080915631524502,1431|1431,198.12836904818207,2862,0.069227242854011897,0.028420094087143299|0.0256955969039428,1431|1431,77.439553808244199,2862,0.027057845495543048
Seungchon Weir,2020-06-21,2,20200621T021609_20200621T021605_T52SBD|20200621T021609_20200621T021605_T52SCD,S2B_MSIL2A_20200621T021609_N0214_R003_T52SBD_20200621T050033|S2B_MSIL2A_20200621T021609_N0214_R003_T52SCD_20200621T050033,52SBD|52SCD,2020-06-21T02:28:02.125000+00:00|2020-06-21T02:27:58.086000+00:00,0.050738538701410998|0.0419322525646037,1431|1431,132.61190230166704,2862,0.046335395633007356,0.0069474042943486998|0.0082555225983849002,1431|1431,21.755388383501781,2862,0.0076014634463667996
Seungchon Weir,2020-06-26,2,20200626T021611_20200626T021608_T52SBD|20200626T021611_20200626T021608_T52SCD,S2A_MSIL2A_20200626T021611_N0214_R003_T52SBD_20200626T053706|S2A_MSIL2A_20200626T021611_N0214_R003_T52SCD_20200626T053706,52SBD|52SCD,2020-06-26T02:28:05.080000+00:00|2020-06-26T02:28:01.025000+00:00,0.054967865040847198|0.043444405767355601,641|641,63.082265588057993,1282,0.049206135404101396,0.042721190434918899|0.034038886825314203,641|641,49.20320952380942,1282,0.038380038630116554
Seungchon Weir,2020-07-01,1,20200701T021609_20200701T021605_T52SBD,S2B_MSIL2A_20200701T021609_N0214_R003_T52SBD_20200701T050148,52SBD,2020-07-01T02:28:01.906000+00:00,0.075276626537241806,160,12.044260245958689,160,0.075276626537241806,0.065323301761175706,160,10.451728281788114,160,0.065323301761175706
Seungchon Weir,2020-07-26,1,20200726T021611_20200726T021608_T52SCD,S2A_MSIL2A_20200726T021611_N0214_R003_T52SCD_20200726T054331,52SCD,2020-07-26T02:28:01.079000+00:00,0.062725774903010401,12,0.75270929883612481,12,0.062725774903010401,0.072828262786596099,12,0.87393915343915318,12,0.072828262786596099
Seungchon Weir,2020-08-15,2,20200815T021611_20200815T021609_T52SBD|20200815T021611_20200815T021609_T52SCD,S2A_MSIL2A_20200815T021611_N0214_R003_T52SBD_20200815T053707|S2A_MSIL2A_20200815T021611_N0214_R003_T52SCD_20200815T053707,52SBD|52SCD,2020-08-15T02:28:05.461000+00:00|2020-08-15T02:28:01.407000+00:00,0.0569133314982955|0.0576499712763048,1431|1431,163.94008627045304,2862,0.057281651387300153,0.045935136249045098|0.044677706500212702,1431|1431,129.66697797418792,2862,0.045306421374628904
Seungchon Weir,2020-08-20,2,20200820T021609_20200820T021606_T52SBD|20200820T021609_20200820T021606_T52SCD,S2B_MSIL2A_20200820T021609_N0214_R003_T52SBD_20200820T045434|S2B_MSIL2A_20200820T021609_N0214_R003_T52SCD_20200820T045434,52SBD|52SCD,2020-08-20T02:28:03.117000+00:00|2020-08-20T02:27:59.079000+00:00,0.1450809384698854|0.13260075609919719,1431|1431,397.36250492835723,2862,0.1388408472845413,0.0101786861683506|0.011211678351415399,1431|1431,30.609611627785142,2862,0.010695182259882998
Seungchon Weir,2020-08-30,2,20200830T021609_20200830T021606_T52SBD|20200830T021609_20200830T021606_T52SCD,S2B_MSIL2A_20200830T021609_N0214_R003_T52SBD_20200830T045746|S2B_MSIL2A_20200830T021609_N0214_R003_T52SCD_20200830T045746,52SBD|52SCD,2020-08-30T02:28:02.830000+00:00|2020-08-30T02:27:58.789000+00:00,0.029192414351822699|0.024808018627861101,1139|1139,61.506493163859851,2278,0.0270002164898419,-0.00070112626470319995|-0.0011531145937916001,1139|1139,-2.1119803378255773,2278,-0.00092712042924740002
Seungchon Weir,2020-09-04,2,20200904T021611_20200904T021607_T52SBD|20200904T021611_20200904T021607_T52SCD,S2A_MSIL2A_20200904T021611_N0214_R003_T52SBD_20200904T052050|S2A_MSIL2A_20200904T021611_N0214_R003_T52SCD_20200904T052050,52SBD|52SCD,2020-09-04T02:28:04.110000+00:00|2020-09-04T02:28:00.055000+00:00,0.0174626781346203|0.020517456332365101,1431|1431,54.349572422256109,2862,0.0189900672334927,-0.0096284144987306992|-0.0041467767287009004,1430|1431,-19.702670231955889,2861,-0.0068866376203970247
Seungchon Weir,2020-10-09,1,20201009T021609_20201009T021609_T52SCD,S2B_MSIL2A_20201009T021609_N0214_R003_T52SCD_20201009T045242,52SCD,2020-10-09T02:27:59.197000+00:00,0.081802663466906095,591,48.345374108941499,591,0.081802663466906095,0.1128513182489702,591,66.695129085141389,591,0.1128513182489702
Seungchon Weir,2020-10-24,2,20201024T021751_20201024T022447_T52SBD|20201024T021751_20201024T022447_T52SCD,S2A_MSIL2A_20201024T021751_N0214_R003_T52SBD_20201024T045915|S2A_MSIL2A_20201024T021751_N0500_R003_T52SCD_20230427T115410,52SBD|52SCD,2020-10-24T02:28:04.906000+00:00|2020-10-24T02:28:00.848000+00:00,0.049540808782373401|0.028346502566477,1431|1431,111.45674254020493,2862,0.038943655674425204,-0.0014826303387928|-0.00072786231919840004,1431|1431,-3.1632149935854073,2862,-0.0011052463289956001
Seungchon Weir,2021-05-02,1,20210502T021601_20210502T022719_T52SBD,S2A_MSIL2A_20210502T021601_N0300_R003_T52SBD_20210502T041531,52SBD,2021-05-02T02:27:57.448000+00:00,0.066716373094304698,820,54.707425937329852,820,0.066716373094304698,0.057904583817266701,820,47.481758730158695,820,0.057904583817266701
Seungchon Weir,2021-05-12,2,20210512T021601_20210512T022720_T52SBD|20210512T021601_20210512T022720_T52SCD,S2A_MSIL2A_20210512T021601_N0500_R003_T52SBD_20230208T164724|S2A_MSIL2A_20210512T021601_N0300_R003_T52SCD_20210512T041625,52SBD|52SCD,2021-05-12T02:27:59.070000+00:00|2021-05-12T02:27:55.024000+00:00,0.17778418814545999|0.1661749130097063,1431|1431,492.20547375304295,2862,0.17197955057758313,0.0160192031059271|0.0094603588429707994,1431|1428,36.432872072343983,2859,0.012743222130935285
Seungchon Weir,2021-05-22,2,20210522T021601_20210522T022207_T52SBD|20210522T021601_20210522T022207_T52SCD,S2A_MSIL2A_20210522T021601_N0500_R003_T52SBD_20230224T233603|S2A_MSIL2A_20210522T021601_N0300_R003_T52SCD_20210522T050033,52SBD|52SCD,2021-05-22T02:28:00.056000+00:00|2021-05-22T02:27:56.007000+00:00,0.0195541771111735|0.0257914662129873,1431|1431,64.889615596874108,2862,0.0226728216620804,0.0055518850420794002|0.0061275206066798999,1431|1431,16.713229483374558,2862,0.00583970282437965
Seungchon Weir,2021-06-01,1,20210601T021601_20210601T022722_T52SBD,S2A_MSIL2A_20210601T021601_N0500_R003_T52SBD_20230130T135723,52SBD,2021-06-01T02:28:00.413000+00:00,0.076032126805602299,265,20.148513603484609,265,0.076032126805602299,0.025821073001715301,265,6.8425843454545552,265,0.025821073001715301
Seungchon Weir,2021-06-06,2,20210606T021609_20210606T021604_T52SBD|20210606T021609_20210606T021604_T52SCD,S2B_MSIL2A_20210606T021609_N0300_R003_T52SBD_20210606T044406|S2B_MSIL2A_20210606T021609_N0300_R003_T52SCD_20210606T044406,52SBD|52SCD,2021-06-06T02:28:00.596000+00:00|2021-06-06T02:27:56.543000+00:00,0.083931016166665401|0.086272468153562501,1409|1409,239.81670940720113,2818,0.085101742160113958,0.031893469625482403|0.011782383975795599,1409|1409,61.539277724200709,2818,0.021837926800639004
Seungchon Weir,2021-07-01,2,20210701T021611_20210701T022723_T52SBD|20210701T021611_20210701T022723_T52SCD,S2A_MSIL2A_20210701T021611_N0301_R003_T52SBD_20210701T041642|S2A_MSIL2A_20210701T021611_N0301_R003_T52SCD_20210701T041642,52SBD|52SCD,2021-07-01T02:28:01.585000+00:00|2021-07-01T02:27:57.538000+00:00,0.11626737205357469|0.1049650326817704,1412|1412,312.38015548630727,2824,0.11061620236767254,0.032061037229073802|0.027069373259971399,1412|1412,83.492139610531837,2824,0.029565205244522604
Seungchon Weir,2021-07-16,2,20210716T021609_20210716T022506_T52SBD|20210716T021609_20210716T022506_T52SCD,S2B_MSIL2A_20210716T021609_N0301_R003_T52SBD_20210716T045806|S2B_MSIL2A_20210716T021609_N0301_R003_T52SCD_20210716T045806,52SBD|52SCD,2021-07-16T02:28:01.624000+00:00|2021-07-16T02:27:57.573000+00:00,0.13703768408563369|0.1353302306054463,1275|1275,347.26909123112699,2550,0.13618395734554001,0.0275098956719276|0.024534400752676901,1275|1275,66.356477941370741,2550,0.026022148212302251
Seungchon Weir,2021-07-21,1,20210721T021611_20210721T022210_T52SBD,S2A_MSIL2A_20210721T021611_N0301_R003_T52SBD_20210721T050130,52SBD,2021-07-21T02:28:02.957000+00:00,0.13577779435670961,1431,194.29802372445147,1431,0.13577779435670961,0.0022109286294215002,1406,3.1085656529666292,1406,0.0022109286294215002
Seungchon Weir,2021-07-31,1,20210731T021611_20210731T022724_T52SBD,S2A_MSIL2A_20210731T021611_N0301_R003_T52SBD_20210731T041630,52SBD,2021-07-31T02:28:02.826000+00:00,0.1818927086396924,1344,244.46380041174658,1344,0.1818927086396924,0.034630909177368101,1344,46.54394193438273,1344,0.034630909177368101
Seungchon Weir,2021-08-05,2,20210805T021609_20210805T021604_T52SBD|20210805T021609_20210805T021604_T52SCD,S2B_MSIL2A_20210805T021609_N0301_R003_T52SBD_20210805T043604|S2B_MSIL2A_20210805T021609_N0301_R003_T52SCD_20210805T043604,52SBD|52SCD,2021-08-05T02:28:00.857000+00:00|2021-08-05T02:27:56.807000+00:00,0.044914915681566997|0.0458695348707173,1431|1431,129.91254874031884,2862,0.045392225276142152,0.00030075142086829999|0.0034483356148155,1431|1431,5.3649435480635184,2862,0.0018745435178419002
Seungchon Weir,2021-08-10,2,20210810T021611_20210810T022723_T52SBD|20210810T021611_20210810T022723_T52SCD,S2A_MSIL2A_20210810T021611_N0301_R003_T52SBD_20210810T043028|S2A_MSIL2A_20210810T021611_N0301_R003_T52SCD_20210810T043028,52SBD|52SCD,2021-08-10T02:28:02.172000+00:00|2021-08-10T02:27:58.128000+00:00,0.1151367296584222|0.1101207757761228,892|892,200.92969484761414,1784,0.1126287527172725,0.0291444620235627|0.030272942974272899,892|892,53.000325258069353,1784,0.029708702498917799
Seungchon Weir,2021-08-20,2,20210820T021611_20210820T022256_T52SBD|20210820T021611_20210820T022256_T52SCD,S2A_MSIL2A_20210820T021611_N0301_R003_T52SBD_20210820T050022|S2A_MSIL2A_20210820T021611_N0301_R003_T52SCD_20210820T050022,52SBD|52SCD,2021-08-20T02:28:01.881000+00:00|2021-08-20T02:27:57.833000+00:00,0.0481357369852978|0.042551241044064797,1165|1165,105.65032940420743,2330,0.045343489014681299,0.0124191843969039|0.0101020587594358,1165|1163,26.217044159616879,2328,0.011261616907051923
Seungchon Weir,2021-09-19,2,20210919T021611_20210919T022209_T52SBD|20210919T021611_20210919T022209_T52SCD,S2A_MSIL2A_20210919T021611_N0301_R003_T52SBD_20210919T051646|S2A_MSIL2A_20210919T021611_N0301_R003_T52SCD_20210919T051646,52SBD|52SCD,2021-09-19T02:28:01.889000+00:00|2021-09-19T02:27:57.840000+00:00,0.14043001601123289|0.1295796481883566,1390|1390,375.31343323742942,2780,0.13500483209979475,0.046938403480505902|0.046178227346827597,1390|1390,129.43211684999358,2780,0.046558315413666757
Seungchon Weir,2021-09-24,1,20210924T021559_20210924T021601_T52SBD,S2B_MSIL2A_20210924T021559_N0301_R003_T52SBD_20210924T044840,52SBD,2021-09-24T02:27:57.576000+00:00,0.11711776942306951,1431,167.59552804441248,1431,0.11711776942306952,0.016275719864224499,1431,23.290555125705257,1431,0.016275719864224499
Seungchon Weir,2021-10-09,2,20211009T021611_20211009T022726_T52SBD|20211009T021611_20211009T022726_T52SCD,S2A_MSIL2A_20211009T021611_N0301_R003_T52SBD_20211009T042046|S2A_MSIL2A_20211009T021611_N0301_R003_T52SCD_20211009T042046,52SBD|52SCD,2021-10-09T02:28:04.792000+00:00|2021-10-09T02:28:00.735000+00:00,0.15373057131550291|0.13424260397731891,1431|1431,412.08961384402801,2862,0.1439865876464109,0.015454934679426|0.015519436276525401,1429|1431,44.2934149686076,2860,0.015487208030981678
Seungchon Weir,2021-10-19,2,20211019T021721_20211019T022407_T52SBD|20211019T021721_20211019T022407_T52SCD,S2A_MSIL2A_20211019T021721_N0301_R003_T52SBD_20211019T051640|S2A_MSIL2A_20211019T021721_N0500_R003_T52SCD_20230110T231131,52SBD|52SCD,2021-10-19T02:28:04.986000+00:00|2021-10-19T02:28:00.927000+00:00,0.098398501175000194|0.085052169720402901,1431|1431,262.51791005132179,2862,0.091725335447701534,0.0106733668058512|0.0140219933690044,1431|1431,35.339060410218366,2862,0.012347680087427801
Seungchon Weir,2021-10-29,2,20211029T021821_20211029T021817_T52SBD|20211029T021821_20211029T021817_T52SCD,S2A_MSIL2A_20211029T021821_N0301_R003_T52SBD_20211029T050825|S2A_MSIL2A_20211029T021821_N0301_R003_T52SCD_20211029T050825,52SBD|52SCD,2021-10-29T02:28:04.337000+00:00|2021-10-29T02:28:00.279000+00:00,0.12579762247562379|0.10778514295819761,359|359,83.856212790741878,718,0.1167913827169107,0.017903940256636702|0.016068400563122299,359|359,12.196070354293481,718,0.0169861704098795
Seungchon Weir,2022-05-02,2,20220502T021559_20220502T021557_T52SBD|20220502T021559_20220502T021557_T52SCD,S2B_MSIL2A_20220502T021559_N0400_R003_T52SBD_20220502T044228|S2B_MSIL2A_20220502T021559_N0400_R003_T52SCD_20220502T044228,52SBD|52SCD,2022-05-02T02:27:53.808000+00:00|2022-05-02T02:27:49.775000+00:00,0.211238084649852|0.1661659969966553,1431|1431,540.06524083615193,2862,0.18870204082325365,0.0057887163131061002|0.0076616903771558002,1431|1431,19.247531973764779,2862,0.0067252033451309498
Seungchon Weir,2022-05-17,2,20220517T021611_20220517T022234_T52SBD|20220517T021611_20220517T022234_T52SCD,S2A_MSIL2A_20220517T021611_N0400_R003_T52SBD_20220517T055107|S2A_MSIL2A_20220517T021611_N0400_R003_T52SCD_20220517T055107,52SBD|52SCD,2022-05-17T02:28:04.733000+00:00|2022-05-17T02:28:00.693000+00:00,0.200318517130428|0.13824479606917869,1431|1431,484.48410118863717,2862,0.16928165659980335,0.019865561227871101|0.025126248383567699,1431|1431,64.383279553968919,2862,0.022495904805719398
Seungchon Weir,2022-05-22,2,20220522T021609_20220522T022240_T52SBD|20220522T021609_20220522T022240_T52SCD,S2B_MSIL2A_20220522T021609_N0400_R003_T52SBD_20220522T050008|S2B_MSIL2A_20220522T021609_N0400_R003_T52SCD_20220522T050008,52SBD|52SCD,2022-05-22T02:27:59.634000+00:00|2022-05-22T02:27:55.581000+00:00,0.16284778468081151|0.1457500984529726,1431|1431,441.60357076444507,2862,0.15429894156689206,0.022459958009249301|0.024317876209103199,1431|1431,66.939080766462425,2862,0.02338891710917625
Seungchon Weir,2022-05-27,2,20220527T021611_20220527T022236_T52SBD|20220527T021611_20220527T022236_T52SCD,S2A_MSIL2A_20220527T021611_N0400_R003_T52SBD_20220527T054614|S2A_MSIL2A_20220527T021611_N0400_R003_T52SCD_20220527T054614,52SBD|52SCD,2022-05-27T02:28:07.039000+00:00|2022-05-27T02:28:02.990000+00:00,0.1193443647278816|0.107523433295799,1431|1431,324.64781897188698,2862,0.11343389901184031,0.019482782813410801|0.021600949828104399,1431|1431,58.790821410008249,2862,0.0205418663207576
Seungchon Weir,2022-06-11,1,20220611T021539_20220611T022746_T52SBD,S2B_MSIL2A_20220611T021539_N0400_R003_T52SBD_20220611T054009,52SBD,2022-06-11T02:28:02.066000+00:00,0.20506842298668931,1431,293.45291329395241,1431,0.20506842298668931,0.022197228666976099,1431,31.764234222442798,1431,0.022197228666976099
Seungchon Weir,2022-07-01,1,20220701T021539_20220701T022748_T52SBD,S2B_MSIL2A_20220701T021539_N0400_R003_T52SBD_20220701T052709,52SBD,2022-07-01T02:28:04.744000+00:00,0.1045042874487305,1431,149.54563533913336,1431,0.10450428744873051,0.036894371583548503,1431,52.795845736057906,1431,0.036894371583548503
Seungchon Weir,2022-09-09,2,20220909T021539_20220909T022735_T52SBD|20220909T021539_20220909T022735_T52SCD,S2B_MSIL2A_20220909T021539_N0400_R003_T52SBD_20220909T052749|S2B_MSIL2A_20220909T021539_N0400_R003_T52SCD_20220909T052749,52SBD|52SCD,2022-09-09T02:28:01.501000+00:00|2022-09-09T02:27:57.456000+00:00,0.1195571299071273|0.10695526283402861,1431|1431,324.1392340125941,2862,0.11325619637057795,0.036293615963284599|0.0367062405289647,1431|1431,104.46279464040876,2862,0.036499928246124656
Seungchon Weir,2022-09-24,1,20220924T021541_20220924T022740_T52SCD,S2A_MSIL2A_20220924T021541_N0400_R003_T52SCD_20220924T070800,52SCD,2022-09-24T02:28:02.560000+00:00,0.17686595320470511,1431,253.095179035933,1431,0.17686595320470511,0.036533768911008298,1431,52.279823311652876,1431,0.036533768911008298
Seungchon Weir,2022-09-29,2,20220929T021529_20220929T022606_T52SBD|20220929T021529_20220929T022606_T52SCD,S2B_MSIL2A_20220929T021529_N0400_R003_T52SBD_20220929T051901|S2B_MSIL2A_20220929T021529_N0400_R003_T52SCD_20220929T051901,52SBD|52SCD,2022-09-29T02:27:59.389000+00:00|2022-09-29T02:27:55.341000+00:00,0.19176670183823449|0.1806192043873614,1431|1431,532.88423180882774,2862,0.18619295311279796,0.035059588003613099|0.034806544324568603,1431|1431,99.978435361628016,2862,0.034933066164090851
Seungchon Weir,2022-10-14,2,20221014T021641_20221014T022306_T52SBD|20221014T021641_20221014T022306_T52SCD,S2A_MSIL2A_20221014T021641_N0400_R003_T52SBD_20221014T054257|S2A_MSIL2A_20221014T021641_N0400_R003_T52SCD_20221014T054257,52SBD|52SCD,2022-10-14T02:28:04.169000+00:00|2022-10-14T02:28:00.126000+00:00,0.2028775746895293|0.18549088966340141,1431|1431,555.75527248904382,2862,0.19418423217646535,0.029411385825573299|0.029358099417680899,1431|1431,84.099133383096756,2862,0.029384742621627099
Seungchon Weir,2022-10-19,2,20221019T021709_20221019T022253_T52SBD|20221019T021709_20221019T022253_T52SCD,S2B_MSIL2A_20221019T021709_N0400_R003_T52SBD_20221019T043130|S2B_MSIL2A_20221019T021709_N0400_R003_T52SCD_20221019T043130,52SBD|52SCD,2022-10-19T02:27:58.990000+00:00|2022-10-19T02:27:54.941000+00:00,0.2335086522065779|0.2091186176174783,1431|1431,633.39962311822433,2862,0.22131363491202807,0.021947584301736101|0.0216163287296713,1431|1431,62.339959547943991,2862,0.0217819565157037
Seungchon Weir,2022-10-24,2,20221024T021741_20221024T022408_T52SBD|20221024T021741_20221024T022408_T52SCD,S2A_MSIL2A_20221024T021741_N0400_R003_T52SBD_20221024T053657|S2A_MSIL2A_20221024T021741_N0400_R003_T52SCD_20221024T053657,52SBD|52SCD,2022-10-24T02:28:02.046000+00:00|2022-10-24T02:27:58.009000+00:00,0.16675874277613001|0.1601677207533054,1431|1431,467.83176931062212,2862,0.16346323176471772,0.015994115334482299|0.014532052099655499,1431|1431,43.682945598251194,2862,0.015263083717068901
Seungchon Weir,2023-05-02,1,20230502T021531_20230502T022440_T52SBD,S2A_MSIL2A_20230502T021531_N0509_R003_T52SBD_20230502T052753,52SBD,2023-05-02T02:27:59.964000+00:00,0.1124291342106747,1431,160.8860910554755,1431,0.1124291342106747,0.026024359586357598,1431,37.240858568077726,1431,0.026024359586357602
Seungchon Weir,2023-06-06,1,20230606T021539_20230606T022738_T52SBD,S2B_MSIL2A_20230606T021539_N0509_R003_T52SBD_20230606T052901,52SBD,2023-06-06T02:28:04.160000+00:00,0.1684914983780364,1431,241.11133417897008,1431,0.1684914983780364,0.036856657115408802,1431,52.741876332149992,1431,0.036856657115408802
Seungchon Weir,2023-08-05,2,20230805T021539_20230805T022738_T52SBD|20230805T021539_20230805T022738_T52SCD,S2B_MSIL2A_20230805T021539_N0509_R003_T52SBD_20230805T052730|S2B_MSIL2A_20230805T021539_N0509_R003_T52SCD_20230805T052730,52SBD|52SCD,2023-08-05T02:28:04.412000+00:00|2023-08-05T02:28:00.363000+00:00,0.2310674194124783|0.20758401758929801,1431|1431,627.71020634954186,2862,0.21932571850088814,0.016653577099867398|0.0182605345834859,1431|1431,49.962093818878571,2862,0.017457055841676651
Seungchon Weir,2023-08-15,1,20230815T021539_20230815T021939_T52SCD,S2B_MSIL2A_20230815T021539_N0509_R003_T52SCD_20230815T052653,52SCD,2023-08-15T02:28:01.110000+00:00,0.1076662561991004,1431,154.07041262091269,1431,0.10766625619910042,0.056473101712272503,1431,80.813008550261955,1431,0.056473101712272503
Seungchon Weir,2023-08-20,2,20230820T021541_20230820T022103_T52SBD|20230820T021541_20230820T022103_T52SCD,S2A_MSIL2A_20230820T021541_N0509_R003_T52SBD_20230820T075701|S2A_MSIL2A_20230820T021541_N0509_R003_T52SCD_20230820T075701,52SBD|52SCD,2023-08-20T02:28:05.714000+00:00|2023-08-20T02:28:01.648000+00:00,0.16610920170536261|0.1565691725011035,1431|1431,461.75275348945297,2862,0.16133918710323306,0.034750763349016001|0.034475523502063399,1431|1431,99.062816483894622,2862,0.0346131434255397
Seungchon Weir,2023-08-25,2,20230825T021539_20230825T022658_T52SBD|20230825T021539_20230825T022658_T52SCD,S2B_MSIL2A_20230825T021539_N0509_R003_T52SBD_20230825T062238|S2B_MSIL2A_20230825T021539_N0509_R003_T52SCD_20230825T062238,52SBD|52SCD,2023-08-25T02:28:03.629000+00:00|2023-08-25T02:27:59.580000+00:00,0.053659774538158102|0.047849384891486602,1431|1431,145.25960714382157,2862,0.050754579714822348,0.040061300835518003|0.037101960237914997,1431|1431,110.42062659608263,2862,0.038581630536716503
Seungchon Weir,2023-09-09,2,20230909T021541_20230909T022102_T52SBD|20230909T021541_20230909T022102_T52SCD,S2A_MSIL2A_20230909T021541_N0509_R003_T52SBD_20230909T072557|S2A_MSIL2A_20230909T021541_N0509_R003_T52SCD_20230909T072557,52SBD|52SCD,2023-09-09T02:28:04.750000+00:00|2023-09-09T02:28:00.682000+00:00,0.11001829042858351|0.1055104295505377,1431|1431,308.42159829012246,2862,0.1077643599895606,0.015690882234004999|0.0168396706319273,1431|1431,46.551221151149122,2862,0.016265276432966151
Seungchon Weir,2023-09-29,2,20230929T021531_20230929T022736_T52SBD|20230929T021531_20230929T022736_T52SCD,S2A_MSIL2A_20230929T021531_N0509_R003_T52SBD_20230929T071454|S2A_MSIL2A_20230929T021531_N0509_R003_T52SCD_20230929T071454,52SBD|52SCD,2023-09-29T02:28:01.858000+00:00|2023-09-29T02:27:57.797000+00:00,0.1148800930146659|0.10844853779049141,1431|1431,319.58327068218011,2862,0.11166431540257865,0.1017351410704115|0.10069491075796561,1431|1431,289.67740416640765,2862,0.10121502591418856
Seungchon Weir,2023-10-29,2,20231029T021811_20231029T022436_T52SBD|20231029T021811_20231029T022436_T52SCD,S2A_MSIL2A_20231029T021811_N0509_R003_T52SBD_20231029T052155|S2A_MSIL2A_20231029T021811_N0509_R003_T52SCD_20231029T052155,52SBD|52SCD,2023-10-29T02:27:59.300000+00:00|2023-10-29T02:27:55.252000+00:00,0.10691579546471799|0.1026912665043507,1431|1431,299.9477056777373,2862,0.10480353098453435,0.0062245120231037999|0.0047768678038740001,1431|1431,15.742974532405231,2862,0.0055006899134888996
Seungchon Weir,2024-05-16,4,20240516T021611_20240516T022028_T52SBD|20240516T021611_20240516T022028_T52SCD|20240516T021611_20240516T022748_T52SBD|20240516T021611_20240516T022748_T52SCD,S2A_MSIL2A_20240516T021611_N0510_R003_T52SBD_20240516T074100|S2A_MSIL2A_20240516T021611_N0510_R003_T52SCD_20240516T074100|S2A_MSIL2A_20240516T021611_N0510_R003_T52SBD_20240516T085750|S2A_MSIL2A_20240516T021611_N0510_R003_T52SCD_20240516T085750,52SBD|52SCD|52SBD|52SCD,2024-05-16T02:27:54.797000+00:00|2024-05-16T02:27:52.962000+00:00|2024-05-16T02:28:02.240000+00:00|2024-05-16T02:27:59.477000+00:00,0.055334398604628403|0.054301289565662603|0.055702850076158897|0.056172363523062603,1431|1431|1431|1431,316.98210043217239,5724,0.055377725442378123,0.013928001116284601|0.0143667888424202|0.0137935264694031|0.0147465573230305,1431|1431|1431|1431,81.330704337879055,5724,0.014208718437784601
Seungchon Weir,2024-05-21,1,20240521T021529_20240521T021531_T52SCD,S2B_MSIL2A_20240521T021529_N0510_R003_T52SCD_20240521T041515,52SCD,2024-05-21T02:27:54.842000+00:00,0.082961464785041794,1431,118.71785610739481,1431,0.082961464785041794,0.020275799713916701,1431,29.014669390614799,1431,0.020275799713916701
Seungchon Weir,2024-05-31,1,20240531T021529_20240531T021532_T52SBD,S2B_MSIL2A_20240531T021529_N0510_R003_T52SBD_20240531T042042,52SBD,2024-05-31T02:27:58.991000+00:00,0.1294030548591594,1431,185.1757715034571,1431,0.1294030548591594,0.017368944664668699,1431,24.854959815140909,1431,0.017368944664668699
Seungchon Weir,2024-06-10,1,20240610T021539_20240610T021535_T52SBD,S2B_MSIL2A_20240610T021539_N0510_R003_T52SBD_20240610T042021,52SBD,2024-06-10T02:28:01.870000+00:00,0.1190544043180233,1426,169.77158055750124,1426,0.1190544043180233,0.021888669528952201,1426,31.21324274828584,1426,0.021888669528952201
Seungchon Weir,2024-06-15,1,20240615T021611_20240615T022018_T52SBD,S2A_MSIL2A_20240615T021611_N0510_R003_T52SBD_20240615T080802,52SBD,2024-06-15T02:28:05.565000+00:00,0.14758318283664459,1305,192.59605360182118,1305,0.14758318283664459,0.034310529290177701,1305,44.775240723681897,1305,0.034310529290177701
Seungchon Weir,2024-07-30,2,20240730T021539_20240730T021533_T52SBD|20240730T021539_20240730T021533_T52SCD,S2B_MSIL2A_20240730T021539_N0511_R003_T52SBD_20240730T041503|S2B_MSIL2A_20240730T021539_N0511_R003_T52SCD_20240730T041503,52SBD|52SCD,2024-07-30T02:27:59.973000+00:00|2024-07-30T02:27:56.904000+00:00,0.1021784414494083|0.094509899033875702,1319|1319,259.43192109745161,2638,0.098344170241642007,0.058949134267831597|0.059369188016080598,1319|1319,156.06186709248018,2638,0.059159161141956094
Seungchon Weir,2024-08-04,2,20240804T021531_20240804T022721_T52SBD|20240804T021531_20240804T022721_T52SCD,S2A_MSIL2A_20240804T021531_N0511_R003_T52SBD_20240804T084047|S2A_MSIL2A_20240804T021531_N0511_R003_T52SCD_20240804T084047,52SBD|52SCD,2024-08-04T02:28:01.906000+00:00|2024-08-04T02:27:57.860000+00:00,0.2639204390843522|0.23858472258438099,1431|1431,719.08488634795719,2862,0.25125258083436658,0.029549305005140501|0.029813692925109499,1431|1431,84.948450038187758,2862,0.029681498965125001
Seungchon Weir,2024-08-09,2,20240809T021539_20240809T022639_T52SBD|20240809T021539_20240809T022639_T52SCD,S2B_MSIL2A_20240809T021539_N0511_R003_T52SBD_20240809T042748|S2B_MSIL2A_20240809T021539_N0511_R003_T52SCD_20240809T042748,52SBD|52SCD,2024-08-09T02:28:03.417000+00:00|2024-08-09T02:27:59.363000+00:00,0.20357113549179209|0.17477011352798091,1431|1431,541.40632734729513,2862,0.18917062450988648,0.040616727468320298|0.043368683933625501,1431|1431,120.18312371618444,2862,0.041992705700972903
Seungchon Weir,2024-08-14,2,20240814T021601_20240814T022230_T52SBD|20240814T021601_20240814T022230_T52SCD,S2A_MSIL2A_20240814T021601_N0511_R003_T52SBD_20240814T052653|S2A_MSIL2A_20240814T021601_N0511_R003_T52SCD_20240814T052653,52SBD|52SCD,2024-08-14T02:28:00.984000+00:00|2024-08-14T02:27:56.935000+00:00,0.222754356467186|0.1788775076011011,1100|1100,441.79505047511577,2200,0.20081593203414352,0.047696258756573497|0.049838492342467601,1100|1100,107.2882262089452,2200,0.048767375549520549
Seungchon Weir,2024-08-19,2,20240819T021539_20240819T022637_T52SBD|20240819T021539_20240819T022637_T52SCD,S2B_MSIL2A_20240819T021539_N0511_R003_T52SBD_20240819T042921|S2B_MSIL2A_20240819T021539_N0511_R003_T52SCD_20240819T042921,52SBD|52SCD,2024-08-19T02:28:01.331000+00:00|2024-08-19T02:27:57.287000+00:00,0.17663118617800869|0.1816922688506809,1431|1431,512.76086414605481,2862,0.17916172751434481,0.046777482466904698|0.042922354267938903,1431|1431,128.3604663675612,2862,0.044849918367421804
Seungchon Weir,2024-08-24,2,20240824T021531_20240824T022206_T52SBD|20240824T021531_20240824T022206_T52SCD,S2A_MSIL2A_20240824T021531_N0511_R003_T52SBD_20240824T073115|S2A_MSIL2A_20240824T021531_N0511_R003_T52SCD_20240824T073115,52SBD|52SCD,2024-08-24T02:27:57.125000+00:00|2024-08-24T02:27:53.093000+00:00,0.22903122022681979|0.1991940188963261,1414|1414,605.51048812012823,2828,0.21411261956157293,0.065486131125949601|0.066591324436038005,1414|1414,186.75752216465048,2828,0.066038727780993803
Seungchon Weir,2024-08-29,2,20240829T021539_20240829T022214_T52SBD|20240829T021539_20240829T022750_T52SBD,S2B_MSIL2A_20240829T021539_N0511_R003_T52SBD_20240829T043313|S2B_MSIL2A_20240829T021539_N0511_R003_T52SBD_20240829T050958,52SBD|52SBD,2024-08-29T02:27:55.453000+00:00|2024-08-29T02:28:02.194000+00:00,0.19853589798360999|0.2040771135447115,1416|1293,544.9985393581037,2709,0.2011807085116662,0.061653584713975203|0.062354854869762798,1416|1293,167.92630330159218,2709,0.061988299483791871
Seungchon Weir,2024-09-08,2,20240908T021539_20240908T022403_T52SBD|20240908T021539_20240908T022403_T52SCD,S2B_MSIL2A_20240908T021539_N0511_R003_T52SBD_20240908T043148|S2B_MSIL2A_20240908T021539_N0511_R003_T52SCD_20240908T043148,52SBD|52SCD,2024-09-08T02:28:01.974000+00:00|2024-09-08T02:27:57.912000+00:00,0.18366076052965311|0.21349764968270921,1431|1431,568.33368501389054,2862,0.19857920510618118,0.046422861746606502|0.043976009310801201,1431|1431,129.36078448315041,2862,0.045199435528703848
Seungchon Weir,2024-09-13,1,20240913T021531_20240913T022550_T52SBD,S2A_MSIL2A_20240913T021531_N0511_R003_T52SBD_20240913T052851,52SBD,2024-09-13T02:27:57.349000+00:00,0.12710625895183081,652,82.873280836593693,652,0.12710625895183081,0.040259183096122697,652,26.248987378671998,652,0.040259183096122697
Seungchon Weir,2024-09-28,2,20240928T021529_20240928T022712_T52SBD|20240928T021529_20240928T022712_T52SCD,S2B_MSIL2A_20240928T021529_N0511_R003_T52SBD_20240928T042817|S2B_MSIL2A_20240928T021529_N0511_R003_T52SCD_20240928T042817,52SBD|52SCD,2024-09-28T02:27:59.777000+00:00|2024-09-28T02:27:55.724000+00:00,0.055277237413084601|0.046627309328383902,1380|1380,140.62827450322652,2760,0.050952273370734248,0.00091013934736519999|0.0031157969660846,1380|1380,5.5557921125607246,2760,0.0020129681567249004
Seungchon Weir,2024-10-08,1,20241008T021529_20241008T022704_T52SCD,S2B_MSIL2A_20241008T021529_N0511_R003_T52SCD_20241008T150637,52SCD,2024-10-08T02:27:55.001000+00:00,0.1093534892736433,142,15.528195476857348,142,0.1093534892736433,0.065393762575452694,142,9.2859142857142825,142,0.065393762575452694
Seungchon Weir,2025-06-30,1,20250630T021621_20250630T022435_T52SBD,S2C_MSIL2A_20250630T021621_N0511_R003_T52SBD_20250630T060216,52SBD,2025-06-30T02:28:21.051000+00:00,0.20215348206268391,1409,284.8342562263216,1409,0.20215348206268388,0.041105869663131601,1409,57.918170355352423,1409,0.041105869663131601
Seungchon Weir,2025-07-05,1,20250705T021539_20250705T021535_T52SBD,S2B_MSIL2A_20250705T021539_N0511_R003_T52SBD_20250705T035632,52SBD,2025-07-05T02:28:01.992000+00:00,0.1034415359988532,487,50.376028031441507,487,0.1034415359988532,0.034265244198882203,487,16.687173924855632,487,0.034265244198882203
Seungchon Weir,2025-07-10,2,20250710T021631_20250710T022524_T52SBD|20250710T021631_20250710T022524_T52SCD,S2C_MSIL2A_20250710T021631_N0511_R003_T52SBD_20250710T055619|S2C_MSIL2A_20250710T021631_N0511_R003_T52SCD_20250710T055619,52SBD|52SCD,2025-07-10T02:28:22.660000+00:00|2025-07-10T02:28:18.581000+00:00,0.18209739510259251|0.1758281925377301,1338|1338,478.90443626275169,2676,0.17896279382016131,0.046012981768302798|0.046729441848941303,1338|1338,124.0893627998726,2676,0.046371211808622047
Seungchon Weir,2025-07-12,1,20250712T022131_20250712T022332_T52SBD,S2A_MSIL2A_20250712T022131_N0511_R003_T52SBD_20250712T062412,52SBD,2025-07-12T02:28:18.758000+00:00,0.2355208039255384,1431,337.03027041744542,1431,0.23552080392553837,0.034928284882097503,1431,49.982375666281527,1431,0.034928284882097503
Seungchon Weir,2025-07-25,2,20250725T021539_20250725T022319_T52SBD|20250725T021539_20250725T022319_T52SCD,S2B_MSIL2A_20250725T021539_N0511_R003_T52SBD_20250725T041758|S2B_MSIL2A_20250725T021539_N0511_R003_T52SCD_20250725T041758,52SBD|52SCD,2025-07-25T02:28:01.502000+00:00|2025-07-25T02:27:57.463000+00:00,0.072278671985198398|0.0711520969760151,1431|1431,205.24943038349653,2862,0.071715384480606756,0.0047140151817396999|0.0079534491981951005,1431|1431,18.1271415276867,2862,0.0063337321899674002
Seungchon Weir,2025-07-30,1,20250730T021551_20250730T022259_T52SCD,S2C_MSIL2A_20250730T021551_N0511_R003_T52SCD_20250730T055117,52SCD,2025-07-30T02:28:17.085000+00:00,0.19708891727240219,1431,282.03424061680755,1431,0.19708891727240221,0.021315303243987099,1431,30.502198942145537,1431,0.021315303243987099
Seungchon Weir,2025-08-01,2,20250801T022131_20250801T022131_T52SBD|20250801T022131_20250801T022131_T52SCD,S2A_MSIL2A_20250801T022131_N0511_R003_T52SBD_20250801T071659|S2A_MSIL2A_20250801T022131_N0511_R003_T52SCD_20250801T071659,52SBD|52SCD,2025-08-01T02:28:17.065000+00:00|2025-08-01T02:28:13.007000+00:00,0.16438874514353979|0.1283046855955827,1431|1431,418.84429938768426,2862,0.14634671536956123,0.0123628597638742|0.0135847082952467,1431|1431,37.13096989260201,2862,0.012973784029560452
Seungchon Weir,2025-08-14,1,20250814T021539_20250814T021534_T52SCD,S2B_MSIL2A_20250814T021539_N0511_R003_T52SCD_20250814T040019,52SCD,2025-08-14T02:27:57.838000+00:00,0.0455776181969091,1417,64.583484985020192,1417,0.0455776181969091,0.039328038338516801,1417,55.727830325678305,1417,0.039328038338516801
Seungchon Weir,2025-08-19,1,20250819T021621_20250819T022737_T52SBD,S2C_MSIL2A_20250819T021621_N0511_R003_T52SBD_20250819T061713,52SBD,2025-08-19T02:28:19.141000+00:00,0.160875854239105,650,104.56930525541824,650,0.160875854239105,0.054490246103756503,650,35.418659967441727,650,0.054490246103756503
Seungchon Weir,2025-08-21,2,20250821T022131_20250821T022128_T52SBD|20250821T022131_20250821T022128_T52SCD,S2A_MSIL2A_20250821T022131_N0511_R003_T52SBD_20250821T073716|S2A_MSIL2A_20250821T022131_N0511_R003_T52SCD_20250821T073716,52SBD|52SCD,2025-08-21T02:28:13.550000+00:00|2025-08-21T02:28:09.508000+00:00,0.16128503587058479|0.1547238807545443,1049|1049,331.49335353976039,2098,0.15800445831256454,0.034008445113761603|0.031922256084162402,1049|1049,69.161305556622281,2098,0.032965350598962002
Seungchon Weir,2025-08-29,1,20250829T021551_20250829T022257_T52SCD,S2C_MSIL2A_20250829T021551_N0511_R003_T52SCD_20250829T060815,52SCD,2025-08-29T02:28:14.525000+00:00,0.16231274806374041,859,139.426650586753,859,0.16231274806374038,0.035663888842803297,859,30.635280515968031,859,0.035663888842803297
Seungchon Weir,2025-09-03,2,20250903T021529_20250903T022208_T52SBD|20250903T021529_20250903T022208_T52SCD,S2B_MSIL2A_20250903T021529_N0511_R003_T52SBD_20250903T041538|S2B_MSIL2A_20250903T021529_N0511_R003_T52SCD_20250903T041538,52SBD|52SCD,2025-09-03T02:27:59.252000+00:00|2025-09-03T02:27:55.212000+00:00,0.17802260585774349|0.18583411850403511,1431|1431,520.67897256170522,2862,0.18192836218088931,0.033459886099517201|0.0306195232024103,1431|1431,91.697634711058242,2862,0.032039704650963743
Seungchon Weir,2025-09-23,2,20250923T021529_20250923T022229_T52SBD|20250923T021529_20250923T022229_T52SCD,S2B_MSIL2A_20250923T021529_N0511_R003_T52SBD_20250923T041635|S2B_MSIL2A_20250923T021529_N0511_R003_T52SCD_20250923T041635,52SBD|52SCD,2025-09-23T02:27:58.787000+00:00|2025-09-23T02:27:54.741000+00:00,0.10404176756101589|0.094123004443908295,1431|1431,283.57378873904651,2862,0.099082386002462094,0.055651153445620702|0.054306366186006899,1431|1431,157.34921059285909,2862,0.054978759815813801
Seungchon Weir,2025-10-20,2,20251020T022131_20251020T022129_T52SBD|20251020T022131_20251020T022129_T52SCD,S2A_MSIL2A_20251020T022131_N0511_R003_T52SBD_20251020T071520|S2A_MSIL2A_20251020T022131_N0511_R003_T52SCD_20251020T071520,52SBD|52SCD,2025-10-20T02:28:14.496000+00:00|2025-10-20T02:28:10.441000+00:00,0.00067981760303819998|-0.00094381748766660003,1431|1431,-0.37778383490324041,2862,-0.0001319999423142,-9.1973380580972141e-05|-0.0016349454394666001,1431|1431,-2.4712208314880759,2862,-0.0008634594100237861
Seungchon Weir,2025-10-23,2,20251023T021649_20251023T022418_T52SBD|20251023T021649_20251023T022418_T52SCD,S2B_MSIL2A_20251023T021649_N0511_R003_T52SBD_20251023T041454|S2B_MSIL2A_20251023T021649_N0511_R003_T52SCD_20251023T041454,52SBD|52SCD,2025-10-23T02:27:59.571000+00:00|2025-10-23T02:27:55.520000+00:00,0.0089766244124523005|0.010804262279909001,1431|1431,28.306448856769023,2862,0.0098904433461806506,0.00058831432768199996|0.00065863221798960004,1431|1431,1.7843805068560594,2862,0.00062347327283579989
Seungchon Weir,2025-10-28,2,20251028T021821_20251028T022504_T52SBD|20251028T021821_20251028T022504_T52SCD,S2C_MSIL2A_20251028T021821_N0511_R003_T52SBD_20251028T054320|S2C_MSIL2A_20251028T021821_N0511_R003_T52SCD_20251028T054320,52SBD|52SCD,2025-10-28T02:28:12.567000+00:00|2025-10-28T02:28:08.495000+00:00,0.044649505105590299|0.035165739462241698,1431|1431,114.21561497656759,2862,0.039907622283915999,0.0024907515254526001|0.0021394902836940999,1431|1431,6.6258760288889276,2862,0.0023151209045733498
Yeoju Weir,2017-05-03,1,20170503T021611_20170503T022350_T52SCG,S2A_MSIL2A_20170503T021611_N0500_R003_T52SCG_20230925T151324,52SCG,2017-05-03T02:27:14.762000+00:00,0.0051841313489137996,9984,51.758367387555374,9984,0.0051841313489137996,0.0011069491561232999,9984,11.051780374735026,9984,0.0011069491561232999
Yeoju Weir,2017-08-26,1,20170826T022649_20170826T022651_T52SCG,S2B_MSIL2A_20170826T022649_N0500_R003_T52SCG_20230820T101037,52SCG,2017-08-26T02:27:06.465000+00:00,-0.0130310983076397,9984,-130.10248550347475,9984,-0.013031098307639698,-0.0209871761769371,9984,-209.53596695054,9984,-0.0209871761769371
Yeoju Weir,2017-09-20,1,20170920T021601_20170920T022343_T52SCG,S2A_MSIL2A_20170920T021601_N0500_R003_T52SCG_20230913T041635,52SCG,2017-09-20T02:27:08.212000+00:00,-0.046673468530072502,9984,-465.98790980424388,9984,-0.046673468530072502,-0.0062173096447005003,9984,-62.073619492689794,9984,-0.0062173096447005003
Yeoju Weir,2017-10-20,1,20171020T022701_20171020T022655_T52SCG,S2A_MSIL2A_20171020T022701_N0500_R003_T52SCG_20230729T060052,52SCG,2017-10-20T02:27:10.258000+00:00,-0.16589902282822849,9984,-1656.3358439170333,9984,-0.16589902282822849,-0.0057927005355130996,9984,-57.834322146562783,9984,-0.0057927005355130996
Yeoju Weir,2017-10-25,1,20171025T022649_20171025T022643_T52SCG,S2B_MSIL2A_20171025T022649_N0500_R003_T52SCG_20230731T095635,52SCG,2017-10-25T02:26:58.037000+00:00,-0.063379114888252,9984,-632.77708304430791,9984,-0.063379114888252,-0.0076470229809563004,9984,-76.347877441867709,9984,-0.0076470229809563013
Yeoju Weir,2017-10-30,1,20171030T021821_20171030T022623_T52SCG,S2A_MSIL2A_20171030T021821_N0500_R003_T52SCG_20230911T092126,52SCG,2017-10-30T02:27:11.775000+00:00,-0.1071020019727045,9984,-1069.3063876954818,9984,-0.1071020019727045,-0.0066177601272636001,9984,-66.071717110599778,9984,-0.0066177601272635993
Yeoju Weir,2018-06-02,1,20180602T021639_20180602T021638_T52SCG,S2B_MSIL2A_20180602T021639_N0500_R003_T52SCG_20230827T172817,52SCG,2018-06-02T02:27:09.432000+00:00,-0.055267742588156199,9984,-551.79314200015153,9984,-0.055267742588156206,-0.017543485429789601,9984,-175.15415853101936,9984,-0.017543485429789601
Yeoju Weir,2018-06-22,1,20180622T021559_20180622T021601_T52SCG,S2B_MSIL2A_20180622T021559_N0500_R003_T52SCG_20230813T031002,52SCG,2018-06-22T02:27:11.278000+00:00,0.1150578900759866,5119,588.9813392989754,5119,0.1150578900759866,0.0112016943003333,5119,57.341473123406161,5119,0.0112016943003333
Yeoju Weir,2018-07-07,1,20180707T021601_20180707T021604_T52SCG,S2A_MSIL2A_20180707T021601_N0500_R003_T52SCG_20230809T064850,52SCG,2018-07-07T02:27:13.552000+00:00,-0.064675631061185401,9984,-645.72150051487506,9984,-0.064675631061185401,-0.037096974554894899,9984,-370.37619395607067,9984,-0.037096974554894899
Yeoju Weir,2018-08-01,1,20180801T021649_20180801T022346_T52SCG,S2B_MSIL2A_20180801T021649_N0500_R003_T52SCG_20230709T134957,52SCG,2018-08-01T02:27:09.159000+00:00,0.1036931880865152,9984,1035.2727898557678,9984,0.1036931880865152,0.0043926754991974,9984,43.856472183986838,9984,0.0043926754991974
Yeoju Weir,2018-10-20,1,20181020T021709_20181020T022232_T52SCG,S2B_MSIL2A_20181020T021709_N0510_R003_T52SCG_20250531T231417,52SCG,2018-10-20T02:27:09.679000+00:00,-0.1025056270338088,9984,-1023.4161803055471,9984,-0.1025056270338088,-0.0035088586741473999,9984,-35.032445002687638,9984,-0.0035088586741473995
Yeoju Weir,2018-10-30,1,20181030T021819_20181030T022432_T52SCG,S2B_MSIL2A_20181030T021819_N0500_R003_T52SCG_20230707T113406,52SCG,2018-10-30T02:27:10.114000+00:00,-0.075890052258092602,9984,-757.68628174479659,9984,-0.075890052258092602,-0.0065801816023783001,9984,-65.696533118144941,9984,-0.0065801816023782992
Yeoju Weir,2019-05-03,1,20190503T021611_20190503T021607_T52SCG,S2A_MSIL2A_20190503T021611_N0500_R003_T52SCG_20221205T094439,52SCG,2019-05-03T02:27:16.433000+00:00,0.0061737089263819,9984,61.638309920996889,9984,0.0061737089263819,0.0022555107728904999,9984,22.519019556538751,9984,0.0022555107728904999
Yeoju Weir,2019-05-23,1,20190523T021611_20190523T022214_T52SCG,S2A_MSIL2A_20190523T021611_N0500_R003_T52SCG_20221212T010402,52SCG,2019-05-23T02:27:16.002000+00:00,0.010617564564646799,9984,106.00576461343364,9984,0.010617564564646799,0.002355928030317,9984,23.521585454684928,9984,0.002355928030317
Yeoju Weir,2019-06-02,1,20190602T021611_20190602T021605_T52SCG,S2A_MSIL2A_20190602T021611_N0500_R003_T52SCG_20221221T030242,52SCG,2019-06-02T02:27:15.030000+00:00,-0.033802972201362198,9984,-337.48887445840018,9984,-0.033802972201362198,-5.5997422952989214e-05,9984,-0.55907827076264427,9984,-5.5997422952989207e-05
Yeoju Weir,2019-06-12,1,20190612T021611_20190612T022608_T52SCG,S2A_MSIL2A_20190612T021611_N0212_R003_T52SCG_20190612T043019,52SCG,2019-06-12T02:27:15.518000+00:00,0.0047417262919382001,9984,47.341395298710992,9984,0.0047417262919382001,-0.0078450933412411994,9984,-78.325411918952142,9984,-0.0078450933412411994
Yeoju Weir,2019-06-22,1,20190622T021611_20190622T021607_T52SCG,S2A_MSIL2A_20190622T021611_N0500_R003_T52SCG_20230724T205505,52SCG,2019-06-22T02:27:16.702000+00:00,0.031169147062842299,9984,311.19276427541752,9984,0.031169147062842299,0.0052976887590767997,9984,52.892124570622769,9984,0.0052976887590767997
Yeoju Weir,2019-09-30,1,20190930T021601_20190930T021604_T52SCG,S2A_MSIL2A_20190930T021601_N0500_R003_T52SCG_20230707T024625,52SCG,2019-09-30T02:27:14.218000+00:00,-0.011470708560932401,9984,-114.52355427234909,9984,-0.011470708560932401,0.0059270811377375001,9984,59.175978079171202,9984,0.0059270811377375001
Yeoju Weir,2019-10-15,1,20191015T021639_20191015T021642_T52SCG,S2B_MSIL2A_20191015T021639_N0213_R003_T52SCG_20191015T045544,52SCG,2019-10-15T02:27:13.862000+00:00,-0.037831510143271498,9984,-377.70979727042265,9984,-0.037831510143271498,0.0010296616943916001,9984,10.280142356805735,9984,0.0010296616943916001
Yeoju Weir,2019-10-20,1,20191020T021721_20191020T021716_T52SCG,S2A_MSIL2A_20191020T021721_N0213_R003_T52SCG_20191020T052106,52SCG,2019-10-20T02:27:15.870000+00:00,-0.028769432690492699,5652,-162.60483356666472,5652,-0.028769432690492695,-0.0077404299099962997,5652,-43.748909851299089,5652,-0.0077404299099963006
Yeoju Weir,2019-10-30,1,20191030T021821_20191030T021819_T52SCG,S2A_MSIL2A_20191030T021821_N0500_R003_T52SCG_20230709T010057,52SCG,2019-10-30T02:27:15.880000+00:00,-0.1160027759537982,9984,-1158.1717151227213,9984,-0.1160027759537982,-0.0026933530589481999,9984,-26.890436940538827,9984,-0.0026933530589481999
Yeoju Weir,2020-05-27,1,20200527T021611_20200527T021609_T52SCG,S2A_MSIL2A_20200527T021611_N0214_R003_T52SCG_20200527T054336,52SCG,2020-05-27T02:27:18.689000+00:00,-0.033417706380744101,9984,-333.64238050534908,9984,-0.033417706380744101,0.003631747023914,9984,36.259362286757373,9984,0.0036317470239139995
Yeoju Weir,2020-06-01,1,20200601T021609_20200601T021604_T52SCG,S2B_MSIL2A_20200601T021609_N0214_R003_T52SCG_20200601T050555,52SCG,2020-06-01T02:27:14.247000+00:00,0.021557593919368599,6586,141.97831355296159,6586,0.021557593919368599,0.021367180838371899,6586,140.72425300151733,6586,0.021367180838371899
Yeoju Weir,2020-06-11,1,20200611T021609_20200611T021605_T52SCG,S2B_MSIL2A_20200611T021609_N0214_R003_T52SCG_20200611T050308,52SCG,2020-06-11T02:27:14.963000+00:00,0.00049593879736550004,9984,4.951452952897152,9984,0.00049593879736550004,0.0042600859385668998,9984,42.532698010651927,9984,0.0042600859385668998
Yeoju Weir,2020-06-16,1,20200616T021611_20200616T021609_T52SCG,S2A_MSIL2A_20200616T021611_N0214_R003_T52SCG_20200616T053533,52SCG,2020-06-16T02:27:18.759000+00:00,0.025366144976915899,9984,253.25559144952834,9984,0.025366144976915899,0.010341169967052199,9984,103.24624095104916,9984,0.010341169967052199
Yeoju Weir,2020-06-21,1,20200621T021609_20200621T021605_T52SCG,S2B_MSIL2A_20200621T021609_N0214_R003_T52SCG_20200621T050033,52SCG,2020-06-21T02:27:15.203000+00:00,0.011173933104625101,9984,111.56054811657701,9984,0.011173933104625101,0.0056636964020052001,9984,56.546344877619916,9984,0.0056636964020052001
Yeoju Weir,2020-08-25,1,20200825T021611_20200825T021608_T52SCG,S2A_MSIL2A_20200825T021611_N0214_R003_T52SCG_20200825T053321,52SCG,2020-08-25T02:27:18.080000+00:00,-0.029962271652829699,9963,-298.51411247714231,9963,-0.029962271652829699,-0.0122055877441804,9963,-121.60427069526932,9963,-0.0122055877441804
Yeoju Weir,2020-09-04,1,20200904T021611_20200904T021607_T52SCG,S2A_MSIL2A_20200904T021611_N0214_R003_T52SCG_20200904T052050,52SCG,2020-09-04T02:27:17.196000+00:00,-0.0012094724169276999,9517,-11.510548991900921,9517,-0.0012094724169276999,-0.019803003821649699,9517,-188.46518737064019,9517,-0.019803003821649699
Yeoju Weir,2020-09-19,1,20200919T021609_20200919T022509_T52SCG,S2B_MSIL2A_20200919T021609_N0214_R003_T52SCG_20200919T051050,52SCG,2020-09-19T02:27:14.473000+00:00,0.0109142963073687,9961,108.71730551769963,9961,0.0109142963073687,0.0186544195718992,9961,185.81667335568793,9961,0.0186544195718992
Yeoju Weir,2020-10-09,1,20201009T021609_20201009T021609_T52SCG,S2B_MSIL2A_20201009T021609_N0214_R003_T52SCG_20201009T045242,52SCG,2020-10-09T02:27:16.320000+00:00,0.0126312127372511,9984,126.11002796871497,9984,0.0126312127372511,0.0032886148943968001,9984,32.833531105657656,9984,0.0032886148943968006
Yeoju Weir,2020-10-19,1,20201019T021719_20201019T022536_T52SCG,S2B_MSIL2A_20201019T021719_N0500_R003_T52SCG_20230415T141046,52SCG,2020-10-19T02:27:16.350000+00:00,-0.035699239768790303,9984,-356.42120985160238,9984,-0.035699239768790303,-0.00082530685495570003,9984,-8.2398636398777096,9984,-0.00082530685495570014
Yeoju Weir,2020-10-24,1,20201024T021751_20201024T022447_T52SCG,S2A_MSIL2A_20201024T021751_N0214_R003_T52SCG_20201024T045915,52SCG,2020-10-24T02:27:17.978000+00:00,-0.076907433164747699,9981,-767.61309041734683,9981,-0.076907433164747699,-0.00029888845923420001,9659,-2.8869636277431381,9659,-0.00029888845923420001
Yeoju Weir,2020-10-29,1,20201029T021819_20201029T021816_T52SCG,S2B_MSIL2A_20201029T021819_N0214_R003_T52SCG_20201029T043353,52SCG,2020-10-29T02:27:15.724000+00:00,-0.030545572712683398,9984,-304.96699796343103,9984,-0.030545572712683395,-0.0014052897001266,9980,-14.024791207263469,9980,-0.0014052897001266
Yeoju Weir,2021-05-02,1,20210502T021601_20210502T021601_T52SCG,S2A_MSIL2A_20210502T021601_N0300_R003_T52SCG_20210502T051124,52SCG,2021-05-02T02:27:10.519000+00:00,0.034347178287509203,9984,342.92222802249188,9984,0.034347178287509203,0.0065535387686855,9984,65.430531066556028,9984,0.0065535387686855
Yeoju Weir,2021-05-22,1,20210522T021601_20210522T022207_T52SCG,S2A_MSIL2A_20210522T021601_N0300_R003_T52SCG_20210522T050033,52SCG,2021-05-22T02:27:13.132000+00:00,0.012737843502605199,9984,127.17462953001031,9984,0.012737843502605199,0.0026289725683688002,9984,26.2476621225941,9984,0.0026289725683688002
Yeoju Weir,2021-06-21,1,20210621T021601_20210621T022255_T52SCG,S2A_MSIL2A_20210621T021601_N0300_R003_T52SCG_20210621T050048,52SCG,2021-06-21T02:27:13.374000+00:00,0.0073912604405227001,8491,62.759192400478248,8491,0.0073912604405227001,0.012832834574377399,8491,108.9635983710385,8491,0.012832834574377399
Yeoju Weir,2021-07-01,1,20210701T021611_20210701T021605_T52SCG,S2A_MSIL2A_20210701T021611_N0301_R003_T52SCG_20210701T050240,52SCG,2021-07-01T02:27:14.664000+00:00,0.0098054489870040007,9984,97.89760268624795,9984,0.0098054489870040007,0.0054247606602426997,9984,54.160810431863112,9984,0.0054247606602426997
Yeoju Weir,2021-07-16,1,20210716T021609_20210716T022506_T52SCG,S2B_MSIL2A_20210716T021609_N0301_R003_T52SCG_20210716T045806,52SCG,2021-07-16T02:27:14.707000+00:00,-0.071492367713523006,9984,-713.77979925181364,9984,-0.071492367713523006,-0.017144719342292999,9975,-171.01857543937265,9975,-0.017144719342292999
Yeoju Weir,2021-07-26,1,20210726T021609_20210726T021605_T52SCG,S2B_MSIL2A_20210726T021609_N0301_R003_T52SCG_20210726T043052,52SCG,2021-07-26T02:27:14.625000+00:00,-0.022330847945790398,9984,-222.95118589077134,9984,-0.022330847945790398,-0.0015587763642393999,9981,-15.55814689147345,9981,-0.0015587763642393999
Yeoju Weir,2021-08-15,1,20210815T021609_20210815T022417_T52SCG,S2B_MSIL2A_20210815T021609_N0301_R003_T52SCG_20210815T045832,52SCG,2021-08-15T02:27:12.737000+00:00,0.061967084435910098,9984,618.6793710081264,9984,0.061967084435910098,0.029428513334909201,9984,293.81427713573345,9984,0.029428513334909201
Yeoju Weir,2021-10-24,1,20211024T021749_20211024T021743_T52SCG,S2B_MSIL2A_20211024T021749_N0500_R003_T52SCG_20230110T111334,52SCG,2021-10-24T02:27:14.236000+00:00,-0.065172579492794105,9984,-650.6830336560563,9984,-0.065172579492794105,-0.0010917746160927001,9984,-10.900277767069518,9984,-0.0010917746160927001
Yeoju Weir,2022-05-17,1,20220517T021611_20220517T022234_T52SCG,S2A_MSIL2A_20220517T021611_N0510_R003_T52SCG_20240620T074711,52SCG,2022-05-17T02:27:17.807000+00:00,-0.016206036936264,9984,-161.80107277165979,9984,-0.016206036936264,0.0045353082905182996,9984,45.280517972534703,9984,0.0045353082905182996
Yeoju Weir,2022-06-01,1,20220601T021559_20220601T022239_T52SCG,S2B_MSIL2A_20220601T021559_N0400_R003_T52SCG_20220601T044554,52SCG,2022-06-01T02:27:12.431000+00:00,0.012341558515485801,9984,123.21812021861024,9984,0.012341558515485801,0.010674847253336501,9984,106.57767497731162,9984,0.010674847253336501
Yeoju Weir,2022-06-11,1,20220611T021539_20220611T022211_T52SCG,S2B_MSIL2A_20220611T021539_N0400_R003_T52SCG_20220611T045008,52SCG,2022-06-11T02:27:15.144000+00:00,-0.017644520339991799,9984,-176.16289107447813,9984,-0.017644520339991799,0.0077599162561935,9984,77.475003901835905,9984,0.0077599162561935
Yeoju Weir,2022-09-24,1,20220924T021541_20220924T022204_T52SCG,S2A_MSIL2A_20220924T021541_N0400_R003_T52SCG_20220924T054059,52SCG,2022-09-24T02:27:19.687000+00:00,0.032451939081223298,9984,324.00015978693341,9984,0.032451939081223298,0.0078856674958138005,9984,78.73050427820499,9984,0.0078856674958138005
Yeoju Weir,2022-09-29,1,20220929T021529_20220929T022606_T52SCG,S2B_MSIL2A_20220929T021529_N0400_R003_T52SCG_20220929T051901,52SCG,2022-09-29T02:27:12.463000+00:00,0.0093132129175455998,9984,92.983117768775273,9984,0.0093132129175455998,0.0025816997145098001,9984,25.775689949665843,9984,0.0025816997145098001
Yeoju Weir,2022-10-19,1,20221019T021709_20221019T022253_T52SCG,S2B_MSIL2A_20221019T021709_N0400_R003_T52SCG_20221019T043130,52SCG,2022-10-19T02:27:12.070000+00:00,-0.046324984944744102,9984,-462.50864968832514,9984,-0.046324984944744102,0.00078190765759459996,9984,7.8065660534244863,9984,0.00078190765759459996
Yeoju Weir,2022-10-24,1,20221024T021741_20221024T022408_T52SCG,S2A_MSIL2A_20221024T021741_N0400_R003_T52SCG_20221024T053657,52SCG,2022-10-24T02:27:15.115000+00:00,-0.079201853140259904,9984,-790.75130175235483,9984,-0.079201853140259904,0.0084299035354384998,9984,84.164156897817989,9984,0.0084299035354384998
Yeoju Weir,2022-10-29,1,20221029T021809_20221029T022341_T52SCG,S2B_MSIL2A_20221029T021809_N0400_R003_T52SCG_20221029T075219,52SCG,2022-10-29T02:27:11.499000+00:00,0.0010169450769316,9984,10.153179648085095,9984,0.0010169450769316,0.0013842638356496,9984,13.820490135125606,9984,0.0013842638356496
Yeoju Weir,2023-06-16,1,20230616T021539_20230616T022203_T52SCG,S2B_MSIL2A_20230616T021539_N0509_R003_T52SCG_20230616T043833,52SCG,2023-06-16T02:27:17.569000+00:00,0.015054400563490699,9984,150.30313522589114,9984,0.015054400563490699,0.0074250464604094001,9984,74.131663860727457,9984,0.007425046460409401
Yeoju Weir,2023-07-01,1,20230701T021541_20230701T022343_T52SCG,S2A_MSIL2A_20230701T021541_N0509_R003_T52SCG_20230701T074802,52SCG,2023-07-01T02:27:17.190000+00:00,-0.033703372233761297,9984,-336.49446838187282,9984,-0.033703372233761297,-0.0260902521766018,9984,-260.48507773119235,9984,-0.026090252176601797
Yeoju Weir,2023-07-21,1,20230721T021541_20230721T022311_T52SCG,S2A_MSIL2A_20230721T021541_N0509_R003_T52SCG_20230721T070259,52SCG,2023-07-21T02:27:16.604000+00:00,-0.037979624435936499,9984,-379.18857036839,9984,-0.037979624435936499,-0.0395610288308045,9984,-394.97731184675212,9984,-0.0395610288308045
Yeoju Weir,2023-08-05,1,20230805T021539_20230805T022202_T52SCG,S2B_MSIL2A_20230805T021539_N0509_R003_T52SCG_20230805T044141,52SCG,2023-08-05T02:27:17.485000+00:00,0.052875869279201397,9984,527.91267888354673,9984,0.052875869279201397,0.0056589586887798998,9984,56.499043548778516,9984,0.0056589586887798998
Yeoju Weir,2023-09-09,1,20230909T021541_20230909T022102_T52SCG,S2A_MSIL2A_20230909T021541_N0509_R003_T52SCG_20230909T072557,52SCG,2023-09-09T02:27:17.837000+00:00,0.054554400854865202,9984,544.67113813497417,9984,0.054554400854865202,0.0098690575628981002,9984,98.532670707974631,9984,0.0098690575628981002
Yeoju Weir,2023-09-24,1,20230924T021539_20230924T022642_T52SCG,S2B_MSIL2A_20230924T021539_N0509_R003_T52SCG_20230924T053147,52SCG,2023-09-24T02:27:16.160000+00:00,-0.096747258590307403,9984,-965.92462976562911,9984,-0.096747258590307403,-0.0028652962684860002,9984,-28.607117944564227,9984,-0.0028652962684860002
Yeoju Weir,2023-10-29,1,20231029T021811_20231029T022436_T52SCG,S2A_MSIL2A_20231029T021811_N0509_R003_T52SCG_20231029T052155,52SCG,2023-10-29T02:27:12.372000+00:00,-0.012195477676917799,9984,-121.75964912634731,9984,-0.012195477676917799,0.00073998555061190001,9984,7.3880157373092095,9984,0.00073998555061190001
Yeoju Weir,2024-05-16,1,20240516T021611_20240516T022028_T52SCG,S2A_MSIL2A_20240516T021611_N0510_R003_T52SCG_20240516T074100,52SCG,2024-05-16T02:27:15.282000+00:00,0.027998428820114801,9984,279.5363133400262,9984,0.027998428820114805,0.0037705700322043,9984,37.64537120152773,9984,0.0037705700322043
Yeoju Weir,2024-05-31,1,20240531T021529_20240531T021532_T52SCG,S2B_MSIL2A_20240531T021529_N0510_R003_T52SCG_20240531T042042,52SCG,2024-05-31T02:27:13.042000+00:00,0.031892245152819,9984,318.41217560574489,9984,0.031892245152819,0.0086859091353460992,9984,86.720116807295454,9984,0.0086859091353460992
Yeoju Weir,2024-06-10,1,20240610T021539_20240610T021535_T52SCG,S2B_MSIL2A_20240610T021539_N0510_R003_T52SCG_20240610T042021,52SCG,2024-06-10T02:27:15.826000+00:00,0.037987267084751399,9960,378.35318016412396,9960,0.037987267084751399,0.027951943655049199,9960,278.40135880429,9960,0.027951943655049195
Yeoju Weir,2024-08-04,1,20240804T021531_20240804T022001_T52SCG,S2A_MSIL2A_20240804T021531_N0511_R003_T52SCG_20240804T072449,52SCG,2024-08-04T02:27:14.991000+00:00,0.065628883510904401,9984,655.23877297286958,9984,0.065628883510904401,0.0069048035901806996,9984,68.937559044364107,9984,0.0069048035901806996
Yeoju Weir,2024-08-14,1,20240814T021601_20240814T022230_T52SCG,S2A_MSIL2A_20240814T021601_N0511_R003_T52SCG_20240814T052653,52SCG,2024-08-14T02:27:14.062000+00:00,0.094079067969374194,9984,939.28541460623194,9984,0.094079067969374194,0.0090788900453287,9984,90.64363821256174,9984,0.0090788900453287
Yeoju Weir,2024-08-19,1,20240819T021539_20240819T022637_T52SCG,S2B_MSIL2A_20240819T021539_N0511_R003_T52SCG_20240819T042921,52SCG,2024-08-19T02:27:14.410000+00:00,0.045207098653846201,9984,451.34767296000047,9984,0.045207098653846201,0.0050878765700825999,9984,50.797359675704676,9984,0.0050878765700825999
Yeoju Weir,2024-08-29,1,20240829T021539_20240829T022214_T52SCG,S2B_MSIL2A_20240829T021539_N0511_R003_T52SCG_20240829T043313,52SCG,2024-08-29T02:27:14.846000+00:00,0.0319517971851878,9984,319.00674309691499,9984,0.0319517971851878,0.0092462795661085,9984,92.314855188027266,9984,0.0092462795661085
Yeoju Weir,2024-09-03,1,20240903T021601_20240903T022601_T52SCG,S2A_MSIL2A_20240903T021601_N0511_R003_T52SCG_20240903T072445,52SCG,2024-09-03T02:27:12.560000+00:00,0.021227614520994399,9984,211.93650337760809,9984,0.021227614520994399,0.0134705588793702,9984,134.49005985163208,9984,0.0134705588793702
Yeoju Weir,2024-09-23,1,20240923T021531_20240923T022308_T52SCG,S2A_MSIL2A_20240923T021531_N0511_R003_T52SCG_20240923T053200,52SCG,2024-09-23T02:27:14.231000+00:00,-0.073004412605407201,9984,-728.87605545238546,9984,-0.073004412605407201,-0.029169125383595201,9984,-291.22454782981447,9984,-0.029169125383595198
Yeoju Weir,2024-09-28,1,20240928T021529_20240928T021532_T52SCG,S2B_MSIL2A_20240928T021529_N0511_R003_T52SCG_20240928T041851,52SCG,2024-09-28T02:27:12.030000+00:00,-0.122666277175583,9984,-1224.7001113210206,9984,-0.122666277175583,-0.00458170710435,9984,-45.743763729830398,9984,-0.00458170710435
Yeoju Weir,2024-10-03,1,20241003T021531_20241003T021533_T52SCG,S2A_MSIL2A_20241003T021531_N0511_R003_T52SCG_20241003T060052,52SCG,2024-10-03T02:27:14.192000+00:00,-0.1154851650735382,9984,-1153.0038880942054,9984,-0.1154851650735382,-0.0014890401447502,9984,-14.866576805185996,9984,-0.0014890401447502
Yeoju Weir,2025-05-13,1,20250513T022131_20250513T022327_T52SCG,S2A_MSIL2A_20250513T022131_N0511_R003_T52SCG_20250513T062411,52SCG,2025-05-13T02:27:26.487000+00:00,-0.048104161330900098,4363,-209.87845588671712,4363,-0.048104161330900098,0.0131222356626181,4363,57.252314196002771,4363,0.0131222356626181
Yeoju Weir,2025-06-05,1,20250605T021529_20250605T022440_T52SCG,S2B_MSIL2A_20250605T021529_N0511_R003_T52SCG_20250605T041606,52SCG,2025-06-05T02:27:12.817000+00:00,0.031348867625114601,9984,312.98709436914419,9984,0.031348867625114601,0.017430149108252802,9984,174.02260869679597,9984,0.017430149108252802
Yeoju Weir,2025-06-22,1,20250622T022131_20250622T022128_T52SCG,S2A_MSIL2A_20250622T022131_N0511_R003_T52SCG_20250622T071517,52SCG,2025-06-22T02:27:26.841000+00:00,0.0245098822172202,9984,244.70666405672648,9984,0.0245098822172202,-0.021304241878843298,9984,-212.70155091837148,9984,-0.021304241878843298
Yeoju Weir,2025-07-10,1,20250710T021631_20250710T022524_T52SCG,S2C_MSIL2A_20250710T021631_N0511_R003_T52SCG_20250710T055619,52SCG,2025-07-10T02:27:35.736000+00:00,0.019561181585027201,9984,195.29883694491159,9984,0.019561181585027201,0.0090111414686197995,9984,89.967236422700083,9984,0.0090111414686197995
Yeoju Weir,2025-07-12,1,20250712T022131_20250712T022332_T52SCG,S2A_MSIL2A_20250712T022131_N0511_R003_T52SCG_20250712T062412,52SCG,2025-07-12T02:27:31.836000+00:00,0.048475824664689401,9984,483.98263345225899,9984,0.048475824664689401,0.0104350337955705,9984,104.18337741497587,9984,0.0104350337955705
Yeoju Weir,2025-07-25,1,20250725T021539_20250725T022319_T52SCG,S2B_MSIL2A_20250725T021539_N0511_R003_T52SCG_20250725T041758,52SCG,2025-07-25T02:27:14.583000+00:00,-0.0094063297114562999,9984,-93.912795839179694,9984,-0.0094063297114562999,0.00052841718267460005,9984,5.2757171518232067,9984,0.00052841718267460005
Yeoju Weir,2025-09-03,1,20250903T021529_20250903T022208_T52SCG,S2B_MSIL2A_20250903T021529_N0511_R003_T52SCG_20250903T041538,52SCG,2025-09-03T02:27:12.325000+00:00,0.060787934328903101,4746,288.49953632497414,4746,0.060787934328903108,0.011806356319098101,4746,56.032967090439584,4746,0.011806356319098101
Yeoju Weir,2025-09-10,1,20250910T022131_20250910T022325_T52SCG,S2A_MSIL2A_20250910T022131_N0511_R003_T52SCG_20250910T062313,52SCG,2025-09-10T02:27:24.546000+00:00,-0.028298813455037299,9984,-282.53535353509238,9984,-0.028298813455037299,0.011651387196442001,9984,116.32744976927694,9984,0.011651387196442001
Yeoju Weir,2025-10-28,1,20251028T021821_20251028T022504_T52SCG,S2C_MSIL2A_20251028T021821_N0511_R003_T52SCG_20251028T054320,52SCG,2025-10-28T02:27:25.641000+00:00,-0.17123978935103881,9984,-1709.6580568807715,9984,-0.17123978935103881,-0.0069567939048393998,9984,-69.456630345916565,9984,-0.0069567939048393998
