window,specification,aggregation,index,endpoint,omitted_weir,association,estimable,n_estimable_weirs,n_common_weirs,common_support_association,paired_delta_chla_minus_cyano,is_endpoint_contrast
pm1_2017_2025,raw_within_weir_pearson,equal_per_weir_fisher_z,ndci,chlorophyll_a,Baekje Weir,0.48737459549916612,True,15,12,0.4556898564755088,0.064156352968708086,True
pm1_2017_2025,raw_within_weir_pearson,equal_per_weir_fisher_z,ndci,harmful_cyanobacteria,Baekje Weir,0.39153350350680072,True,12,12,0.39153350350680072,0.064156352968708086,True
pm1_2017_2025,raw_within_weir_pearson,equal_per_weir_fisher_z,ndci,chlorophyll_a,Changnyeong-Haman Weir,0.47258097282328415,True,15,12,0.43644376930818879,0.089397247160487581,True
pm1_2017_2025,raw_within_weir_pearson,equal_per_weir_fisher_z,ndci,harmful_cyanobacteria,Changnyeong-Haman Weir,0.34704652214770121,True,12,12,0.34704652214770121,0.089397247160487581,True
pm1_2017_2025,raw_within_weir_pearson,equal_per_weir_fisher_z,ndci,chlorophyll_a,Chilgok Weir,0.48289953529564983,True,15,12,0.44987404169177814,0.081050019914172822,True
pm1_2017_2025,raw_within_weir_pearson,equal_per_weir_fisher_z,ndci,harmful_cyanobacteria,Chilgok Weir,0.36882402177760532,True,12,12,0.36882402177760532,0.081050019914172822,True
pm1_2017_2025,raw_within_weir_pearson,equal_per_weir_fisher_z,ndci,chlorophyll_a,Dalseong Weir,0.47503944901186756,True,15,12,0.43964609723534359,0.091167723064430772,True
pm1_2017_2025,raw_within_weir_pearson,equal_per_weir_fisher_z,ndci,harmful_cyanobacteria,Dalseong Weir,0.34847837417091282,True,12,12,0.34847837417091282,0.091167723064430772,True
pm1_2017_2025,raw_within_weir_pearson,equal_per_weir_fisher_z,ndci,chlorophyll_a,Gangcheon Weir,0.47480270089717785,True,15,13,0.45123313143356825,0.073207460998253648,True
pm1_2017_2025,raw_within_weir_pearson,equal_per_weir_fisher_z,ndci,harmful_cyanobacteria,Gangcheon Weir,0.3780256704353146,True,13,13,0.3780256704353146,0.073207460998253648,True
pm1_2017_2025,raw_within_weir_pearson,equal_per_weir_fisher_z,ndci,chlorophyll_a,Gangjeong-Goryeong Weir,0.46883691848191245,True,15,12,0.43156405968456618,0.074132480406593371,True
pm1_2017_2025,raw_within_weir_pearson,equal_per_weir_fisher_z,ndci,harmful_cyanobacteria,Gangjeong-Goryeong Weir,0.35743157927797281,True,12,12,0.35743157927797281,0.074132480406593371,True
pm1_2017_2025,raw_within_weir_pearson,equal_per_weir_fisher_z,ndci,chlorophyll_a,Gongju Weir,0.4955380923333782,True,15,12,0.46628457540122853,0.058657017147937973,True
pm1_2017_2025,raw_within_weir_pearson,equal_per_weir_fisher_z,ndci,harmful_cyanobacteria,Gongju Weir,0.40762755825329056,True,12,12,0.40762755825329056,0.058657017147937973,True
pm1_2017_2025,raw_within_weir_pearson,equal_per_weir_fisher_z,ndci,chlorophyll_a,Gumi Weir,0.49454679912378224,True,15,12,0.46499909933081895,0.074243897946334181,True
pm1_2017_2025,raw_within_weir_pearson,equal_per_weir_fisher_z,ndci,harmful_cyanobacteria,Gumi Weir,0.39075520138448477,True,12,12,0.39075520138448477,0.074243897946334181,True
pm1_2017_2025,raw_within_weir_pearson,equal_per_weir_fisher_z,ndci,chlorophyll_a,Hapcheon-Changnyeong Weir,0.48006152713372041,True,15,12,0.44618294003332454,0.072773920116146529,True
pm1_2017_2025,raw_within_weir_pearson,equal_per_weir_fisher_z,ndci,harmful_cyanobacteria,Hapcheon-Changnyeong Weir,0.37340901991717801,True,12,12,0.37340901991717801,0.072773920116146529,True
pm1_2017_2025,raw_within_weir_pearson,equal_per_weir_fisher_z,ndci,chlorophyll_a,Ipo Weir,0.46522516316904744,True,15,13,0.45123313143356825,0.073207460998253648,True
pm1_2017_2025,raw_within_weir_pearson,equal_per_weir_fisher_z,ndci,harmful_cyanobacteria,Ipo Weir,0.3780256704353146,True,13,13,0.3780256704353146,0.073207460998253648,True
pm1_2017_2025,raw_within_weir_pearson,equal_per_weir_fisher_z,ndci,chlorophyll_a,Juksan Weir,0.49330783987569071,True,15,12,0.46339204715405069,0.099848872443971726,True
pm1_2017_2025,raw_within_weir_pearson,equal_per_weir_fisher_z,ndci,harmful_cyanobacteria,Juksan Weir,0.36354317471007896,True,12,12,0.36354317471007896,0.099848872443971726,True
pm1_2017_2025,raw_within_weir_pearson,equal_per_weir_fisher_z,ndci,chlorophyll_a,Nakdan Weir,0.48733180982114555,True,15,12,0.45563427817859004,0.06574079542179595,True
pm1_2017_2025,raw_within_weir_pearson,equal_per_weir_fisher_z,ndci,harmful_cyanobacteria,Nakdan Weir,0.38989348275679409,True,12,12,0.38989348275679409,0.06574079542179595,True
pm1_2017_2025,raw_within_weir_pearson,equal_per_weir_fisher_z,ndci,chlorophyll_a,Sangju Weir,0.48671609975966063,True,15,12,0.45483441841909661,0.079849478395450701,True
pm1_2017_2025,raw_within_weir_pearson,equal_per_weir_fisher_z,ndci,harmful_cyanobacteria,Sangju Weir,0.37498494002364591,True,12,12,0.37498494002364591,0.079849478395450701,True
pm1_2017_2025,raw_within_weir_pearson,equal_per_weir_fisher_z,ndci,chlorophyll_a,Sejong Weir,0.4748223648541543,True,15,12,0.43936339121867363,0.025519047989052634,True
pm1_2017_2025,raw_within_weir_pearson,equal_per_weir_fisher_z,ndci,harmful_cyanobacteria,Sejong Weir,0.41384434322962099,True,12,12,0.41384434322962099,0.025519047989052634,True
pm1_2017_2025,raw_within_weir_pearson,equal_per_weir_fisher_z,ndci,chlorophyll_a,Seungchon Weir,0.49162319968200691,True,15,12,0.46120617814609005,0.07657820268704052,True
pm1_2017_2025,raw_within_weir_pearson,equal_per_weir_fisher_z,ndci,harmful_cyanobacteria,Seungchon Weir,0.38462797545904953,True,12,12,0.38462797545904953,0.07657820268704052,True
pm1_2017_2025,raw_within_weir_pearson,equal_per_weir_fisher_z,ndci,chlorophyll_a,Yeoju Weir,0.47945893868488487,True,15,13,0.45123313143356825,0.073207460998253648,True
pm1_2017_2025,raw_within_weir_pearson,equal_per_weir_fisher_z,ndci,harmful_cyanobacteria,Yeoju Weir,0.3780256704353146,True,13,13,0.3780256704353146,0.073207460998253648,True
pm1_2017_2025,raw_within_weir_pearson,equal_per_weir_fisher_z,fai,chlorophyll_a,Baekje Weir,0.23281922091629348,True,15,12,0.22212804659900293,,False
pm1_2017_2025,raw_within_weir_pearson,equal_per_weir_fisher_z,fai,harmful_cyanobacteria,Baekje Weir,0.1737137374215755,True,12,12,0.1737137374215755,,False
pm1_2017_2025,raw_within_weir_pearson,equal_per_weir_fisher_z,fai,chlorophyll_a,Changnyeong-Haman Weir,0.22146838654520462,True,15,12,0.20785924202756939,,False
pm1_2017_2025,raw_within_weir_pearson,equal_per_weir_fisher_z,fai,harmful_cyanobacteria,Changnyeong-Haman Weir,0.1594724465665015,True,12,12,0.1594724465665015,,False
pm1_2017_2025,raw_within_weir_pearson,equal_per_weir_fisher_z,fai,chlorophyll_a,Chilgok Weir,0.23751930912909405,True,15,12,0.2280320276864824,,False
pm1_2017_2025,raw_within_weir_pearson,equal_per_weir_fisher_z,fai,harmful_cyanobacteria,Chilgok Weir,0.18782183643945832,True,12,12,0.18782183643945832,,False
pm1_2017_2025,raw_within_weir_pearson,equal_per_weir_fisher_z,fai,chlorophyll_a,Dalseong Weir,0.22667230573741626,True,15,12,0.21440269781203897,,False
pm1_2017_2025,raw_within_weir_pearson,equal_per_weir_fisher_z,fai,harmful_cyanobacteria,Dalseong Weir,0.19679116129099275,True,12,12,0.19679116129099275,,False
pm1_2017_2025,raw_within_weir_pearson,equal_per_weir_fisher_z,fai,chlorophyll_a,Gangcheon Weir,0.2260723272857825,True,15,13,0.21743285588597983,,False
pm1_2017_2025,raw_within_weir_pearson,equal_per_weir_fisher_z,fai,harmful_cyanobacteria,Gangcheon Weir,0.19676390194507848,True,13,13,0.19676390194507848,,False
pm1_2017_2025,raw_within_weir_pearson,equal_per_weir_fisher_z,fai,chlorophyll_a,Gangjeong-Goryeong Weir,0.2337095192271067,True,15,12,0.22324659523534984,,False
pm1_2017_2025,raw_within_weir_pearson,equal_per_weir_fisher_z,fai,harmful_cyanobacteria,Gangjeong-Goryeong Weir,0.19736387336632288,True,12,12,0.19736387336632288,,False
pm1_2017_2025,raw_within_weir_pearson,equal_per_weir_fisher_z,fai,chlorophyll_a,Gongju Weir,0.21237760515078621,True,15,12,0.19642194836590982,,False
pm1_2017_2025,raw_within_weir_pearson,equal_per_weir_fisher_z,fai,harmful_cyanobacteria,Gongju Weir,0.2293596667475585,True,12,12,0.2293596667475585,,False
pm1_2017_2025,raw_within_weir_pearson,equal_per_weir_fisher_z,fai,chlorophyll_a,Gumi Weir,0.23976106617713308,True,15,12,0.23084701998086479,,False
pm1_2017_2025,raw_within_weir_pearson,equal_per_weir_fisher_z,fai,harmful_cyanobacteria,Gumi Weir,0.20467180164364218,True,12,12,0.20467180164364218,,False
pm1_2017_2025,raw_within_weir_pearson,equal_per_weir_fisher_z,fai,chlorophyll_a,Hapcheon-Changnyeong Weir,0.23262245058508721,True,15,12,0.22188081647243535,,False
pm1_2017_2025,raw_within_weir_pearson,equal_per_weir_fisher_z,fai,harmful_cyanobacteria,Hapcheon-Changnyeong Weir,0.18944870061217595,True,12,12,0.18944870061217595,,False
pm1_2017_2025,raw_within_weir_pearson,equal_per_weir_fisher_z,fai,chlorophyll_a,Ipo Weir,0.22697271830564261,True,15,13,0.21743285588597983,,False
pm1_2017_2025,raw_within_weir_pearson,equal_per_weir_fisher_z,fai,harmful_cyanobacteria,Ipo Weir,0.19676390194507848,True,13,13,0.19676390194507848,,False
pm1_2017_2025,raw_within_weir_pearson,equal_per_weir_fisher_z,fai,chlorophyll_a,Juksan Weir,0.23109568793338719,True,15,12,0.21996237528303081,,False
pm1_2017_2025,raw_within_weir_pearson,equal_per_weir_fisher_z,fai,harmful_cyanobacteria,Juksan Weir,0.17189184034530886,True,12,12,0.17189184034530886,,False
pm1_2017_2025,raw_within_weir_pearson,equal_per_weir_fisher_z,fai,chlorophyll_a,Nakdan Weir,0.22305858370832934,True,15,12,0.20985907216016342,,False
pm1_2017_2025,raw_within_weir_pearson,equal_per_weir_fisher_z,fai,harmful_cyanobacteria,Nakdan Weir,0.20499201753223664,True,12,12,0.20499201753223664,,False
pm1_2017_2025,raw_within_weir_pearson,equal_per_weir_fisher_z,fai,chlorophyll_a,Sangju Weir,0.22838855676680936,True,15,12,0.21656008783640152,,False
pm1_2017_2025,raw_within_weir_pearson,equal_per_weir_fisher_z,fai,harmful_cyanobacteria,Sangju Weir,0.20631470267506305,True,12,12,0.20631470267506305,,False
pm1_2017_2025,raw_within_weir_pearson,equal_per_weir_fisher_z,fai,chlorophyll_a,Sejong Weir,0.20250886262510717,True,15,12,0.18399774817082823,,False
pm1_2017_2025,raw_within_weir_pearson,equal_per_weir_fisher_z,fai,harmful_cyanobacteria,Sejong Weir,0.22318359385542896,True,12,12,0.22318359385542896,,False
pm1_2017_2025,raw_within_weir_pearson,equal_per_weir_fisher_z,fai,chlorophyll_a,Seungchon Weir,0.25558810481340294,True,15,12,0.2507015502420632,,False
pm1_2017_2025,raw_within_weir_pearson,equal_per_weir_fisher_z,fai,harmful_cyanobacteria,Seungchon Weir,0.21191319920968946,True,12,12,0.21191319920968946,,False
pm1_2017_2025,raw_within_weir_pearson,equal_per_weir_fisher_z,fai,chlorophyll_a,Yeoju Weir,0.22257244263304979,True,15,13,0.21743285588597983,,False
pm1_2017_2025,raw_within_weir_pearson,equal_per_weir_fisher_z,fai,harmful_cyanobacteria,Yeoju Weir,0.19676390194507848,True,13,13,0.19676390194507848,,False
pm1_2017_2025,raw_within_weir_pearson,equal_per_observation,ndci,chlorophyll_a,Baekje Weir,0.45174282264074539,True,15,12,0.43908425326965039,0.054546525458162631,True
pm1_2017_2025,raw_within_weir_pearson,equal_per_observation,ndci,harmful_cyanobacteria,Baekje Weir,0.38453772781148776,True,12,12,0.38453772781148776,0.054546525458162631,True
pm1_2017_2025,raw_within_weir_pearson,equal_per_observation,ndci,chlorophyll_a,Changnyeong-Haman Weir,0.43337755378370796,True,15,12,0.42069954716398672,0.07792986553593434,True
pm1_2017_2025,raw_within_weir_pearson,equal_per_observation,ndci,harmful_cyanobacteria,Changnyeong-Haman Weir,0.34276968162805238,True,12,12,0.34276968162805238,0.07792986553593434,True
pm1_2017_2025,raw_within_weir_pearson,equal_per_observation,ndci,chlorophyll_a,Chilgok Weir,0.43948103369595692,True,15,12,0.42709450094931756,0.080813949132681584,True
pm1_2017_2025,raw_within_weir_pearson,equal_per_observation,ndci,harmful_cyanobacteria,Chilgok Weir,0.34628055181663597,True,12,12,0.34628055181663597,0.080813949132681584,True
pm1_2017_2025,raw_within_weir_pearson,equal_per_observation,ndci,chlorophyll_a,Dalseong Weir,0.42875478333795364,True,15,12,0.41534724237113285,0.090804835830908648,True
pm1_2017_2025,raw_within_weir_pearson,equal_per_observation,ndci,harmful_cyanobacteria,Dalseong Weir,0.3245424065402242,True,12,12,0.3245424065402242,0.090804835830908648,True
pm1_2017_2025,raw_within_weir_pearson,equal_per_observation,ndci,chlorophyll_a,Gangcheon Weir,0.43826568868447952,True,15,13,0.42965746125809862,0.073403612167595278,True
pm1_2017_2025,raw_within_weir_pearson,equal_per_observation,ndci,harmful_cyanobacteria,Gangcheon Weir,0.35625384909050334,True,13,13,0.35625384909050334,0.073403612167595278,True
pm1_2017_2025,raw_within_weir_pearson,equal_per_observation,ndci,chlorophyll_a,Gangjeong-Goryeong Weir,0.42682682203874922,True,15,12,0.41359078619136319,0.074418263577047339,True
pm1_2017_2025,raw_within_weir_pearson,equal_per_observation,ndci,harmful_cyanobacteria,Gangjeong-Goryeong Weir,0.33917252261431585,True,12,12,0.33917252261431585,0.074418263577047339,True
pm1_2017_2025,raw_within_weir_pearson,equal_per_observation,ndci,chlorophyll_a,Gongju Weir,0.45690321058460592,True,15,12,0.44610263070636569,0.068625060109466229,True
pm1_2017_2025,raw_within_weir_pearson,equal_per_observation,ndci,harmful_cyanobacteria,Gongju Weir,0.37747757059689946,True,12,12,0.37747757059689946,0.068625060109466229,True
pm1_2017_2025,raw_within_weir_pearson,equal_per_observation,ndci,chlorophyll_a,Gumi Weir,0.45729708902511235,True,15,12,0.44593468757191829,0.076238736642228466,True
pm1_2017_2025,raw_within_weir_pearson,equal_per_observation,ndci,harmful_cyanobacteria,Gumi Weir,0.36969595092968982,True,12,12,0.36969595092968982,0.076238736642228466,True
pm1_2017_2025,raw_within_weir_pearson,equal_per_observation,ndci,chlorophyll_a,Hapcheon-Changnyeong Weir,0.43308713364312668,True,15,12,0.41968819355169923,0.072334332361820408,True
pm1_2017_2025,raw_within_weir_pearson,equal_per_observation,ndci,harmful_cyanobacteria,Hapcheon-Changnyeong Weir,0.34735386118987882,True,12,12,0.34735386118987882,0.072334332361820408,True
pm1_2017_2025,raw_within_weir_pearson,equal_per_observation,ndci,chlorophyll_a,Ipo Weir,0.43365460517799137,True,15,13,0.42965746125809862,0.073403612167595278,True
pm1_2017_2025,raw_within_weir_pearson,equal_per_observation,ndci,harmful_cyanobacteria,Ipo Weir,0.35625384909050334,True,13,13,0.35625384909050334,0.073403612167595278,True
pm1_2017_2025,raw_within_weir_pearson,equal_per_observation,ndci,chlorophyll_a,Juksan Weir,0.4488433481999996,True,15,12,0.43742671380138198,0.093780207364556001,True
pm1_2017_2025,raw_within_weir_pearson,equal_per_observation,ndci,harmful_cyanobacteria,Juksan Weir,0.34364650643682598,True,12,12,0.34364650643682598,0.093780207364556001,True
pm1_2017_2025,raw_within_weir_pearson,equal_per_observation,ndci,chlorophyll_a,Nakdan Weir,0.44382541783210588,True,15,12,0.43190119862485299,0.066423728256620462,True
pm1_2017_2025,raw_within_weir_pearson,equal_per_observation,ndci,harmful_cyanobacteria,Nakdan Weir,0.36547747036823253,True,12,12,0.36547747036823253,0.066423728256620462,True
pm1_2017_2025,raw_within_weir_pearson,equal_per_observation,ndci,chlorophyll_a,Sangju Weir,0.44365580132739374,True,15,12,0.43153865357832688,0.080547585527282306,True
pm1_2017_2025,raw_within_weir_pearson,equal_per_observation,ndci,harmful_cyanobacteria,Sangju Weir,0.35099106805104457,True,12,12,0.35099106805104457,0.080547585527282306,True
pm1_2017_2025,raw_within_weir_pearson,equal_per_observation,ndci,chlorophyll_a,Sejong Weir,0.43598946862856597,True,15,12,0.42364115539154595,0.042028629778543103,True
pm1_2017_2025,raw_within_weir_pearson,equal_per_observation,ndci,harmful_cyanobacteria,Sejong Weir,0.38161252561300285,True,12,12,0.38161252561300285,0.042028629778543103,True
pm1_2017_2025,raw_within_weir_pearson,equal_per_observation,ndci,chlorophyll_a,Seungchon Weir,0.44650168971788329,True,15,12,0.43500485189503757,0.075786098219161657,True
pm1_2017_2025,raw_within_weir_pearson,equal_per_observation,ndci,harmful_cyanobacteria,Seungchon Weir,0.35921875367587591,True,12,12,0.35921875367587591,0.075786098219161657,True
pm1_2017_2025,raw_within_weir_pearson,equal_per_observation,ndci,chlorophyll_a,Yeoju Weir,0.44021010157082469,True,15,13,0.42965746125809862,0.073403612167595278,True
pm1_2017_2025,raw_within_weir_pearson,equal_per_observation,ndci,harmful_cyanobacteria,Yeoju Weir,0.35625384909050334,True,13,13,0.35625384909050334,0.073403612167595278,True
pm1_2017_2025,raw_within_weir_pearson,equal_per_observation,fai,chlorophyll_a,Baekje Weir,0.17775164639973312,True,15,12,0.17947036707790662,,False
pm1_2017_2025,raw_within_weir_pearson,equal_per_observation,fai,harmful_cyanobacteria,Baekje Weir,0.16327128628711401,True,12,12,0.16327128628711401,,False
pm1_2017_2025,raw_within_weir_pearson,equal_per_observation,fai,chlorophyll_a,Changnyeong-Haman Weir,0.17016155688128168,True,15,12,0.17147253899712783,,False
pm1_2017_2025,raw_within_weir_pearson,equal_per_observation,fai,harmful_cyanobacteria,Changnyeong-Haman Weir,0.18179801650841321,True,12,12,0.18179801650841321,,False
pm1_2017_2025,raw_within_weir_pearson,equal_per_observation,fai,chlorophyll_a,Chilgok Weir,0.18286069346488751,True,15,12,0.18494784312747078,,False
pm1_2017_2025,raw_within_weir_pearson,equal_per_observation,fai,harmful_cyanobacteria,Chilgok Weir,0.18769420077817658,True,12,12,0.18769420077817658,,False
pm1_2017_2025,raw_within_weir_pearson,equal_per_observation,fai,chlorophyll_a,Dalseong Weir,0.1721349278591906,True,15,12,0.17371199903227949,,False
pm1_2017_2025,raw_within_weir_pearson,equal_per_observation,fai,harmful_cyanobacteria,Dalseong Weir,0.19590257722130586,True,12,12,0.19590257722130586,,False
pm1_2017_2025,raw_within_weir_pearson,equal_per_observation,fai,chlorophyll_a,Gangcheon Weir,0.17592642275673931,True,15,13,0.17752070487728197,,False
pm1_2017_2025,raw_within_weir_pearson,equal_per_observation,fai,harmful_cyanobacteria,Gangcheon Weir,0.19477378329079387,True,13,13,0.19477378329079387,,False
pm1_2017_2025,raw_within_weir_pearson,equal_per_observation,fai,chlorophyll_a,Gangjeong-Goryeong Weir,0.17892958031760564,True,15,12,0.18088138739642148,,False
pm1_2017_2025,raw_within_weir_pearson,equal_per_observation,fai,harmful_cyanobacteria,Gangjeong-Goryeong Weir,0.19618281187154196,True,12,12,0.19618281187154196,,False
pm1_2017_2025,raw_within_weir_pearson,equal_per_observation,fai,chlorophyll_a,Gongju Weir,0.15642673187479911,True,15,12,0.15733666261883952,,False
pm1_2017_2025,raw_within_weir_pearson,equal_per_observation,fai,harmful_cyanobacteria,Gongju Weir,0.22168360215202987,True,12,12,0.22168360215202987,,False
pm1_2017_2025,raw_within_weir_pearson,equal_per_observation,fai,chlorophyll_a,Gumi Weir,0.20160356334271842,True,15,12,0.20389156105963724,,False
pm1_2017_2025,raw_within_weir_pearson,equal_per_observation,fai,harmful_cyanobacteria,Gumi Weir,0.21652154649607747,True,12,12,0.21652154649607747,,False
pm1_2017_2025,raw_within_weir_pearson,equal_per_observation,fai,chlorophyll_a,Hapcheon-Changnyeong Weir,0.1777186021517255,True,15,12,0.17943612406330472,,False
pm1_2017_2025,raw_within_weir_pearson,equal_per_observation,fai,harmful_cyanobacteria,Hapcheon-Changnyeong Weir,0.18388304274655295,True,12,12,0.18388304274655295,,False
pm1_2017_2025,raw_within_weir_pearson,equal_per_observation,fai,chlorophyll_a,Ipo Weir,0.17756376075325386,True,15,13,0.17752070487728197,,False
pm1_2017_2025,raw_within_weir_pearson,equal_per_observation,fai,harmful_cyanobacteria,Ipo Weir,0.19477378329079387,True,13,13,0.19477378329079387,,False
pm1_2017_2025,raw_within_weir_pearson,equal_per_observation,fai,chlorophyll_a,Juksan Weir,0.18144223577114227,True,15,12,0.18287108548430367,,False
pm1_2017_2025,raw_within_weir_pearson,equal_per_observation,fai,harmful_cyanobacteria,Juksan Weir,0.16564606915704003,True,12,12,0.16564606915704003,,False
pm1_2017_2025,raw_within_weir_pearson,equal_per_observation,fai,chlorophyll_a,Nakdan Weir,0.16978956412385926,True,15,12,0.1711306358589933,,False
pm1_2017_2025,raw_within_weir_pearson,equal_per_observation,fai,harmful_cyanobacteria,Nakdan Weir,0.20060868496782125,True,12,12,0.20060868496782125,,False
pm1_2017_2025,raw_within_weir_pearson,equal_per_observation,fai,chlorophyll_a,Sangju Weir,0.17302466248421819,True,15,12,0.17457387056254997,,False
pm1_2017_2025,raw_within_weir_pearson,equal_per_observation,fai,harmful_cyanobacteria,Sangju Weir,0.20423282489472047,True,12,12,0.20423282489472047,,False
pm1_2017_2025,raw_within_weir_pearson,equal_per_observation,fai,chlorophyll_a,Sejong Weir,0.15628353753380717,True,15,12,0.15718083356026535,,False
pm1_2017_2025,raw_within_weir_pearson,equal_per_observation,fai,harmful_cyanobacteria,Sejong Weir,0.21140860266232106,True,12,12,0.21140860266232106,,False
pm1_2017_2025,raw_within_weir_pearson,equal_per_observation,fai,chlorophyll_a,Seungchon Weir,0.19299187316466798,True,15,12,0.19537000237983015,,False
pm1_2017_2025,raw_within_weir_pearson,equal_per_observation,fai,harmful_cyanobacteria,Seungchon Weir,0.20339515576687367,True,12,12,0.20339515576687367,,False
pm1_2017_2025,raw_within_weir_pearson,equal_per_observation,fai,chlorophyll_a,Yeoju Weir,0.17595808993597942,True,15,13,0.17752070487728197,,False
pm1_2017_2025,raw_within_weir_pearson,equal_per_observation,fai,harmful_cyanobacteria,Yeoju Weir,0.19477378329079387,True,13,13,0.19477378329079387,,False
pm1_2017_2025,within_weir_percentile_midrank,equal_per_weir_fisher_z,ndci,chlorophyll_a,Baekje Weir,0.4997640363201889,True,15,12,0.47131887547479978,0.041893111765474833,True
pm1_2017_2025,within_weir_percentile_midrank,equal_per_weir_fisher_z,ndci,harmful_cyanobacteria,Baekje Weir,0.42942576370932495,True,12,12,0.42942576370932495,0.041893111765474833,True
pm1_2017_2025,within_weir_percentile_midrank,equal_per_weir_fisher_z,ndci,chlorophyll_a,Changnyeong-Haman Weir,0.48504291084120738,True,15,12,0.4522078026024276,0.041460480093674867,True
pm1_2017_2025,within_weir_percentile_midrank,equal_per_weir_fisher_z,ndci,harmful_cyanobacteria,Changnyeong-Haman Weir,0.41074732250875273,True,12,12,0.41074732250875273,0.041460480093674867,True
pm1_2017_2025,within_weir_percentile_midrank,equal_per_weir_fisher_z,ndci,chlorophyll_a,Chilgok Weir,0.49714253168200834,True,15,12,0.46792029091122123,0.061886733502210689,True
pm1_2017_2025,within_weir_percentile_midrank,equal_per_weir_fisher_z,ndci,harmful_cyanobacteria,Chilgok Weir,0.40603355740901054,True,12,12,0.40603355740901054,0.061886733502210689,True
pm1_2017_2025,within_weir_percentile_midrank,equal_per_weir_fisher_z,ndci,chlorophyll_a,Dalseong Weir,0.49057588255497431,True,15,12,0.45939809858028269,0.060211066649136613,True
pm1_2017_2025,within_weir_percentile_midrank,equal_per_weir_fisher_z,ndci,harmful_cyanobacteria,Dalseong Weir,0.39918703193114607,True,12,12,0.39918703193114607,0.060211066649136613,True
pm1_2017_2025,within_weir_percentile_midrank,equal_per_weir_fisher_z,ndci,chlorophyll_a,Gangcheon Weir,0.49145756403241458,True,15,13,0.47064906030764497,0.047288250186800496,True
pm1_2017_2025,within_weir_percentile_midrank,equal_per_weir_fisher_z,ndci,harmful_cyanobacteria,Gangcheon Weir,0.42336081012084448,True,13,13,0.42336081012084448,0.047288250186800496,True
pm1_2017_2025,within_weir_percentile_midrank,equal_per_weir_fisher_z,ndci,chlorophyll_a,Gangjeong-Goryeong Weir,0.48621765787325061,True,15,12,0.45373514085219763,0.058856030162409589,True
pm1_2017_2025,within_weir_percentile_midrank,equal_per_weir_fisher_z,ndci,harmful_cyanobacteria,Gangjeong-Goryeong Weir,0.39487911068978804,True,12,12,0.39487911068978804,0.058856030162409589,True
pm1_2017_2025,within_weir_percentile_midrank,equal_per_weir_fisher_z,ndci,chlorophyll_a,Gongju Weir,0.50889807015785771,True,15,12,0.48314359642451504,0.026212410514808882,True
pm1_2017_2025,within_weir_percentile_midrank,equal_per_weir_fisher_z,ndci,harmful_cyanobacteria,Gongju Weir,0.45693118590970616,True,12,12,0.45693118590970616,0.026212410514808882,True
pm1_2017_2025,within_weir_percentile_midrank,equal_per_weir_fisher_z,ndci,chlorophyll_a,Gumi Weir,0.50706731962061058,True,15,12,0.48077570261707475,0.048834974202745574,True
pm1_2017_2025,within_weir_percentile_midrank,equal_per_weir_fisher_z,ndci,harmful_cyanobacteria,Gumi Weir,0.43194072841432918,True,12,12,0.43194072841432918,0.048834974202745574,True
pm1_2017_2025,within_weir_percentile_midrank,equal_per_weir_fisher_z,ndci,chlorophyll_a,Hapcheon-Changnyeong Weir,0.49580961010800989,True,15,12,0.4661914582546367,0.052143470367753963,True
pm1_2017_2025,within_weir_percentile_midrank,equal_per_weir_fisher_z,ndci,harmful_cyanobacteria,Hapcheon-Changnyeong Weir,0.41404798788688274,True,12,12,0.41404798788688274,0.052143470367753963,True
pm1_2017_2025,within_weir_percentile_midrank,equal_per_weir_fisher_z,ndci,chlorophyll_a,Ipo Weir,0.48024731377721219,True,15,13,0.47064906030764497,0.047288250186800496,True
pm1_2017_2025,within_weir_percentile_midrank,equal_per_weir_fisher_z,ndci,harmful_cyanobacteria,Ipo Weir,0.42336081012084448,True,13,13,0.42336081012084448,0.047288250186800496,True
pm1_2017_2025,within_weir_percentile_midrank,equal_per_weir_fisher_z,ndci,chlorophyll_a,Juksan Weir,0.50739034070596511,True,15,12,0.48119357835849852,0.065912267776560618,True
pm1_2017_2025,within_weir_percentile_midrank,equal_per_weir_fisher_z,ndci,harmful_cyanobacteria,Juksan Weir,0.4152813105819379,True,12,12,0.4152813105819379,0.065912267776560618,True
pm1_2017_2025,within_weir_percentile_midrank,equal_per_weir_fisher_z,ndci,chlorophyll_a,Nakdan Weir,0.49885730816016804,True,15,12,0.47014360809585648,0.037686838827315106,True
pm1_2017_2025,within_weir_percentile_midrank,equal_per_weir_fisher_z,ndci,harmful_cyanobacteria,Nakdan Weir,0.43245676926854137,True,12,12,0.43245676926854137,0.037686838827315106,True
pm1_2017_2025,within_weir_percentile_midrank,equal_per_weir_fisher_z,ndci,chlorophyll_a,Sangju Weir,0.50250362789739678,True,15,12,0.47486828231708023,0.050738418021095466,True
pm1_2017_2025,within_weir_percentile_midrank,equal_per_weir_fisher_z,ndci,harmful_cyanobacteria,Sangju Weir,0.42412986429598476,True,12,12,0.42412986429598476,0.050738418021095466,True
pm1_2017_2025,within_weir_percentile_midrank,equal_per_weir_fisher_z,ndci,chlorophyll_a,Sejong Weir,0.49843014390629858,True,15,12,0.46958984619380628,0.013570535889862789,True
pm1_2017_2025,within_weir_percentile_midrank,equal_per_weir_fisher_z,ndci,harmful_cyanobacteria,Sejong Weir,0.45601931030394349,True,12,12,0.45601931030394349,0.013570535889862789,True
pm1_2017_2025,within_weir_percentile_midrank,equal_per_weir_fisher_z,ndci,chlorophyll_a,Seungchon Weir,0.51194680925878211,True,15,12,0.48708436275286221,0.056790362564111685,True
pm1_2017_2025,within_weir_percentile_midrank,equal_per_weir_fisher_z,ndci,harmful_cyanobacteria,Seungchon Weir,0.43029400018875053,True,12,12,0.43029400018875053,0.056790362564111685,True
pm1_2017_2025,within_weir_percentile_midrank,equal_per_weir_fisher_z,ndci,chlorophyll_a,Yeoju Weir,0.49768466287562974,True,15,13,0.47064906030764497,0.047288250186800496,True
pm1_2017_2025,within_weir_percentile_midrank,equal_per_weir_fisher_z,ndci,harmful_cyanobacteria,Yeoju Weir,0.42336081012084448,True,13,13,0.42336081012084448,0.047288250186800496,True
pm1_2017_2025,within_weir_percentile_midrank,equal_per_weir_fisher_z,fai,chlorophyll_a,Baekje Weir,0.21512618961573504,True,15,12,0.21843586190201941,,False
pm1_2017_2025,within_weir_percentile_midrank,equal_per_weir_fisher_z,fai,harmful_cyanobacteria,Baekje Weir,0.25740042927153678,True,12,12,0.25740042927153678,,False
pm1_2017_2025,within_weir_percentile_midrank,equal_per_weir_fisher_z,fai,chlorophyll_a,Changnyeong-Haman Weir,0.21225176562689579,True,15,12,0.21484761765286453,,False
pm1_2017_2025,within_weir_percentile_midrank,equal_per_weir_fisher_z,fai,harmful_cyanobacteria,Changnyeong-Haman Weir,0.22712085638774285,True,12,12,0.22712085638774285,,False
pm1_2017_2025,within_weir_percentile_midrank,equal_per_weir_fisher_z,fai,chlorophyll_a,Chilgok Weir,0.23704791957723995,True,15,12,0.24575770214941081,,False
pm1_2017_2025,within_weir_percentile_midrank,equal_per_weir_fisher_z,fai,harmful_cyanobacteria,Chilgok Weir,0.25297002203089003,True,12,12,0.25297002203089003,,False
pm1_2017_2025,within_weir_percentile_midrank,equal_per_weir_fisher_z,fai,chlorophyll_a,Dalseong Weir,0.22177006954434128,True,15,12,0.22672479657714112,,False
pm1_2017_2025,within_weir_percentile_midrank,equal_per_weir_fisher_z,fai,harmful_cyanobacteria,Dalseong Weir,0.25760934616030806,True,12,12,0.25760934616030806,,False
pm1_2017_2025,within_weir_percentile_midrank,equal_per_weir_fisher_z,fai,chlorophyll_a,Gangcheon Weir,0.22492335860924095,True,15,13,0.22615944673174773,,False
pm1_2017_2025,within_weir_percentile_midrank,equal_per_weir_fisher_z,fai,harmful_cyanobacteria,Gangcheon Weir,0.2625251375621222,True,13,13,0.2625251375621222,,False
pm1_2017_2025,within_weir_percentile_midrank,equal_per_weir_fisher_z,fai,chlorophyll_a,Gangjeong-Goryeong Weir,0.23227796226737718,True,15,12,0.23981974437391015,,False
pm1_2017_2025,within_weir_percentile_midrank,equal_per_weir_fisher_z,fai,harmful_cyanobacteria,Gangjeong-Goryeong Weir,0.25236601588812202,True,12,12,0.25236601588812202,,False
pm1_2017_2025,within_weir_percentile_midrank,equal_per_weir_fisher_z,fai,chlorophyll_a,Gongju Weir,0.20448702825027043,True,15,12,0.20514864385138631,,False
pm1_2017_2025,within_weir_percentile_midrank,equal_per_weir_fisher_z,fai,harmful_cyanobacteria,Gongju Weir,0.29700581865665354,True,12,12,0.29700581865665354,,False
pm1_2017_2025,within_weir_percentile_midrank,equal_per_weir_fisher_z,fai,chlorophyll_a,Gumi Weir,0.23378808089558487,True,15,12,0.24170008498575021,,False
pm1_2017_2025,within_weir_percentile_midrank,equal_per_weir_fisher_z,fai,harmful_cyanobacteria,Gumi Weir,0.25156298812228012,True,12,12,0.25156298812228012,,False
pm1_2017_2025,within_weir_percentile_midrank,equal_per_weir_fisher_z,fai,chlorophyll_a,Hapcheon-Changnyeong Weir,0.22606391224178993,True,15,12,0.23207804541407645,,False
pm1_2017_2025,within_weir_percentile_midrank,equal_per_weir_fisher_z,fai,harmful_cyanobacteria,Hapcheon-Changnyeong Weir,0.25179402858067129,True,12,12,0.25179402858067129,,False
pm1_2017_2025,within_weir_percentile_midrank,equal_per_weir_fisher_z,fai,chlorophyll_a,Ipo Weir,0.22998129466786738,True,15,13,0.22615944673174773,,False
pm1_2017_2025,within_weir_percentile_midrank,equal_per_weir_fisher_z,fai,harmful_cyanobacteria,Ipo Weir,0.2625251375621222,True,13,13,0.2625251375621222,,False
pm1_2017_2025,within_weir_percentile_midrank,equal_per_weir_fisher_z,fai,chlorophyll_a,Juksan Weir,0.2165185240886037,True,15,12,0.22017351377410213,,False
pm1_2017_2025,within_weir_percentile_midrank,equal_per_weir_fisher_z,fai,harmful_cyanobacteria,Juksan Weir,0.2451715706546635,True,12,12,0.2451715706546635,,False
pm1_2017_2025,within_weir_percentile_midrank,equal_per_weir_fisher_z,fai,chlorophyll_a,Nakdan Weir,0.2192284659741007,True,15,12,0.22355469908256975,,False
pm1_2017_2025,within_weir_percentile_midrank,equal_per_weir_fisher_z,fai,harmful_cyanobacteria,Nakdan Weir,0.26996388385234577,True,12,12,0.26996388385234577,,False
pm1_2017_2025,within_weir_percentile_midrank,equal_per_weir_fisher_z,fai,chlorophyll_a,Sangju Weir,0.22314046951738101,True,15,12,0.22843364059728133,,False
pm1_2017_2025,within_weir_percentile_midrank,equal_per_weir_fisher_z,fai,harmful_cyanobacteria,Sangju Weir,0.27205514725240243,True,12,12,0.27205514725240243,,False
pm1_2017_2025,within_weir_percentile_midrank,equal_per_weir_fisher_z,fai,chlorophyll_a,Sejong Weir,0.19259453884890065,True,15,12,0.19027807729337218,,False
pm1_2017_2025,within_weir_percentile_midrank,equal_per_weir_fisher_z,fai,harmful_cyanobacteria,Sejong Weir,0.29639675585271491,True,12,12,0.29639675585271491,,False
pm1_2017_2025,within_weir_percentile_midrank,equal_per_weir_fisher_z,fai,chlorophyll_a,Seungchon Weir,0.24230533699800139,True,15,12,0.25229759979834376,,False
pm1_2017_2025,within_weir_percentile_midrank,equal_per_weir_fisher_z,fai,harmful_cyanobacteria,Seungchon Weir,0.28003330287547062,True,12,12,0.28003330287547062,,False
pm1_2017_2025,within_weir_percentile_midrank,equal_per_weir_fisher_z,fai,chlorophyll_a,Yeoju Weir,0.21386022721148121,True,15,13,0.22615944673174773,,False
pm1_2017_2025,within_weir_percentile_midrank,equal_per_weir_fisher_z,fai,harmful_cyanobacteria,Yeoju Weir,0.2625251375621222,True,13,13,0.2625251375621222,,False
pm1_2017_2025,within_weir_percentile_midrank,equal_per_observation,ndci,chlorophyll_a,Baekje Weir,0.48198511619248124,True,15,12,0.47292738937285261,0.034233849332226396,True
pm1_2017_2025,within_weir_percentile_midrank,equal_per_observation,ndci,harmful_cyanobacteria,Baekje Weir,0.43869354004062622,True,12,12,0.43869354004062622,0.034233849332226396,True
pm1_2017_2025,within_weir_percentile_midrank,equal_per_observation,ndci,chlorophyll_a,Changnyeong-Haman Weir,0.47241910477396654,True,15,12,0.46283848342645922,0.036968279823589967,True
pm1_2017_2025,within_weir_percentile_midrank,equal_per_observation,ndci,harmful_cyanobacteria,Changnyeong-Haman Weir,0.42587020360286926,True,12,12,0.42587020360286926,0.036968279823589967,True
pm1_2017_2025,within_weir_percentile_midrank,equal_per_observation,ndci,chlorophyll_a,Chilgok Weir,0.47867619315090582,True,15,12,0.46915568880864955,0.054458102221559279,True
pm1_2017_2025,within_weir_percentile_midrank,equal_per_observation,ndci,harmful_cyanobacteria,Chilgok Weir,0.41469758658709027,True,12,12,0.41469758658709027,0.054458102221559279,True
pm1_2017_2025,within_weir_percentile_midrank,equal_per_observation,ndci,chlorophyll_a,Dalseong Weir,0.4693833975793662,True,15,12,0.45901719248160416,0.052528924160952339,True
pm1_2017_2025,within_weir_percentile_midrank,equal_per_observation,ndci,harmful_cyanobacteria,Dalseong Weir,0.40648826832065182,True,12,12,0.40648826832065182,0.052528924160952339,True
pm1_2017_2025,within_weir_percentile_midrank,equal_per_observation,ndci,chlorophyll_a,Gangcheon Weir,0.47810058251769511,True,15,13,0.47218963030615219,0.039680284992039794,True
pm1_2017_2025,within_weir_percentile_midrank,equal_per_observation,ndci,harmful_cyanobacteria,Gangcheon Weir,0.43250934531411239,True,13,13,0.43250934531411239,0.039680284992039794,True
pm1_2017_2025,within_weir_percentile_midrank,equal_per_observation,ndci,chlorophyll_a,Gangjeong-Goryeong Weir,0.46464455082090667,True,15,12,0.45392225771644518,0.050113739651644729,True
pm1_2017_2025,within_weir_percentile_midrank,equal_per_observation,ndci,harmful_cyanobacteria,Gangjeong-Goryeong Weir,0.40380851806480045,True,12,12,0.40380851806480045,0.050113739651644729,True
pm1_2017_2025,within_weir_percentile_midrank,equal_per_observation,ndci,chlorophyll_a,Gongju Weir,0.49087854567132644,True,15,12,0.48263933108685447,0.023309611019956822,True
pm1_2017_2025,within_weir_percentile_midrank,equal_per_observation,ndci,harmful_cyanobacteria,Gongju Weir,0.45932972006689765,True,12,12,0.45932972006689765,0.023309611019956822,True
pm1_2017_2025,within_weir_percentile_midrank,equal_per_observation,ndci,chlorophyll_a,Gumi Weir,0.49435454716570038,True,15,12,0.48607778105677224,0.040758678605817611,True
pm1_2017_2025,within_weir_percentile_midrank,equal_per_observation,ndci,harmful_cyanobacteria,Gumi Weir,0.44531910245095463,True,12,12,0.44531910245095463,0.040758678605817611,True
pm1_2017_2025,within_weir_percentile_midrank,equal_per_observation,ndci,chlorophyll_a,Hapcheon-Changnyeong Weir,0.47653320958190121,True,15,12,0.46675754811046694,0.044935009556854422,True
pm1_2017_2025,within_weir_percentile_midrank,equal_per_observation,ndci,harmful_cyanobacteria,Hapcheon-Changnyeong Weir,0.42182253855361251,True,12,12,0.42182253855361251,0.044935009556854422,True
pm1_2017_2025,within_weir_percentile_midrank,equal_per_observation,ndci,chlorophyll_a,Ipo Weir,0.47550433316517005,True,15,13,0.47218963030615219,0.039680284992039794,True
pm1_2017_2025,within_weir_percentile_midrank,equal_per_observation,ndci,harmful_cyanobacteria,Ipo Weir,0.43250934531411239,True,13,13,0.43250934531411239,0.039680284992039794,True
pm1_2017_2025,within_weir_percentile_midrank,equal_per_observation,ndci,chlorophyll_a,Juksan Weir,0.48638978756414469,True,15,12,0.47796734441301053,0.048796485441948312,True
pm1_2017_2025,within_weir_percentile_midrank,equal_per_observation,ndci,harmful_cyanobacteria,Juksan Weir,0.42917085897106222,True,12,12,0.42917085897106222,0.048796485441948312,True
pm1_2017_2025,within_weir_percentile_midrank,equal_per_observation,ndci,chlorophyll_a,Nakdan Weir,0.48109984164840763,True,15,12,0.4717012310215471,0.025163944419462625,True
pm1_2017_2025,within_weir_percentile_midrank,equal_per_observation,ndci,harmful_cyanobacteria,Nakdan Weir,0.44653728660208447,True,12,12,0.44653728660208447,0.025163944419462625,True
pm1_2017_2025,within_weir_percentile_midrank,equal_per_observation,ndci,chlorophyll_a,Sangju Weir,0.48684308502312201,True,15,12,0.47793340428836778,0.043384576880578951,True
pm1_2017_2025,within_weir_percentile_midrank,equal_per_observation,ndci,harmful_cyanobacteria,Sangju Weir,0.43454882740778883,True,12,12,0.43454882740778883,0.043384576880578951,True
pm1_2017_2025,within_weir_percentile_midrank,equal_per_observation,ndci,chlorophyll_a,Sejong Weir,0.48055653230398654,True,15,12,0.47152824729103154,0.015535440414599921,True
pm1_2017_2025,within_weir_percentile_midrank,equal_per_observation,ndci,harmful_cyanobacteria,Sejong Weir,0.45599280687643162,True,12,12,0.45599280687643162,0.015535440414599921,True
pm1_2017_2025,within_weir_percentile_midrank,equal_per_observation,ndci,chlorophyll_a,Seungchon Weir,0.49314912651236953,True,15,12,0.48512761285909906,0.047249154051826614,True
pm1_2017_2025,within_weir_percentile_midrank,equal_per_observation,ndci,harmful_cyanobacteria,Seungchon Weir,0.43787845880727244,True,12,12,0.43787845880727244,0.047249154051826614,True
pm1_2017_2025,within_weir_percentile_midrank,equal_per_observation,ndci,chlorophyll_a,Yeoju Weir,0.4803837181409335,True,15,13,0.47218963030615219,0.039680284992039794,True
pm1_2017_2025,within_weir_percentile_midrank,equal_per_observation,ndci,harmful_cyanobacteria,Yeoju Weir,0.43250934531411239,True,13,13,0.43250934531411239,0.039680284992039794,True
pm1_2017_2025,within_weir_percentile_midrank,equal_per_observation,fai,chlorophyll_a,Baekje Weir,0.18561720676862511,True,15,12,0.18459683164355783,,False
pm1_2017_2025,within_weir_percentile_midrank,equal_per_observation,fai,harmful_cyanobacteria,Baekje Weir,0.26328017404573922,True,12,12,0.26328017404573922,,False
pm1_2017_2025,within_weir_percentile_midrank,equal_per_observation,fai,chlorophyll_a,Changnyeong-Haman Weir,0.18678088322878036,True,15,12,0.18587691244556392,,False
pm1_2017_2025,within_weir_percentile_midrank,equal_per_observation,fai,harmful_cyanobacteria,Changnyeong-Haman Weir,0.2492201005380166,True,12,12,0.2492201005380166,,False
pm1_2017_2025,within_weir_percentile_midrank,equal_per_observation,fai,chlorophyll_a,Chilgok Weir,0.21388907725815581,True,15,12,0.21516287881558002,,False
pm1_2017_2025,within_weir_percentile_midrank,equal_per_observation,fai,harmful_cyanobacteria,Chilgok Weir,0.2564476976923572,True,12,12,0.2564476976923572,,False
pm1_2017_2025,within_weir_percentile_midrank,equal_per_observation,fai,chlorophyll_a,Dalseong Weir,0.19177239447398728,True,15,12,0.19123017589924796,,False
pm1_2017_2025,within_weir_percentile_midrank,equal_per_observation,fai,harmful_cyanobacteria,Dalseong Weir,0.26131895857807275,True,12,12,0.26131895857807275,,False
pm1_2017_2025,within_weir_percentile_midrank,equal_per_observation,fai,chlorophyll_a,Gangcheon Weir,0.19486953186554959,True,15,13,0.19398421537251601,,False
pm1_2017_2025,within_weir_percentile_midrank,equal_per_observation,fai,harmful_cyanobacteria,Gangcheon Weir,0.26726658237771062,True,13,13,0.26726658237771062,,False
pm1_2017_2025,within_weir_percentile_midrank,equal_per_observation,fai,chlorophyll_a,Gangjeong-Goryeong Weir,0.20761488254709665,True,15,12,0.20837849345178772,,False
pm1_2017_2025,within_weir_percentile_midrank,equal_per_observation,fai,harmful_cyanobacteria,Gangjeong-Goryeong Weir,0.25512171610455975,True,12,12,0.25512171610455975,,False
pm1_2017_2025,within_weir_percentile_midrank,equal_per_observation,fai,chlorophyll_a,Gongju Weir,0.17887169499010067,True,15,12,0.17732991753289995,,False
pm1_2017_2025,within_weir_percentile_midrank,equal_per_observation,fai,harmful_cyanobacteria,Gongju Weir,0.29207634887854844,True,12,12,0.29207634887854844,,False
pm1_2017_2025,within_weir_percentile_midrank,equal_per_observation,fai,chlorophyll_a,Gumi Weir,0.2099314079487147,True,15,12,0.21088570137337634,,False
pm1_2017_2025,within_weir_percentile_midrank,equal_per_observation,fai,harmful_cyanobacteria,Gumi Weir,0.25415644544837629,True,12,12,0.25415644544837629,,False
pm1_2017_2025,within_weir_percentile_midrank,equal_per_observation,fai,chlorophyll_a,Hapcheon-Changnyeong Weir,0.19832933019251789,True,15,12,0.19832861178536715,,False
pm1_2017_2025,within_weir_percentile_midrank,equal_per_observation,fai,harmful_cyanobacteria,Hapcheon-Changnyeong Weir,0.25399159497368956,True,12,12,0.25399159497368956,,False
pm1_2017_2025,within_weir_percentile_midrank,equal_per_observation,fai,chlorophyll_a,Ipo Weir,0.19658848814257693,True,15,13,0.19398421537251601,,False
pm1_2017_2025,within_weir_percentile_midrank,equal_per_observation,fai,harmful_cyanobacteria,Ipo Weir,0.26726658237771062,True,13,13,0.26726658237771062,,False
pm1_2017_2025,within_weir_percentile_midrank,equal_per_observation,fai,chlorophyll_a,Juksan Weir,0.19031859425518191,True,15,12,0.18969616935761552,,False
pm1_2017_2025,within_weir_percentile_midrank,equal_per_observation,fai,harmful_cyanobacteria,Juksan Weir,0.25963681895853391,True,12,12,0.25963681895853391,,False
pm1_2017_2025,within_weir_percentile_midrank,equal_per_observation,fai,chlorophyll_a,Nakdan Weir,0.18798425612377442,True,15,12,0.18712919675014919,,False
pm1_2017_2025,within_weir_percentile_midrank,equal_per_observation,fai,harmful_cyanobacteria,Nakdan Weir,0.27808979243570298,True,12,12,0.27808979243570298,,False
pm1_2017_2025,within_weir_percentile_midrank,equal_per_observation,fai,chlorophyll_a,Sangju Weir,0.19385267244659418,True,15,12,0.19348285935093051,,False
pm1_2017_2025,within_weir_percentile_midrank,equal_per_observation,fai,harmful_cyanobacteria,Sangju Weir,0.28073727538213872,True,12,12,0.28073727538213872,,False
pm1_2017_2025,within_weir_percentile_midrank,equal_per_observation,fai,chlorophyll_a,Sejong Weir,0.17226746714490573,True,15,12,0.1702091077823982,,False
pm1_2017_2025,within_weir_percentile_midrank,equal_per_observation,fai,harmful_cyanobacteria,Sejong Weir,0.28917914255535432,True,12,12,0.28917914255535432,,False
pm1_2017_2025,within_weir_percentile_midrank,equal_per_observation,fai,chlorophyll_a,Seungchon Weir,0.21026114672607696,True,15,12,0.21120104739107942,,False
pm1_2017_2025,within_weir_percentile_midrank,equal_per_observation,fai,harmful_cyanobacteria,Seungchon Weir,0.27981622853437893,True,12,12,0.27981622853437893,,False
pm1_2017_2025,within_weir_percentile_midrank,equal_per_observation,fai,chlorophyll_a,Yeoju Weir,0.1911147018475749,True,15,13,0.19398421537251601,,False
pm1_2017_2025,within_weir_percentile_midrank,equal_per_observation,fai,harmful_cyanobacteria,Yeoju Weir,0.26726658237771062,True,13,13,0.26726658237771062,,False
pm1_2017_2025,site_by_calendar_month_pearson,equal_per_weir_fisher_z,ndci,chlorophyll_a,Baekje Weir,0.37821724223820657,True,15,12,0.42030773862825521,0.21343113518873644,True
pm1_2017_2025,site_by_calendar_month_pearson,equal_per_weir_fisher_z,ndci,harmful_cyanobacteria,Baekje Weir,0.20687660343951877,True,12,12,0.20687660343951877,0.21343113518873644,True
pm1_2017_2025,site_by_calendar_month_pearson,equal_per_weir_fisher_z,ndci,chlorophyll_a,Changnyeong-Haman Weir,0.37814634655697082,True,15,12,0.42022259371985837,0.26768302061436844,True
pm1_2017_2025,site_by_calendar_month_pearson,equal_per_weir_fisher_z,ndci,harmful_cyanobacteria,Changnyeong-Haman Weir,0.15253957310548993,True,12,12,0.15253957310548993,0.26768302061436844,True
pm1_2017_2025,site_by_calendar_month_pearson,equal_per_weir_fisher_z,ndci,chlorophyll_a,Chilgok Weir,0.38346414135626256,True,15,12,0.4266034110050782,0.24956765189950694,True
pm1_2017_2025,site_by_calendar_month_pearson,equal_per_weir_fisher_z,ndci,harmful_cyanobacteria,Chilgok Weir,0.17703575910557126,True,12,12,0.17703575910557126,0.24956765189950694,True
pm1_2017_2025,site_by_calendar_month_pearson,equal_per_weir_fisher_z,ndci,chlorophyll_a,Dalseong Weir,0.38595783181433568,True,15,12,0.42959150206877184,0.26344560872939948,True
pm1_2017_2025,site_by_calendar_month_pearson,equal_per_weir_fisher_z,ndci,harmful_cyanobacteria,Dalseong Weir,0.16614589333937232,True,12,12,0.16614589333937232,0.26344560872939948,True
pm1_2017_2025,site_by_calendar_month_pearson,equal_per_weir_fisher_z,ndci,chlorophyll_a,Gangcheon Weir,0.40116572980099136,True,15,13,0.4303910106359195,0.24098749922715756,True
pm1_2017_2025,site_by_calendar_month_pearson,equal_per_weir_fisher_z,ndci,harmful_cyanobacteria,Gangcheon Weir,0.18940351140876194,True,13,13,0.18940351140876194,0.24098749922715756,True
pm1_2017_2025,site_by_calendar_month_pearson,equal_per_weir_fisher_z,ndci,chlorophyll_a,Gangjeong-Goryeong Weir,0.37285018336755349,True,15,12,0.41385614118942315,0.2406348041383653,True
pm1_2017_2025,site_by_calendar_month_pearson,equal_per_weir_fisher_z,ndci,harmful_cyanobacteria,Gangjeong-Goryeong Weir,0.17322133705105786,True,12,12,0.17322133705105786,0.2406348041383653,True
pm1_2017_2025,site_by_calendar_month_pearson,equal_per_weir_fisher_z,ndci,chlorophyll_a,Gongju Weir,0.40956956984692638,True,15,12,0.45774994066352631,0.23110705537466852,True
pm1_2017_2025,site_by_calendar_month_pearson,equal_per_weir_fisher_z,ndci,harmful_cyanobacteria,Gongju Weir,0.22664288528885779,True,12,12,0.22664288528885779,0.23110705537466852,True
pm1_2017_2025,site_by_calendar_month_pearson,equal_per_weir_fisher_z,ndci,chlorophyll_a,Gumi Weir,0.39962364832320979,True,15,12,0.44591909853420048,0.24618329522026622,True
pm1_2017_2025,site_by_calendar_month_pearson,equal_per_weir_fisher_z,ndci,harmful_cyanobacteria,Gumi Weir,0.19973580331393426,True,12,12,0.19973580331393426,0.24618329522026622,True
pm1_2017_2025,site_by_calendar_month_pearson,equal_per_weir_fisher_z,ndci,chlorophyll_a,Hapcheon-Changnyeong Weir,0.38780557755969863,True,15,12,0.43180387931348641,0.25308679347787477,True
pm1_2017_2025,site_by_calendar_month_pearson,equal_per_weir_fisher_z,ndci,harmful_cyanobacteria,Hapcheon-Changnyeong Weir,0.17871708583561163,True,12,12,0.17871708583561163,0.25308679347787477,True
pm1_2017_2025,site_by_calendar_month_pearson,equal_per_weir_fisher_z,ndci,chlorophyll_a,Ipo Weir,0.39721791901302989,True,15,13,0.4303910106359195,0.24098749922715756,True
pm1_2017_2025,site_by_calendar_month_pearson,equal_per_weir_fisher_z,ndci,harmful_cyanobacteria,Ipo Weir,0.18940351140876194,True,13,13,0.18940351140876194,0.24098749922715756,True
pm1_2017_2025,site_by_calendar_month_pearson,equal_per_weir_fisher_z,ndci,chlorophyll_a,Juksan Weir,0.39662999282511807,True,15,12,0.4423493525909632,0.25866361185986086,True
pm1_2017_2025,site_by_calendar_month_pearson,equal_per_weir_fisher_z,ndci,harmful_cyanobacteria,Juksan Weir,0.1836857407311023,True,12,12,0.1836857407311023,0.25866361185986086,True
pm1_2017_2025,site_by_calendar_month_pearson,equal_per_weir_fisher_z,ndci,chlorophyll_a,Nakdan Weir,0.38669489862410278,True,15,12,0.43047419517389435,0.2293393703667353,True
pm1_2017_2025,site_by_calendar_month_pearson,equal_per_weir_fisher_z,ndci,harmful_cyanobacteria,Nakdan Weir,0.20113482480715905,True,12,12,0.20113482480715905,0.2293393703667353,True
pm1_2017_2025,site_by_calendar_month_pearson,equal_per_weir_fisher_z,ndci,chlorophyll_a,Sangju Weir,0.37769061881830712,True,15,12,0.41967522041898303,0.23969206432228143,True
pm1_2017_2025,site_by_calendar_month_pearson,equal_per_weir_fisher_z,ndci,harmful_cyanobacteria,Sangju Weir,0.1799831560967016,True,12,12,0.1799831560967016,0.23969206432228143,True
pm1_2017_2025,site_by_calendar_month_pearson,equal_per_weir_fisher_z,ndci,chlorophyll_a,Sejong Weir,0.38179843584280343,True,15,12,0.424606001558542,0.20917504726868599,True
pm1_2017_2025,site_by_calendar_month_pearson,equal_per_weir_fisher_z,ndci,harmful_cyanobacteria,Sejong Weir,0.21543095428985601,True,12,12,0.21543095428985601,0.20917504726868599,True
pm1_2017_2025,site_by_calendar_month_pearson,equal_per_weir_fisher_z,ndci,chlorophyll_a,Seungchon Weir,0.38710969776975096,True,15,12,0.43097084663607871,0.23091564071951157,True
pm1_2017_2025,site_by_calendar_month_pearson,equal_per_weir_fisher_z,ndci,harmful_cyanobacteria,Seungchon Weir,0.20005520591656714,True,12,12,0.20005520591656714,0.23091564071951157,True
pm1_2017_2025,site_by_calendar_month_pearson,equal_per_weir_fisher_z,ndci,chlorophyll_a,Yeoju Weir,0.40586458593539598,True,15,13,0.4303910106359195,0.24098749922715756,True
pm1_2017_2025,site_by_calendar_month_pearson,equal_per_weir_fisher_z,ndci,harmful_cyanobacteria,Yeoju Weir,0.18940351140876194,True,13,13,0.18940351140876194,0.24098749922715756,True
pm1_2017_2025,site_by_calendar_month_pearson,equal_per_weir_fisher_z,fai,chlorophyll_a,Baekje Weir,0.18459931500171173,True,15,12,0.22846363631303174,,False
pm1_2017_2025,site_by_calendar_month_pearson,equal_per_weir_fisher_z,fai,harmful_cyanobacteria,Baekje Weir,0.12415055754818348,True,12,12,0.12415055754818348,,False
pm1_2017_2025,site_by_calendar_month_pearson,equal_per_weir_fisher_z,fai,chlorophyll_a,Changnyeong-Haman Weir,0.17823295501110129,True,15,12,0.22064982409494835,,False
pm1_2017_2025,site_by_calendar_month_pearson,equal_per_weir_fisher_z,fai,harmful_cyanobacteria,Changnyeong-Haman Weir,0.12593434304810083,True,12,12,0.12593434304810083,,False
pm1_2017_2025,site_by_calendar_month_pearson,equal_per_weir_fisher_z,fai,chlorophyll_a,Chilgok Weir,0.18181063335876074,True,15,12,0.22504217952319278,,False
pm1_2017_2025,site_by_calendar_month_pearson,equal_per_weir_fisher_z,fai,harmful_cyanobacteria,Chilgok Weir,0.11793945884770109,True,12,12,0.11793945884770109,,False
pm1_2017_2025,site_by_calendar_month_pearson,equal_per_weir_fisher_z,fai,chlorophyll_a,Dalseong Weir,0.17345619060834822,True,15,12,0.21478040906263468,,False
pm1_2017_2025,site_by_calendar_month_pearson,equal_per_weir_fisher_z,fai,harmful_cyanobacteria,Dalseong Weir,0.12308358012869217,True,12,12,0.12308358012869217,,False
pm1_2017_2025,site_by_calendar_month_pearson,equal_per_weir_fisher_z,fai,chlorophyll_a,Gangcheon Weir,0.18451209680907299,True,15,13,0.2219873208105394,,False
pm1_2017_2025,site_by_calendar_month_pearson,equal_per_weir_fisher_z,fai,harmful_cyanobacteria,Gangcheon Weir,0.13730067801496224,True,13,13,0.13730067801496224,,False
pm1_2017_2025,site_by_calendar_month_pearson,equal_per_weir_fisher_z,fai,chlorophyll_a,Gangjeong-Goryeong Weir,0.17656973371126153,True,15,12,0.21860678603255448,,False
pm1_2017_2025,site_by_calendar_month_pearson,equal_per_weir_fisher_z,fai,harmful_cyanobacteria,Gangjeong-Goryeong Weir,0.12297474920187416,True,12,12,0.12297474920187416,,False
pm1_2017_2025,site_by_calendar_month_pearson,equal_per_weir_fisher_z,fai,chlorophyll_a,Gongju Weir,0.17114855390373354,True,15,12,0.21194293871885453,,False
pm1_2017_2025,site_by_calendar_month_pearson,equal_per_weir_fisher_z,fai,harmful_cyanobacteria,Gongju Weir,0.15712306784802452,True,12,12,0.15712306784802452,,False
pm1_2017_2025,site_by_calendar_month_pearson,equal_per_weir_fisher_z,fai,chlorophyll_a,Gumi Weir,0.1879353086985017,True,15,12,0.23255397230374147,,False
pm1_2017_2025,site_by_calendar_month_pearson,equal_per_weir_fisher_z,fai,harmful_cyanobacteria,Gumi Weir,0.14830431202105282,True,12,12,0.14830431202105282,,False
pm1_2017_2025,site_by_calendar_month_pearson,equal_per_weir_fisher_z,fai,chlorophyll_a,Hapcheon-Changnyeong Weir,0.18524450926403493,True,15,12,0.22925494755759246,,False
pm1_2017_2025,site_by_calendar_month_pearson,equal_per_weir_fisher_z,fai,harmful_cyanobacteria,Hapcheon-Changnyeong Weir,0.1251199563134551,True,12,12,0.1251199563134551,,False
pm1_2017_2025,site_by_calendar_month_pearson,equal_per_weir_fisher_z,fai,chlorophyll_a,Ipo Weir,0.19708249770039618,True,15,13,0.2219873208105394,,False
pm1_2017_2025,site_by_calendar_month_pearson,equal_per_weir_fisher_z,fai,harmful_cyanobacteria,Ipo Weir,0.13730067801496224,True,13,13,0.13730067801496224,,False
pm1_2017_2025,site_by_calendar_month_pearson,equal_per_weir_fisher_z,fai,chlorophyll_a,Juksan Weir,0.18867884883524824,True,15,12,0.23346524919178596,,False
pm1_2017_2025,site_by_calendar_month_pearson,equal_per_weir_fisher_z,fai,harmful_cyanobacteria,Juksan Weir,0.13709086319606639,True,12,12,0.13709086319606639,,False
pm1_2017_2025,site_by_calendar_month_pearson,equal_per_weir_fisher_z,fai,chlorophyll_a,Nakdan Weir,0.17141231855998612,True,15,12,0.21226732814737176,,False
pm1_2017_2025,site_by_calendar_month_pearson,equal_per_weir_fisher_z,fai,harmful_cyanobacteria,Nakdan Weir,0.14259534293567394,True,12,12,0.14259534293567394,,False
pm1_2017_2025,site_by_calendar_month_pearson,equal_per_weir_fisher_z,fai,chlorophyll_a,Sangju Weir,0.17470370200285421,True,15,12,0.21631381617533632,,False
pm1_2017_2025,site_by_calendar_month_pearson,equal_per_weir_fisher_z,fai,harmful_cyanobacteria,Sangju Weir,0.14121131206760601,True,12,12,0.14121131206760601,,False
pm1_2017_2025,site_by_calendar_month_pearson,equal_per_weir_fisher_z,fai,chlorophyll_a,Sejong Weir,0.16731038798561912,True,15,12,0.20722073515090741,,False
pm1_2017_2025,site_by_calendar_month_pearson,equal_per_weir_fisher_z,fai,harmful_cyanobacteria,Sejong Weir,0.1619101149669406,True,12,12,0.1619101149669406,,False
pm1_2017_2025,site_by_calendar_month_pearson,equal_per_weir_fisher_z,fai,chlorophyll_a,Seungchon Weir,0.18995850031457184,True,15,12,0.23503324019902444,,False
pm1_2017_2025,site_by_calendar_month_pearson,equal_per_weir_fisher_z,fai,harmful_cyanobacteria,Seungchon Weir,0.15707614753665416,True,12,12,0.15707614753665416,,False
pm1_2017_2025,site_by_calendar_month_pearson,equal_per_weir_fisher_z,fai,chlorophyll_a,Yeoju Weir,0.19926272903538206,True,15,13,0.2219873208105394,,False
pm1_2017_2025,site_by_calendar_month_pearson,equal_per_weir_fisher_z,fai,harmful_cyanobacteria,Yeoju Weir,0.13730067801496224,True,13,13,0.13730067801496224,,False
pm1_2017_2025,site_by_calendar_month_pearson,equal_per_observation,ndci,chlorophyll_a,Baekje Weir,0.39855879223906193,True,15,12,0.40866218000629612,0.21915818372073628,True
pm1_2017_2025,site_by_calendar_month_pearson,equal_per_observation,ndci,harmful_cyanobacteria,Baekje Weir,0.18950399628555983,True,12,12,0.18950399628555983,0.21915818372073628,True
pm1_2017_2025,site_by_calendar_month_pearson,equal_per_observation,ndci,chlorophyll_a,Changnyeong-Haman Weir,0.40862610658399684,True,15,12,0.41833205932756556,0.28367978803276545,True
pm1_2017_2025,site_by_calendar_month_pearson,equal_per_observation,ndci,harmful_cyanobacteria,Changnyeong-Haman Weir,0.13465227129480012,True,12,12,0.13465227129480012,0.28367978803276545,True
pm1_2017_2025,site_by_calendar_month_pearson,equal_per_observation,ndci,chlorophyll_a,Chilgok Weir,0.41155094714001578,True,15,12,0.42188057127839973,0.28378043594373115,True
pm1_2017_2025,site_by_calendar_month_pearson,equal_per_observation,ndci,harmful_cyanobacteria,Chilgok Weir,0.13810013533466856,True,12,12,0.13810013533466856,0.28378043594373115,True
pm1_2017_2025,site_by_calendar_month_pearson,equal_per_observation,ndci,chlorophyll_a,Dalseong Weir,0.41305172328142603,True,15,12,0.42330871894088029,0.29308404163497803,True
pm1_2017_2025,site_by_calendar_month_pearson,equal_per_observation,ndci,harmful_cyanobacteria,Dalseong Weir,0.13022467730590229,True,12,12,0.13022467730590229,0.29308404163497803,True
pm1_2017_2025,site_by_calendar_month_pearson,equal_per_observation,ndci,chlorophyll_a,Gangcheon Weir,0.41797282849258227,True,15,13,0.4246265875604624,0.27327837960765838,True
pm1_2017_2025,site_by_calendar_month_pearson,equal_per_observation,ndci,harmful_cyanobacteria,Gangcheon Weir,0.15134820795280401,True,13,13,0.15134820795280401,0.27327837960765838,True
pm1_2017_2025,site_by_calendar_month_pearson,equal_per_observation,ndci,chlorophyll_a,Gangjeong-Goryeong Weir,0.40358125890878305,True,15,12,0.41350298725061568,0.27470552781323798,True
pm1_2017_2025,site_by_calendar_month_pearson,equal_per_observation,ndci,harmful_cyanobacteria,Gangjeong-Goryeong Weir,0.13879745943737767,True,12,12,0.13879745943737767,0.27470552781323798,True
pm1_2017_2025,site_by_calendar_month_pearson,equal_per_observation,ndci,chlorophyll_a,Gongju Weir,0.43363466582821181,True,15,12,0.44459523286425395,0.26966644431592179,True
pm1_2017_2025,site_by_calendar_month_pearson,equal_per_observation,ndci,harmful_cyanobacteria,Gongju Weir,0.17492878854833219,True,12,12,0.17492878854833219,0.26966644431592179,True
pm1_2017_2025,site_by_calendar_month_pearson,equal_per_observation,ndci,chlorophyll_a,Gumi Weir,0.43849749402271831,True,15,12,0.45012686750498387,0.28855912176568133,True
pm1_2017_2025,site_by_calendar_month_pearson,equal_per_observation,ndci,harmful_cyanobacteria,Gumi Weir,0.16156774573930258,True,12,12,0.16156774573930258,0.28855912176568133,True
pm1_2017_2025,site_by_calendar_month_pearson,equal_per_observation,ndci,chlorophyll_a,Hapcheon-Changnyeong Weir,0.41546877998695902,True,15,12,0.42620676967765081,0.29211697392372371,True
pm1_2017_2025,site_by_calendar_month_pearson,equal_per_observation,ndci,harmful_cyanobacteria,Hapcheon-Changnyeong Weir,0.13408979575392713,True,12,12,0.13408979575392713,0.29211697392372371,True
pm1_2017_2025,site_by_calendar_month_pearson,equal_per_observation,ndci,chlorophyll_a,Ipo Weir,0.41790513910133448,True,15,13,0.4246265875604624,0.27327837960765838,True
pm1_2017_2025,site_by_calendar_month_pearson,equal_per_observation,ndci,harmful_cyanobacteria,Ipo Weir,0.15134820795280401,True,13,13,0.15134820795280401,0.27327837960765838,True
pm1_2017_2025,site_by_calendar_month_pearson,equal_per_observation,ndci,chlorophyll_a,Juksan Weir,0.41992781033284599,True,15,12,0.42991935592975405,0.28387389721952838,True
pm1_2017_2025,site_by_calendar_month_pearson,equal_per_observation,ndci,harmful_cyanobacteria,Juksan Weir,0.1460454587102257,True,12,12,0.1460454587102257,0.28387389721952838,True
pm1_2017_2025,site_by_calendar_month_pearson,equal_per_observation,ndci,chlorophyll_a,Nakdan Weir,0.41408012845193987,True,15,12,0.4242865803689535,0.26483488006835565,True
pm1_2017_2025,site_by_calendar_month_pearson,equal_per_observation,ndci,harmful_cyanobacteria,Nakdan Weir,0.15945170030059785,True,12,12,0.15945170030059785,0.26483488006835565,True
pm1_2017_2025,site_by_calendar_month_pearson,equal_per_observation,ndci,chlorophyll_a,Sangju Weir,0.40285188528366489,True,15,12,0.41275408886572329,0.2752691320129832,True
pm1_2017_2025,site_by_calendar_month_pearson,equal_per_observation,ndci,harmful_cyanobacteria,Sangju Weir,0.13748495685274009,True,12,12,0.13748495685274009,0.2752691320129832,True
pm1_2017_2025,site_by_calendar_month_pearson,equal_per_observation,ndci,chlorophyll_a,Sejong Weir,0.41202169901940344,True,15,12,0.42191056049462794,0.25104283780252457,True
pm1_2017_2025,site_by_calendar_month_pearson,equal_per_observation,ndci,harmful_cyanobacteria,Sejong Weir,0.1708677226921034,True,12,12,0.1708677226921034,0.25104283780252457,True
pm1_2017_2025,site_by_calendar_month_pearson,equal_per_observation,ndci,chlorophyll_a,Seungchon Weir,0.41504077498660313,True,15,12,0.42488256748948305,0.26820814542517313,True
pm1_2017_2025,site_by_calendar_month_pearson,equal_per_observation,ndci,harmful_cyanobacteria,Seungchon Weir,0.15667442206430993,True,12,12,0.15667442206430993,0.26820814542517313,True
pm1_2017_2025,site_by_calendar_month_pearson,equal_per_observation,ndci,chlorophyll_a,Yeoju Weir,0.4187325583769268,True,15,13,0.4246265875604624,0.27327837960765838,True
pm1_2017_2025,site_by_calendar_month_pearson,equal_per_observation,ndci,harmful_cyanobacteria,Yeoju Weir,0.15134820795280401,True,13,13,0.15134820795280401,0.27327837960765838,True
pm1_2017_2025,site_by_calendar_month_pearson,equal_per_observation,fai,chlorophyll_a,Baekje Weir,0.19170596080451643,True,15,12,0.19772187782266729,,False
pm1_2017_2025,site_by_calendar_month_pearson,equal_per_observation,fai,harmful_cyanobacteria,Baekje Weir,0.098759249488555412,True,12,12,0.098759249488555412,,False
pm1_2017_2025,site_by_calendar_month_pearson,equal_per_observation,fai,chlorophyll_a,Changnyeong-Haman Weir,0.18585766037247625,True,15,12,0.1913033074350356,,False
pm1_2017_2025,site_by_calendar_month_pearson,equal_per_observation,fai,harmful_cyanobacteria,Changnyeong-Haman Weir,0.11979237300378738,True,12,12,0.11979237300378738,,False
pm1_2017_2025,site_by_calendar_month_pearson,equal_per_observation,fai,chlorophyll_a,Chilgok Weir,0.18787994823899856,True,15,12,0.19374244876002664,,False
pm1_2017_2025,site_by_calendar_month_pearson,equal_per_observation,fai,harmful_cyanobacteria,Chilgok Weir,0.10747587141989343,True,12,12,0.10747587141989343,,False
pm1_2017_2025,site_by_calendar_month_pearson,equal_per_observation,fai,chlorophyll_a,Dalseong Weir,0.1795875863588525,True,15,12,0.18505617464628418,,False
pm1_2017_2025,site_by_calendar_month_pearson,equal_per_observation,fai,harmful_cyanobacteria,Dalseong Weir,0.11323248877470179,True,12,12,0.11323248877470179,,False
pm1_2017_2025,site_by_calendar_month_pearson,equal_per_observation,fai,chlorophyll_a,Gangcheon Weir,0.18727252976674663,True,15,13,0.19203102889212223,,False
pm1_2017_2025,site_by_calendar_month_pearson,equal_per_observation,fai,harmful_cyanobacteria,Gangcheon Weir,0.12293473909666762,True,13,13,0.12293473909666762,,False
pm1_2017_2025,site_by_calendar_month_pearson,equal_per_observation,fai,chlorophyll_a,Gangjeong-Goryeong Weir,0.1822381419943811,True,15,12,0.18790288034263691,,False
pm1_2017_2025,site_by_calendar_month_pearson,equal_per_observation,fai,harmful_cyanobacteria,Gangjeong-Goryeong Weir,0.11276359547568475,True,12,12,0.11276359547568475,,False
pm1_2017_2025,site_by_calendar_month_pearson,equal_per_observation,fai,chlorophyll_a,Gongju Weir,0.17572984920919602,True,15,12,0.18103906045126131,,False
pm1_2017_2025,site_by_calendar_month_pearson,equal_per_observation,fai,harmful_cyanobacteria,Gongju Weir,0.14300290980914268,True,12,12,0.14300290980914268,,False
pm1_2017_2025,site_by_calendar_month_pearson,equal_per_observation,fai,chlorophyll_a,Gumi Weir,0.21615274365896026,True,15,12,0.22303609528734128,,False
pm1_2017_2025,site_by_calendar_month_pearson,equal_per_observation,fai,harmful_cyanobacteria,Gumi Weir,0.15230461004682827,True,12,12,0.15230461004682827,,False
pm1_2017_2025,site_by_calendar_month_pearson,equal_per_observation,fai,chlorophyll_a,Hapcheon-Changnyeong Weir,0.19412024931510907,True,15,12,0.2002718716295018,,False
pm1_2017_2025,site_by_calendar_month_pearson,equal_per_observation,fai,harmful_cyanobacteria,Hapcheon-Changnyeong Weir,0.10567758104675259,True,12,12,0.10567758104675259,,False
pm1_2017_2025,site_by_calendar_month_pearson,equal_per_observation,fai,chlorophyll_a,Ipo Weir,0.18918482298101186,True,15,13,0.19203102889212223,,False
pm1_2017_2025,site_by_calendar_month_pearson,equal_per_observation,fai,harmful_cyanobacteria,Ipo Weir,0.12293473909666762,True,13,13,0.12293473909666762,,False
pm1_2017_2025,site_by_calendar_month_pearson,equal_per_observation,fai,chlorophyll_a,Juksan Weir,0.1909773775956512,True,15,12,0.19649717272688316,,False
pm1_2017_2025,site_by_calendar_month_pearson,equal_per_observation,fai,harmful_cyanobacteria,Juksan Weir,0.12201324569663248,True,12,12,0.12201324569663248,,False
pm1_2017_2025,site_by_calendar_month_pearson,equal_per_observation,fai,chlorophyll_a,Nakdan Weir,0.17710873134297339,True,15,12,0.18243795960924525,,False
pm1_2017_2025,site_by_calendar_month_pearson,equal_per_observation,fai,harmful_cyanobacteria,Nakdan Weir,0.12606528474308498,True,12,12,0.12606528474308498,,False
pm1_2017_2025,site_by_calendar_month_pearson,equal_per_observation,fai,chlorophyll_a,Sangju Weir,0.17868558797850534,True,15,12,0.18419869537648906,,False
pm1_2017_2025,site_by_calendar_month_pearson,equal_per_observation,fai,harmful_cyanobacteria,Sangju Weir,0.12582212970871287,True,12,12,0.12582212970871287,,False
pm1_2017_2025,site_by_calendar_month_pearson,equal_per_observation,fai,chlorophyll_a,Sejong Weir,0.1786445711517731,True,15,12,0.18393908842457762,,False
pm1_2017_2025,site_by_calendar_month_pearson,equal_per_observation,fai,harmful_cyanobacteria,Sejong Weir,0.14109837583502613,True,12,12,0.14109837583502613,,False
pm1_2017_2025,site_by_calendar_month_pearson,equal_per_observation,fai,chlorophyll_a,Seungchon Weir,0.19079523819931893,True,15,12,0.19633503951938347,,False
pm1_2017_2025,site_by_calendar_month_pearson,equal_per_observation,fai,harmful_cyanobacteria,Seungchon Weir,0.13392073110390831,True,12,12,0.13392073110390831,,False
pm1_2017_2025,site_by_calendar_month_pearson,equal_per_observation,fai,chlorophyll_a,Yeoju Weir,0.18901776042637108,True,15,13,0.19203102889212223,,False
pm1_2017_2025,site_by_calendar_month_pearson,equal_per_observation,fai,harmful_cyanobacteria,Yeoju Weir,0.12293473909666762,True,13,13,0.12293473909666762,,False
pm2_2017_2025,raw_within_weir_pearson,equal_per_weir_fisher_z,ndci,chlorophyll_a,Baekje Weir,0.47316949621993543,True,15,12,0.44173990526717288,0.044816702911297746,True
pm2_2017_2025,raw_within_weir_pearson,equal_per_weir_fisher_z,ndci,harmful_cyanobacteria,Baekje Weir,0.39692320235587514,True,12,12,0.39692320235587514,0.044816702911297746,True
pm2_2017_2025,raw_within_weir_pearson,equal_per_weir_fisher_z,ndci,chlorophyll_a,Changnyeong-Haman Weir,0.46546024327480606,True,15,12,0.43173863563144432,0.053753546078355197,True
pm2_2017_2025,raw_within_weir_pearson,equal_per_weir_fisher_z,ndci,harmful_cyanobacteria,Changnyeong-Haman Weir,0.37798508955308913,True,12,12,0.37798508955308913,0.053753546078355197,True
pm2_2017_2025,raw_within_weir_pearson,equal_per_weir_fisher_z,ndci,chlorophyll_a,Chilgok Weir,0.46290577574491026,True,15,12,0.4284214294090426,0.052264718375228059,True
pm2_2017_2025,raw_within_weir_pearson,equal_per_weir_fisher_z,ndci,harmful_cyanobacteria,Chilgok Weir,0.37615671103381454,True,12,12,0.37615671103381454,0.052264718375228059,True
pm2_2017_2025,raw_within_weir_pearson,equal_per_weir_fisher_z,ndci,chlorophyll_a,Dalseong Weir,0.45530939609700982,True,15,12,0.41854773737088813,0.050689211907115062,True
pm2_2017_2025,raw_within_weir_pearson,equal_per_weir_fisher_z,ndci,harmful_cyanobacteria,Dalseong Weir,0.36785852546377307,True,12,12,0.36785852546377307,0.050689211907115062,True
pm2_2017_2025,raw_within_weir_pearson,equal_per_weir_fisher_z,ndci,chlorophyll_a,Gangcheon Weir,0.46325285950007666,True,15,13,0.43226108696707544,0.045203773666750879,True
pm2_2017_2025,raw_within_weir_pearson,equal_per_weir_fisher_z,ndci,harmful_cyanobacteria,Gangcheon Weir,0.38705731330032456,True,13,13,0.38705731330032456,0.045203773666750879,True
pm2_2017_2025,raw_within_weir_pearson,equal_per_weir_fisher_z,ndci,chlorophyll_a,Gangjeong-Goryeong Weir,0.44772159788528088,True,15,12,0.40867236650627853,0.040638947235826228,True
pm2_2017_2025,raw_within_weir_pearson,equal_per_weir_fisher_z,ndci,harmful_cyanobacteria,Gangjeong-Goryeong Weir,0.3680334192704523,True,12,12,0.3680334192704523,0.040638947235826228,True
pm2_2017_2025,raw_within_weir_pearson,equal_per_weir_fisher_z,ndci,chlorophyll_a,Gongju Weir,0.47055780779340323,True,15,12,0.43835344637969953,0.026767235653816668,True
pm2_2017_2025,raw_within_weir_pearson,equal_per_weir_fisher_z,ndci,harmful_cyanobacteria,Gongju Weir,0.41158621072588286,True,12,12,0.41158621072588286,0.026767235653816668,True
pm2_2017_2025,raw_within_weir_pearson,equal_per_weir_fisher_z,ndci,chlorophyll_a,Gumi Weir,0.47544032396269281,True,15,12,0.4446829238145692,0.045323633509734784,True
pm2_2017_2025,raw_within_weir_pearson,equal_per_weir_fisher_z,ndci,harmful_cyanobacteria,Gumi Weir,0.39935929030483441,True,12,12,0.39935929030483441,0.045323633509734784,True
pm2_2017_2025,raw_within_weir_pearson,equal_per_weir_fisher_z,ndci,chlorophyll_a,Hapcheon-Changnyeong Weir,0.46394431164488459,True,15,12,0.42977025301383359,0.044900692428461841,True
pm2_2017_2025,raw_within_weir_pearson,equal_per_weir_fisher_z,ndci,harmful_cyanobacteria,Hapcheon-Changnyeong Weir,0.38486956058537175,True,12,12,0.38486956058537175,0.044900692428461841,True
pm2_2017_2025,raw_within_weir_pearson,equal_per_weir_fisher_z,ndci,chlorophyll_a,Ipo Weir,0.44621766214450426,True,15,13,0.43226108696707544,0.045203773666750879,True
pm2_2017_2025,raw_within_weir_pearson,equal_per_weir_fisher_z,ndci,harmful_cyanobacteria,Ipo Weir,0.38705731330032456,True,13,13,0.38705731330032456,0.045203773666750879,True
pm2_2017_2025,raw_within_weir_pearson,equal_per_weir_fisher_z,ndci,chlorophyll_a,Juksan Weir,0.47347083901701054,True,15,12,0.44213052786807061,0.0723284112160133,True
pm2_2017_2025,raw_within_weir_pearson,equal_per_weir_fisher_z,ndci,harmful_cyanobacteria,Juksan Weir,0.36980211665205731,True,12,12,0.36980211665205731,0.0723284112160133,True
pm2_2017_2025,raw_within_weir_pearson,equal_per_weir_fisher_z,ndci,chlorophyll_a,Nakdan Weir,0.46646918866149284,True,15,12,0.43304840204043227,0.03587709829644492,True
pm2_2017_2025,raw_within_weir_pearson,equal_per_weir_fisher_z,ndci,harmful_cyanobacteria,Nakdan Weir,0.39717130374398735,True,12,12,0.39717130374398735,0.03587709829644492,True
pm2_2017_2025,raw_within_weir_pearson,equal_per_weir_fisher_z,ndci,chlorophyll_a,Sangju Weir,0.46685629525095879,True,15,12,0.43355085900616513,0.045825670978917599,True
pm2_2017_2025,raw_within_weir_pearson,equal_per_weir_fisher_z,ndci,harmful_cyanobacteria,Sangju Weir,0.38772518802724754,True,12,12,0.38772518802724754,0.045825670978917599,True
pm2_2017_2025,raw_within_weir_pearson,equal_per_weir_fisher_z,ndci,chlorophyll_a,Sejong Weir,0.45536220994463833,True,15,12,0.41861642976612684,0.0065583828040693404,True
pm2_2017_2025,raw_within_weir_pearson,equal_per_weir_fisher_z,ndci,harmful_cyanobacteria,Sejong Weir,0.4120580469620575,True,12,12,0.4120580469620575,0.0065583828040693404,True
pm2_2017_2025,raw_within_weir_pearson,equal_per_weir_fisher_z,ndci,chlorophyll_a,Seungchon Weir,0.47897870671874193,True,15,12,0.44926593062122011,0.068356507768570662,True
pm2_2017_2025,raw_within_weir_pearson,equal_per_weir_fisher_z,ndci,harmful_cyanobacteria,Seungchon Weir,0.38090942285264945,True,12,12,0.38090942285264945,0.068356507768570662,True
pm2_2017_2025,raw_within_weir_pearson,equal_per_weir_fisher_z,ndci,chlorophyll_a,Yeoju Weir,0.45485716780365182,True,15,13,0.43226108696707544,0.045203773666750879,True
pm2_2017_2025,raw_within_weir_pearson,equal_per_weir_fisher_z,ndci,harmful_cyanobacteria,Yeoju Weir,0.38705731330032456,True,13,13,0.38705731330032456,0.045203773666750879,True
pm2_2017_2025,raw_within_weir_pearson,equal_per_weir_fisher_z,fai,chlorophyll_a,Baekje Weir,0.18022732591711452,True,15,12,0.19134339002647338,,False
pm2_2017_2025,raw_within_weir_pearson,equal_per_weir_fisher_z,fai,harmful_cyanobacteria,Baekje Weir,0.17492635958833982,True,12,12,0.17492635958833982,,False
pm2_2017_2025,raw_within_weir_pearson,equal_per_weir_fisher_z,fai,chlorophyll_a,Changnyeong-Haman Weir,0.17461318095903805,True,15,12,0.18435332076105027,,False
pm2_2017_2025,raw_within_weir_pearson,equal_per_weir_fisher_z,fai,harmful_cyanobacteria,Changnyeong-Haman Weir,0.18485775202114335,True,12,12,0.18485775202114335,,False
pm2_2017_2025,raw_within_weir_pearson,equal_per_weir_fisher_z,fai,chlorophyll_a,Chilgok Weir,0.17956088540019413,True,15,12,0.19051386212221769,,False
pm2_2017_2025,raw_within_weir_pearson,equal_per_weir_fisher_z,fai,harmful_cyanobacteria,Chilgok Weir,0.19066285086118137,True,12,12,0.19066285086118137,,False
pm2_2017_2025,raw_within_weir_pearson,equal_per_weir_fisher_z,fai,chlorophyll_a,Dalseong Weir,0.17415704390995537,True,15,12,0.18378519078243019,,False
pm2_2017_2025,raw_within_weir_pearson,equal_per_weir_fisher_z,fai,harmful_cyanobacteria,Dalseong Weir,0.19254563925288898,True,12,12,0.19254563925288898,,False
pm2_2017_2025,raw_within_weir_pearson,equal_per_weir_fisher_z,fai,chlorophyll_a,Gangcheon Weir,0.18302738743888436,True,15,13,0.18729812501140031,,False
pm2_2017_2025,raw_within_weir_pearson,equal_per_weir_fisher_z,fai,harmful_cyanobacteria,Gangcheon Weir,0.19469353133482853,True,13,13,0.19469353133482853,,False
pm2_2017_2025,raw_within_weir_pearson,equal_per_weir_fisher_z,fai,chlorophyll_a,Gangjeong-Goryeong Weir,0.17842598672177637,True,15,12,0.18910108393628033,,False
pm2_2017_2025,raw_within_weir_pearson,equal_per_weir_fisher_z,fai,harmful_cyanobacteria,Gangjeong-Goryeong Weir,0.19235715364922359,True,12,12,0.19235715364922359,,False
pm2_2017_2025,raw_within_weir_pearson,equal_per_weir_fisher_z,fai,chlorophyll_a,Gongju Weir,0.16563862176703084,True,15,12,0.17316997833446052,,False
pm2_2017_2025,raw_within_weir_pearson,equal_per_weir_fisher_z,fai,harmful_cyanobacteria,Gongju Weir,0.22490048720844033,True,12,12,0.22490048720844033,,False
pm2_2017_2025,raw_within_weir_pearson,equal_per_weir_fisher_z,fai,chlorophyll_a,Gumi Weir,0.1865422103873717,True,15,12,0.19920021132728968,,False
pm2_2017_2025,raw_within_weir_pearson,equal_per_weir_fisher_z,fai,harmful_cyanobacteria,Gumi Weir,0.20164651908392417,True,12,12,0.20164651908392417,,False
pm2_2017_2025,raw_within_weir_pearson,equal_per_weir_fisher_z,fai,chlorophyll_a,Hapcheon-Changnyeong Weir,0.17393282796549231,True,15,12,0.18350591337856825,,False
pm2_2017_2025,raw_within_weir_pearson,equal_per_weir_fisher_z,fai,harmful_cyanobacteria,Hapcheon-Changnyeong Weir,0.18039505743684545,True,12,12,0.18039505743684545,,False
pm2_2017_2025,raw_within_weir_pearson,equal_per_weir_fisher_z,fai,chlorophyll_a,Ipo Weir,0.18125309710970516,True,15,13,0.18729812501140031,,False
pm2_2017_2025,raw_within_weir_pearson,equal_per_weir_fisher_z,fai,harmful_cyanobacteria,Ipo Weir,0.19469353133482853,True,13,13,0.19469353133482853,,False
pm2_2017_2025,raw_within_weir_pearson,equal_per_weir_fisher_z,fai,chlorophyll_a,Juksan Weir,0.18529285182144245,True,15,12,0.19764628824051902,,False
pm2_2017_2025,raw_within_weir_pearson,equal_per_weir_fisher_z,fai,harmful_cyanobacteria,Juksan Weir,0.17491094809841068,True,12,12,0.17491094809841068,,False
pm2_2017_2025,raw_within_weir_pearson,equal_per_weir_fisher_z,fai,chlorophyll_a,Nakdan Weir,0.17178832585352669,True,15,12,0.18083441930478078,,False
pm2_2017_2025,raw_within_weir_pearson,equal_per_weir_fisher_z,fai,harmful_cyanobacteria,Nakdan Weir,0.19999580737579659,True,12,12,0.19999580737579659,,False
pm2_2017_2025,raw_within_weir_pearson,equal_per_weir_fisher_z,fai,chlorophyll_a,Sangju Weir,0.17583546565043334,True,15,12,0.18587555906159878,,False
pm2_2017_2025,raw_within_weir_pearson,equal_per_weir_fisher_z,fai,harmful_cyanobacteria,Sangju Weir,0.20098182918418286,True,12,12,0.20098182918418286,,False
pm2_2017_2025,raw_within_weir_pearson,equal_per_weir_fisher_z,fai,chlorophyll_a,Sejong Weir,0.15124595378169589,True,15,12,0.15521357547932632,,False
pm2_2017_2025,raw_within_weir_pearson,equal_per_weir_fisher_z,fai,harmful_cyanobacteria,Sejong Weir,0.21298099733633,True,12,12,0.21298099733633,,False
pm2_2017_2025,raw_within_weir_pearson,equal_per_weir_fisher_z,fai,chlorophyll_a,Seungchon Weir,0.20313952650914027,True,15,12,0.21981861290206947,,False
pm2_2017_2025,raw_within_weir_pearson,equal_per_weir_fisher_z,fai,harmful_cyanobacteria,Seungchon Weir,0.19934343365749385,True,12,12,0.19934343365749385,,False
pm2_2017_2025,raw_within_weir_pearson,equal_per_weir_fisher_z,fai,chlorophyll_a,Yeoju Weir,0.17698313798337523,True,15,13,0.18729812501140031,,False
pm2_2017_2025,raw_within_weir_pearson,equal_per_weir_fisher_z,fai,harmful_cyanobacteria,Yeoju Weir,0.19469353133482853,True,13,13,0.19469353133482853,,False
pm2_2017_2025,raw_within_weir_pearson,equal_per_observation,ndci,chlorophyll_a,Baekje Weir,0.45288576069523961,True,15,12,0.43380003165933573,0.040207103248236176,True
pm2_2017_2025,raw_within_weir_pearson,equal_per_observation,ndci,harmful_cyanobacteria,Baekje Weir,0.39359292841109955,True,12,12,0.39359292841109955,0.040207103248236176,True
pm2_2017_2025,raw_within_weir_pearson,equal_per_observation,ndci,chlorophyll_a,Changnyeong-Haman Weir,0.44267958316453138,True,15,12,0.42278452934390953,0.048403760818110153,True
pm2_2017_2025,raw_within_weir_pearson,equal_per_observation,ndci,harmful_cyanobacteria,Changnyeong-Haman Weir,0.37438076852579938,True,12,12,0.37438076852579938,0.048403760818110153,True
pm2_2017_2025,raw_within_weir_pearson,equal_per_observation,ndci,chlorophyll_a,Chilgok Weir,0.43515903194249839,True,15,12,0.41453818878116366,0.048799220174702229,True
pm2_2017_2025,raw_within_weir_pearson,equal_per_observation,ndci,harmful_cyanobacteria,Chilgok Weir,0.36573896860646143,True,12,12,0.36573896860646143,0.048799220174702229,True
pm2_2017_2025,raw_within_weir_pearson,equal_per_observation,ndci,chlorophyll_a,Dalseong Weir,0.42471636101150001,True,15,12,0.40209352441626711,0.047396366915636423,True
pm2_2017_2025,raw_within_weir_pearson,equal_per_observation,ndci,harmful_cyanobacteria,Dalseong Weir,0.35469715750063069,True,12,12,0.35469715750063069,0.047396366915636423,True
pm2_2017_2025,raw_within_weir_pearson,equal_per_observation,ndci,chlorophyll_a,Gangcheon Weir,0.43709072735720533,True,15,13,0.41945491684730934,0.042661187705973935,True
pm2_2017_2025,raw_within_weir_pearson,equal_per_observation,ndci,harmful_cyanobacteria,Gangcheon Weir,0.37679372914133541,True,13,13,0.37679372914133541,0.042661187705973935,True
pm2_2017_2025,raw_within_weir_pearson,equal_per_observation,ndci,chlorophyll_a,Gangjeong-Goryeong Weir,0.41933946135407446,True,15,12,0.39653362359433136,0.037221256728360796,True
pm2_2017_2025,raw_within_weir_pearson,equal_per_observation,ndci,harmful_cyanobacteria,Gangjeong-Goryeong Weir,0.35931236686597057,True,12,12,0.35931236686597057,0.037221256728360796,True
pm2_2017_2025,raw_within_weir_pearson,equal_per_observation,ndci,chlorophyll_a,Gongju Weir,0.44790713762829892,True,15,12,0.42940042718027699,0.032719575088411612,True
pm2_2017_2025,raw_within_weir_pearson,equal_per_observation,ndci,harmful_cyanobacteria,Gongju Weir,0.39668085209186538,True,12,12,0.39668085209186538,0.032719575088411612,True
pm2_2017_2025,raw_within_weir_pearson,equal_per_observation,ndci,chlorophyll_a,Gumi Weir,0.45027711405951887,True,15,12,0.43167852902959014,0.044008862211703526,True
pm2_2017_2025,raw_within_weir_pearson,equal_per_observation,ndci,harmful_cyanobacteria,Gumi Weir,0.38766966681788662,True,12,12,0.38766966681788662,0.044008862211703526,True
pm2_2017_2025,raw_within_weir_pearson,equal_per_observation,ndci,chlorophyll_a,Hapcheon-Changnyeong Weir,0.43575494011424321,True,15,12,0.41457259698285204,0.041833907784213531,True
pm2_2017_2025,raw_within_weir_pearson,equal_per_observation,ndci,harmful_cyanobacteria,Hapcheon-Changnyeong Weir,0.37273868919863851,True,12,12,0.37273868919863851,0.041833907784213531,True
pm2_2017_2025,raw_within_weir_pearson,equal_per_observation,ndci,chlorophyll_a,Ipo Weir,0.42609534320725034,True,15,13,0.41945491684730934,0.042661187705973935,True
pm2_2017_2025,raw_within_weir_pearson,equal_per_observation,ndci,harmful_cyanobacteria,Ipo Weir,0.37679372914133541,True,13,13,0.37679372914133541,0.042661187705973935,True
pm2_2017_2025,raw_within_weir_pearson,equal_per_observation,ndci,chlorophyll_a,Juksan Weir,0.44352692212930706,True,15,12,0.42474192176716619,0.060446714704671556,True
pm2_2017_2025,raw_within_weir_pearson,equal_per_observation,ndci,harmful_cyanobacteria,Juksan Weir,0.36429520706249463,True,12,12,0.36429520706249463,0.060446714704671556,True
pm2_2017_2025,raw_within_weir_pearson,equal_per_observation,ndci,chlorophyll_a,Nakdan Weir,0.43900030138141988,True,15,12,0.4193025628843457,0.034983027034050374,True
pm2_2017_2025,raw_within_weir_pearson,equal_per_observation,ndci,harmful_cyanobacteria,Nakdan Weir,0.38431953585029532,True,12,12,0.38431953585029532,0.034983027034050374,True
pm2_2017_2025,raw_within_weir_pearson,equal_per_observation,ndci,chlorophyll_a,Sangju Weir,0.43963384352214369,True,15,12,0.41968676477919759,0.042932462660331461,True
pm2_2017_2025,raw_within_weir_pearson,equal_per_observation,ndci,harmful_cyanobacteria,Sangju Weir,0.37675430211886612,True,12,12,0.37675430211886612,0.042932462660331461,True
pm2_2017_2025,raw_within_weir_pearson,equal_per_observation,ndci,chlorophyll_a,Sejong Weir,0.43416158610306932,True,15,12,0.41395276134894465,0.01797062185399112,True
pm2_2017_2025,raw_within_weir_pearson,equal_per_observation,ndci,harmful_cyanobacteria,Sejong Weir,0.39598213949495353,True,12,12,0.39598213949495353,0.01797062185399112,True
pm2_2017_2025,raw_within_weir_pearson,equal_per_observation,ndci,chlorophyll_a,Seungchon Weir,0.44848940763098433,True,15,12,0.43023233962812024,0.057805767799576913,True
pm2_2017_2025,raw_within_weir_pearson,equal_per_observation,ndci,harmful_cyanobacteria,Seungchon Weir,0.37242657182854333,True,12,12,0.37242657182854333,0.057805767799576913,True
pm2_2017_2025,raw_within_weir_pearson,equal_per_observation,ndci,chlorophyll_a,Yeoju Weir,0.4336982124867404,True,15,13,0.41945491684730934,0.042661187705973935,True
pm2_2017_2025,raw_within_weir_pearson,equal_per_observation,ndci,harmful_cyanobacteria,Yeoju Weir,0.37679372914133541,True,13,13,0.37679372914133541,0.042661187705973935,True
pm2_2017_2025,raw_within_weir_pearson,equal_per_observation,fai,chlorophyll_a,Baekje Weir,0.16507829761455756,True,15,12,0.17031121245394376,,False
pm2_2017_2025,raw_within_weir_pearson,equal_per_observation,fai,harmful_cyanobacteria,Baekje Weir,0.18120322213845574,True,12,12,0.18120322213845574,,False
pm2_2017_2025,raw_within_weir_pearson,equal_per_observation,fai,chlorophyll_a,Changnyeong-Haman Weir,0.16100737298805595,True,15,12,0.16550224843619094,,False
pm2_2017_2025,raw_within_weir_pearson,equal_per_observation,fai,harmful_cyanobacteria,Changnyeong-Haman Weir,0.20202945864794442,True,12,12,0.20202945864794442,,False
pm2_2017_2025,raw_within_weir_pearson,equal_per_observation,fai,chlorophyll_a,Chilgok Weir,0.1640553941446882,True,15,12,0.16928623883092836,,False
pm2_2017_2025,raw_within_weir_pearson,equal_per_observation,fai,harmful_cyanobacteria,Chilgok Weir,0.20358141588335235,True,12,12,0.20358141588335235,,False
pm2_2017_2025,raw_within_weir_pearson,equal_per_observation,fai,chlorophyll_a,Dalseong Weir,0.15978024423195214,True,15,12,0.16464287290287971,,False
pm2_2017_2025,raw_within_weir_pearson,equal_per_observation,fai,harmful_cyanobacteria,Dalseong Weir,0.20592019576979159,True,12,12,0.20592019576979159,,False
pm2_2017_2025,raw_within_weir_pearson,equal_per_observation,fai,chlorophyll_a,Gangcheon Weir,0.16454336366451763,True,15,13,0.16745598990297525,,False
pm2_2017_2025,raw_within_weir_pearson,equal_per_observation,fai,harmful_cyanobacteria,Gangcheon Weir,0.20584130144605414,True,13,13,0.20584130144605414,,False
pm2_2017_2025,raw_within_weir_pearson,equal_per_observation,fai,chlorophyll_a,Gangjeong-Goryeong Weir,0.16399486519489592,True,15,12,0.16936110268110133,,False
pm2_2017_2025,raw_within_weir_pearson,equal_per_observation,fai,harmful_cyanobacteria,Gangjeong-Goryeong Weir,0.20607884735720847,True,12,12,0.20607884735720847,,False
pm2_2017_2025,raw_within_weir_pearson,equal_per_observation,fai,chlorophyll_a,Gongju Weir,0.15036718866407764,True,15,12,0.1545411336440787,,False
pm2_2017_2025,raw_within_weir_pearson,equal_per_observation,fai,harmful_cyanobacteria,Gongju Weir,0.23222620194309754,True,12,12,0.23222620194309754,,False
pm2_2017_2025,raw_within_weir_pearson,equal_per_observation,fai,chlorophyll_a,Gumi Weir,0.18049096635933315,True,15,12,0.18686624805382981,,False
pm2_2017_2025,raw_within_weir_pearson,equal_per_observation,fai,harmful_cyanobacteria,Gumi Weir,0.22156436474156879,True,12,12,0.22156436474156879,,False
pm2_2017_2025,raw_within_weir_pearson,equal_per_observation,fai,chlorophyll_a,Hapcheon-Changnyeong Weir,0.15523260482094778,True,15,12,0.15961712211782825,,False
pm2_2017_2025,raw_within_weir_pearson,equal_per_observation,fai,harmful_cyanobacteria,Hapcheon-Changnyeong Weir,0.187705796419492,True,12,12,0.187705796419492,,False
pm2_2017_2025,raw_within_weir_pearson,equal_per_observation,fai,chlorophyll_a,Ipo Weir,0.16485177962179784,True,15,13,0.16745598990297525,,False
pm2_2017_2025,raw_within_weir_pearson,equal_per_observation,fai,harmful_cyanobacteria,Ipo Weir,0.20584130144605414,True,13,13,0.20584130144605414,,False
pm2_2017_2025,raw_within_weir_pearson,equal_per_observation,fai,chlorophyll_a,Juksan Weir,0.174572059522863,True,15,12,0.18011642695932595,,False
pm2_2017_2025,raw_within_weir_pearson,equal_per_observation,fai,harmful_cyanobacteria,Juksan Weir,0.18203607170271696,True,12,12,0.18203607170271696,,False
pm2_2017_2025,raw_within_weir_pearson,equal_per_observation,fai,chlorophyll_a,Nakdan Weir,0.15835833675663766,True,15,12,0.16295257265146265,,False
pm2_2017_2025,raw_within_weir_pearson,equal_per_observation,fai,harmful_cyanobacteria,Nakdan Weir,0.21005381304545834,True,12,12,0.21005381304545834,,False
pm2_2017_2025,raw_within_weir_pearson,equal_per_observation,fai,chlorophyll_a,Sangju Weir,0.16093076357658559,True,15,12,0.16580221910969173,,False
pm2_2017_2025,raw_within_weir_pearson,equal_per_observation,fai,harmful_cyanobacteria,Sangju Weir,0.21275911521952032,True,12,12,0.21275911521952032,,False
pm2_2017_2025,raw_within_weir_pearson,equal_per_observation,fai,chlorophyll_a,Sejong Weir,0.14236290788450984,True,15,12,0.14574354491232808,,False
pm2_2017_2025,raw_within_weir_pearson,equal_per_observation,fai,harmful_cyanobacteria,Sejong Weir,0.22013832689961857,True,12,12,0.22013832689961857,,False
pm2_2017_2025,raw_within_weir_pearson,equal_per_observation,fai,chlorophyll_a,Seungchon Weir,0.17813200820822414,True,15,12,0.18432643333627799,,False
pm2_2017_2025,raw_within_weir_pearson,equal_per_observation,fai,harmful_cyanobacteria,Seungchon Weir,0.20939410418156576,True,12,12,0.20939410418156576,,False
pm2_2017_2025,raw_within_weir_pearson,equal_per_observation,fai,chlorophyll_a,Yeoju Weir,0.16337034734351624,True,15,13,0.16745598990297525,,False
pm2_2017_2025,raw_within_weir_pearson,equal_per_observation,fai,harmful_cyanobacteria,Yeoju Weir,0.20584130144605414,True,13,13,0.20584130144605414,,False
pm2_2017_2025,within_weir_percentile_midrank,equal_per_weir_fisher_z,ndci,chlorophyll_a,Baekje Weir,0.48740715217231384,True,15,12,0.4599255933664908,0.0090242477853607617,True
pm2_2017_2025,within_weir_percentile_midrank,equal_per_weir_fisher_z,ndci,harmful_cyanobacteria,Baekje Weir,0.45090134558113004,True,12,12,0.45090134558113004,0.0090242477853607617,True
pm2_2017_2025,within_weir_percentile_midrank,equal_per_weir_fisher_z,ndci,chlorophyll_a,Changnyeong-Haman Weir,0.46500912903874381,True,15,12,0.43090208349110648,-0.0064681288113810353,True
pm2_2017_2025,within_weir_percentile_midrank,equal_per_weir_fisher_z,ndci,harmful_cyanobacteria,Changnyeong-Haman Weir,0.43737021230248752,True,12,12,0.43737021230248752,-0.0064681288113810353,True
pm2_2017_2025,within_weir_percentile_midrank,equal_per_weir_fisher_z,ndci,chlorophyll_a,Chilgok Weir,0.47161586383100262,True,15,12,0.43947703882707295,0.0040797054312192715,True
pm2_2017_2025,within_weir_percentile_midrank,equal_per_weir_fisher_z,ndci,harmful_cyanobacteria,Chilgok Weir,0.43539733339585368,True,12,12,0.43539733339585368,0.0040797054312192715,True
pm2_2017_2025,within_weir_percentile_midrank,equal_per_weir_fisher_z,ndci,chlorophyll_a,Dalseong Weir,0.46907797532034778,True,15,12,0.43618438708184315,0.010064441813204039,True
pm2_2017_2025,within_weir_percentile_midrank,equal_per_weir_fisher_z,ndci,harmful_cyanobacteria,Dalseong Weir,0.42611994526863911,True,12,12,0.42611994526863911,0.010064441813204039,True
pm2_2017_2025,within_weir_percentile_midrank,equal_per_weir_fisher_z,ndci,chlorophyll_a,Gangcheon Weir,0.474856109050249,True,15,13,0.44764737933972615,0.0012397143826718415,True
pm2_2017_2025,within_weir_percentile_midrank,equal_per_weir_fisher_z,ndci,harmful_cyanobacteria,Gangcheon Weir,0.44640766495705431,True,13,13,0.44640766495705431,0.0012397143826718415,True
pm2_2017_2025,within_weir_percentile_midrank,equal_per_weir_fisher_z,ndci,chlorophyll_a,Gangjeong-Goryeong Weir,0.45855225189787902,True,15,12,0.42251133485537495,0.0013985347721874875,True
pm2_2017_2025,within_weir_percentile_midrank,equal_per_weir_fisher_z,ndci,harmful_cyanobacteria,Gangjeong-Goryeong Weir,0.42111280008318747,True,12,12,0.42111280008318747,0.0013985347721874875,True
pm2_2017_2025,within_weir_percentile_midrank,equal_per_weir_fisher_z,ndci,chlorophyll_a,Gongju Weir,0.4832338026882404,True,15,12,0.45452822201076132,-0.018713825353190883,True
pm2_2017_2025,within_weir_percentile_midrank,equal_per_weir_fisher_z,ndci,harmful_cyanobacteria,Gongju Weir,0.4732420473639522,True,12,12,0.4732420473639522,-0.018713825353190883,True
pm2_2017_2025,within_weir_percentile_midrank,equal_per_weir_fisher_z,ndci,chlorophyll_a,Gumi Weir,0.48633601028806706,True,15,12,0.45854077710106272,0.0031354804151713656,True
pm2_2017_2025,within_weir_percentile_midrank,equal_per_weir_fisher_z,ndci,harmful_cyanobacteria,Gumi Weir,0.45540529668589136,True,12,12,0.45540529668589136,0.0031354804151713656,True
pm2_2017_2025,within_weir_percentile_midrank,equal_per_weir_fisher_z,ndci,chlorophyll_a,Hapcheon-Changnyeong Weir,0.47481522276360455,True,15,12,0.44362549629005105,0.002926847444320313,True
pm2_2017_2025,within_weir_percentile_midrank,equal_per_weir_fisher_z,ndci,harmful_cyanobacteria,Hapcheon-Changnyeong Weir,0.44069864884573073,True,12,12,0.44069864884573073,0.002926847444320313,True
pm2_2017_2025,within_weir_percentile_midrank,equal_per_weir_fisher_z,ndci,chlorophyll_a,Ipo Weir,0.46020714827674969,True,15,13,0.44764737933972615,0.0012397143826718415,True
pm2_2017_2025,within_weir_percentile_midrank,equal_per_weir_fisher_z,ndci,harmful_cyanobacteria,Ipo Weir,0.44640766495705431,True,13,13,0.44640766495705431,0.0012397143826718415,True
pm2_2017_2025,within_weir_percentile_midrank,equal_per_weir_fisher_z,ndci,chlorophyll_a,Juksan Weir,0.48878715451511795,True,15,12,0.46170921489495892,0.026043491459897095,True
pm2_2017_2025,within_weir_percentile_midrank,equal_per_weir_fisher_z,ndci,harmful_cyanobacteria,Juksan Weir,0.43566572343506182,True,12,12,0.43566572343506182,0.026043491459897095,True
pm2_2017_2025,within_weir_percentile_midrank,equal_per_weir_fisher_z,ndci,chlorophyll_a,Nakdan Weir,0.47764265281315377,True,15,12,0.44728942029691365,-0.008813101578323046,True
pm2_2017_2025,within_weir_percentile_midrank,equal_per_weir_fisher_z,ndci,harmful_cyanobacteria,Nakdan Weir,0.4561025218752367,True,12,12,0.4561025218752367,-0.008813101578323046,True
pm2_2017_2025,within_weir_percentile_midrank,equal_per_weir_fisher_z,ndci,chlorophyll_a,Sangju Weir,0.47984147192582011,True,15,12,0.45013725063555249,-0.0023575123655927843,True
pm2_2017_2025,within_weir_percentile_midrank,equal_per_weir_fisher_z,ndci,harmful_cyanobacteria,Sangju Weir,0.45249476300114527,True,12,12,0.45249476300114527,-0.0023575123655927843,True
pm2_2017_2025,within_weir_percentile_midrank,equal_per_weir_fisher_z,ndci,chlorophyll_a,Sejong Weir,0.47396732452340423,True,15,12,0.4425263295650963,-0.031447331659490041,True
pm2_2017_2025,within_weir_percentile_midrank,equal_per_weir_fisher_z,ndci,harmful_cyanobacteria,Sejong Weir,0.47397366122458634,True,12,12,0.47397366122458634,-0.031447331659490041,True
pm2_2017_2025,within_weir_percentile_midrank,equal_per_weir_fisher_z,ndci,chlorophyll_a,Seungchon Weir,0.49584609647614863,True,15,12,0.47082366405258891,0.027764497864088744,True
pm2_2017_2025,within_weir_percentile_midrank,equal_per_weir_fisher_z,ndci,harmful_cyanobacteria,Seungchon Weir,0.44305916618850016,True,12,12,0.44305916618850016,0.027764497864088744,True
pm2_2017_2025,within_weir_percentile_midrank,equal_per_weir_fisher_z,ndci,chlorophyll_a,Yeoju Weir,0.46871783597273742,True,15,13,0.44764737933972615,0.0012397143826718415,True
pm2_2017_2025,within_weir_percentile_midrank,equal_per_weir_fisher_z,ndci,harmful_cyanobacteria,Yeoju Weir,0.44640766495705431,True,13,13,0.44640766495705431,0.0012397143826718415,True
pm2_2017_2025,within_weir_percentile_midrank,equal_per_weir_fisher_z,fai,chlorophyll_a,Baekje Weir,0.19465349302725787,True,15,12,0.18600504092528208,,False
pm2_2017_2025,within_weir_percentile_midrank,equal_per_weir_fisher_z,fai,harmful_cyanobacteria,Baekje Weir,0.27805705848798135,True,12,12,0.27805705848798135,,False
pm2_2017_2025,within_weir_percentile_midrank,equal_per_weir_fisher_z,fai,chlorophyll_a,Changnyeong-Haman Weir,0.1837741588712519,True,15,12,0.17235382360107562,,False
pm2_2017_2025,within_weir_percentile_midrank,equal_per_weir_fisher_z,fai,harmful_cyanobacteria,Changnyeong-Haman Weir,0.26182035470327908,True,12,12,0.26182035470327908,,False
pm2_2017_2025,within_weir_percentile_midrank,equal_per_weir_fisher_z,fai,chlorophyll_a,Chilgok Weir,0.20372305757909706,True,15,12,0.19737654142750233,,False
pm2_2017_2025,within_weir_percentile_midrank,equal_per_weir_fisher_z,fai,harmful_cyanobacteria,Chilgok Weir,0.28767821523786541,True,12,12,0.28767821523786541,,False
pm2_2017_2025,within_weir_percentile_midrank,equal_per_weir_fisher_z,fai,chlorophyll_a,Dalseong Weir,0.19574755882786563,True,15,12,0.18737724331233901,,False
pm2_2017_2025,within_weir_percentile_midrank,equal_per_weir_fisher_z,fai,harmful_cyanobacteria,Dalseong Weir,0.28207848558385412,True,12,12,0.28207848558385412,,False
pm2_2017_2025,within_weir_percentile_midrank,equal_per_weir_fisher_z,fai,chlorophyll_a,Gangcheon Weir,0.20208067240372055,True,15,13,0.18826455585008911,,False
pm2_2017_2025,within_weir_percentile_midrank,equal_per_weir_fisher_z,fai,harmful_cyanobacteria,Gangcheon Weir,0.28728349453012447,True,13,13,0.28728349453012447,,False
pm2_2017_2025,within_weir_percentile_midrank,equal_per_weir_fisher_z,fai,chlorophyll_a,Gangjeong-Goryeong Weir,0.2010472474843468,True,15,12,0.19402249805196958,,False
pm2_2017_2025,within_weir_percentile_midrank,equal_per_weir_fisher_z,fai,harmful_cyanobacteria,Gangjeong-Goryeong Weir,0.27975178543953311,True,12,12,0.27975178543953311,,False
pm2_2017_2025,within_weir_percentile_midrank,equal_per_weir_fisher_z,fai,chlorophyll_a,Gongju Weir,0.1828308665391126,True,15,12,0.17116970858544203,,False
pm2_2017_2025,within_weir_percentile_midrank,equal_per_weir_fisher_z,fai,harmful_cyanobacteria,Gongju Weir,0.32021420859778177,True,12,12,0.32021420859778177,,False
pm2_2017_2025,within_weir_percentile_midrank,equal_per_weir_fisher_z,fai,chlorophyll_a,Gumi Weir,0.21053555807254856,True,15,12,0.20591209345148614,,False
pm2_2017_2025,within_weir_percentile_midrank,equal_per_weir_fisher_z,fai,harmful_cyanobacteria,Gumi Weir,0.27572974798542921,True,12,12,0.27572974798542921,,False
pm2_2017_2025,within_weir_percentile_midrank,equal_per_weir_fisher_z,fai,chlorophyll_a,Hapcheon-Changnyeong Weir,0.19536720526346202,True,15,12,0.18690020867956469,,False
pm2_2017_2025,within_weir_percentile_midrank,equal_per_weir_fisher_z,fai,harmful_cyanobacteria,Hapcheon-Changnyeong Weir,0.27456894101679841,True,12,12,0.27456894101679841,,False
pm2_2017_2025,within_weir_percentile_midrank,equal_per_weir_fisher_z,fai,chlorophyll_a,Ipo Weir,0.18785107546622656,True,15,13,0.18826455585008911,,False
pm2_2017_2025,within_weir_percentile_midrank,equal_per_weir_fisher_z,fai,harmful_cyanobacteria,Ipo Weir,0.28728349453012447,True,13,13,0.28728349453012447,,False
pm2_2017_2025,within_weir_percentile_midrank,equal_per_weir_fisher_z,fai,chlorophyll_a,Juksan Weir,0.20142777184435581,True,15,12,0.19449952131635262,,False
pm2_2017_2025,within_weir_percentile_midrank,equal_per_weir_fisher_z,fai,harmful_cyanobacteria,Juksan Weir,0.27302095135933635,True,12,12,0.27302095135933635,,False
pm2_2017_2025,within_weir_percentile_midrank,equal_per_weir_fisher_z,fai,chlorophyll_a,Nakdan Weir,0.19765089183245102,True,15,12,0.18976415974467631,,False
pm2_2017_2025,within_weir_percentile_midrank,equal_per_weir_fisher_z,fai,harmful_cyanobacteria,Nakdan Weir,0.29427559029571426,True,12,12,0.29427559029571426,,False
pm2_2017_2025,within_weir_percentile_midrank,equal_per_weir_fisher_z,fai,chlorophyll_a,Sangju Weir,0.2008719883604779,True,15,12,0.19380278888556496,,False
pm2_2017_2025,within_weir_percentile_midrank,equal_per_weir_fisher_z,fai,harmful_cyanobacteria,Sangju Weir,0.29699032899010414,True,12,12,0.29699032899010414,,False
pm2_2017_2025,within_weir_percentile_midrank,equal_per_weir_fisher_z,fai,chlorophyll_a,Sejong Weir,0.16653740818808546,True,15,12,0.15070625086657866,,False
pm2_2017_2025,within_weir_percentile_midrank,equal_per_weir_fisher_z,fai,harmful_cyanobacteria,Sejong Weir,0.31527115244897647,True,12,12,0.31527115244897647,,False
pm2_2017_2025,within_weir_percentile_midrank,equal_per_weir_fisher_z,fai,chlorophyll_a,Seungchon Weir,0.21932828354836456,True,15,12,0.21692022352955534,,False
pm2_2017_2025,within_weir_percentile_midrank,equal_per_weir_fisher_z,fai,harmful_cyanobacteria,Seungchon Weir,0.29415391219077824,True,12,12,0.29415391219077824,,False
pm2_2017_2025,within_weir_percentile_midrank,equal_per_weir_fisher_z,fai,chlorophyll_a,Yeoju Weir,0.19122950204913361,True,15,13,0.18826455585008911,,False
pm2_2017_2025,within_weir_percentile_midrank,equal_per_weir_fisher_z,fai,harmful_cyanobacteria,Yeoju Weir,0.28728349453012447,True,13,13,0.28728349453012447,,False
pm2_2017_2025,within_weir_percentile_midrank,equal_per_observation,ndci,chlorophyll_a,Baekje Weir,0.47409360241744186,True,15,12,0.45853081561079451,0.012897456967683796,True
pm2_2017_2025,within_weir_percentile_midrank,equal_per_observation,ndci,harmful_cyanobacteria,Baekje Weir,0.44563335864311071,True,12,12,0.44563335864311071,0.012897456967683796,True
pm2_2017_2025,within_weir_percentile_midrank,equal_per_observation,ndci,chlorophyll_a,Changnyeong-Haman Weir,0.45370396223274068,True,15,12,0.43566360215251698,9.7246188774990916e-05,True
pm2_2017_2025,within_weir_percentile_midrank,equal_per_observation,ndci,harmful_cyanobacteria,Changnyeong-Haman Weir,0.43556635596374199,True,12,12,0.43556635596374199,9.7246188774990916e-05,True
pm2_2017_2025,within_weir_percentile_midrank,equal_per_observation,ndci,chlorophyll_a,Chilgok Weir,0.45510412748524309,True,15,12,0.4366042067597018,0.0072112032244329716,True
pm2_2017_2025,within_weir_percentile_midrank,equal_per_observation,ndci,harmful_cyanobacteria,Chilgok Weir,0.42939300353526882,True,12,12,0.42939300353526882,0.0072112032244329716,True
pm2_2017_2025,within_weir_percentile_midrank,equal_per_observation,ndci,chlorophyll_a,Dalseong Weir,0.45163127146527604,True,15,12,0.43249456604703873,0.012986948345326155,True
pm2_2017_2025,within_weir_percentile_midrank,equal_per_observation,ndci,harmful_cyanobacteria,Dalseong Weir,0.41950761770171258,True,12,12,0.41950761770171258,0.012986948345326155,True
pm2_2017_2025,within_weir_percentile_midrank,equal_per_observation,ndci,chlorophyll_a,Gangcheon Weir,0.46014109328318509,True,15,13,0.44545421601941015,0.0038971076600674559,True
pm2_2017_2025,within_weir_percentile_midrank,equal_per_observation,ndci,harmful_cyanobacteria,Gangcheon Weir,0.4415571083593427,True,13,13,0.4415571083593427,0.0038971076600674559,True
pm2_2017_2025,within_weir_percentile_midrank,equal_per_observation,ndci,chlorophyll_a,Gangjeong-Goryeong Weir,0.44206446988493464,True,15,12,0.42160941009491143,0.0049898647240687044,True
pm2_2017_2025,within_weir_percentile_midrank,equal_per_observation,ndci,harmful_cyanobacteria,Gangjeong-Goryeong Weir,0.41661954537084273,True,12,12,0.41661954537084273,0.0049898647240687044,True
pm2_2017_2025,within_weir_percentile_midrank,equal_per_observation,ndci,chlorophyll_a,Gongju Weir,0.46745339320494467,True,15,12,0.45116199688600678,-0.012768967231778616,True
pm2_2017_2025,within_weir_percentile_midrank,equal_per_observation,ndci,harmful_cyanobacteria,Gongju Weir,0.46393096411778539,True,12,12,0.46393096411778539,-0.012768967231778616,True
pm2_2017_2025,within_weir_percentile_midrank,equal_per_observation,ndci,chlorophyll_a,Gumi Weir,0.4753026272060259,True,15,12,0.45963801667362636,0.0064594988507987172,True
pm2_2017_2025,within_weir_percentile_midrank,equal_per_observation,ndci,harmful_cyanobacteria,Gumi Weir,0.45317851782282764,True,12,12,0.45317851782282764,0.0064594988507987172,True
pm2_2017_2025,within_weir_percentile_midrank,equal_per_observation,ndci,chlorophyll_a,Hapcheon-Changnyeong Weir,0.45856552608960749,True,15,12,0.44043077954006876,0.0062914193462572654,True
pm2_2017_2025,within_weir_percentile_midrank,equal_per_observation,ndci,harmful_cyanobacteria,Hapcheon-Changnyeong Weir,0.4341393601938115,True,12,12,0.4341393601938115,0.0062914193462572654,True
pm2_2017_2025,within_weir_percentile_midrank,equal_per_observation,ndci,chlorophyll_a,Ipo Weir,0.45284589801532299,True,15,13,0.44545421601941015,0.0038971076600674559,True
pm2_2017_2025,within_weir_percentile_midrank,equal_per_observation,ndci,harmful_cyanobacteria,Ipo Weir,0.4415571083593427,True,13,13,0.4415571083593427,0.0038971076600674559,True
pm2_2017_2025,within_weir_percentile_midrank,equal_per_observation,ndci,chlorophyll_a,Juksan Weir,0.46991385991505513,True,15,12,0.45426394324608893,0.018679711325350179,True
pm2_2017_2025,within_weir_percentile_midrank,equal_per_observation,ndci,harmful_cyanobacteria,Juksan Weir,0.43558423192073875,True,12,12,0.43558423192073875,0.018679711325350179,True
pm2_2017_2025,within_weir_percentile_midrank,equal_per_observation,ndci,chlorophyll_a,Nakdan Weir,0.46239541659743244,True,15,12,0.4447663098454212,-0.009870704395255836,True
pm2_2017_2025,within_weir_percentile_midrank,equal_per_observation,ndci,harmful_cyanobacteria,Nakdan Weir,0.45463701424067704,True,12,12,0.45463701424067704,-0.009870704395255836,True
pm2_2017_2025,within_weir_percentile_midrank,equal_per_observation,ndci,chlorophyll_a,Sangju Weir,0.46555762921794158,True,15,12,0.44841618482747403,-0.0008375912882099823,True
pm2_2017_2025,within_weir_percentile_midrank,equal_per_observation,ndci,harmful_cyanobacteria,Sangju Weir,0.44925377611568401,True,12,12,0.44925377611568401,-0.0008375912882099823,True
pm2_2017_2025,within_weir_percentile_midrank,equal_per_observation,ndci,chlorophyll_a,Sejong Weir,0.45892233991432324,True,15,12,0.44144978077073921,-0.021478988553533251,True
pm2_2017_2025,within_weir_percentile_midrank,equal_per_observation,ndci,harmful_cyanobacteria,Sejong Weir,0.46292876932427246,True,12,12,0.46292876932427246,-0.021478988553533251,True
pm2_2017_2025,within_weir_percentile_midrank,equal_per_observation,ndci,chlorophyll_a,Seungchon Weir,0.47953650682267429,True,15,12,0.46505098736343281,0.026144180926882588,True
pm2_2017_2025,within_weir_percentile_midrank,equal_per_observation,ndci,harmful_cyanobacteria,Seungchon Weir,0.43890680643655022,True,12,12,0.43890680643655022,0.026144180926882588,True
pm2_2017_2025,within_weir_percentile_midrank,equal_per_observation,ndci,chlorophyll_a,Yeoju Weir,0.45680825499326055,True,15,13,0.44545421601941015,0.0038971076600674559,True
pm2_2017_2025,within_weir_percentile_midrank,equal_per_observation,ndci,harmful_cyanobacteria,Yeoju Weir,0.4415571083593427,True,13,13,0.4415571083593427,0.0038971076600674559,True
pm2_2017_2025,within_weir_percentile_midrank,equal_per_observation,fai,chlorophyll_a,Baekje Weir,0.17370306667196572,True,15,12,0.16623270544971802,,False
pm2_2017_2025,within_weir_percentile_midrank,equal_per_observation,fai,harmful_cyanobacteria,Baekje Weir,0.27957334971783232,True,12,12,0.27957334971783232,,False
pm2_2017_2025,within_weir_percentile_midrank,equal_per_observation,fai,chlorophyll_a,Changnyeong-Haman Weir,0.16720837222382468,True,15,12,0.15901376646487245,,False
pm2_2017_2025,within_weir_percentile_midrank,equal_per_observation,fai,harmful_cyanobacteria,Changnyeong-Haman Weir,0.27284915056919146,True,12,12,0.27284915056919146,,False
pm2_2017_2025,within_weir_percentile_midrank,equal_per_observation,fai,chlorophyll_a,Chilgok Weir,0.18466823222552187,True,15,12,0.17872848702113225,,False
pm2_2017_2025,within_weir_percentile_midrank,equal_per_observation,fai,harmful_cyanobacteria,Chilgok Weir,0.28850454942849152,True,12,12,0.28850454942849152,,False
pm2_2017_2025,within_weir_percentile_midrank,equal_per_observation,fai,chlorophyll_a,Dalseong Weir,0.17453348372296087,True,15,12,0.16705956828684926,,False
pm2_2017_2025,within_weir_percentile_midrank,equal_per_observation,fai,harmful_cyanobacteria,Dalseong Weir,0.28168692448627675,True,12,12,0.28168692448627675,,False
pm2_2017_2025,within_weir_percentile_midrank,equal_per_observation,fai,chlorophyll_a,Gangcheon Weir,0.17964413796013476,True,15,13,0.16998523477411021,,False
pm2_2017_2025,within_weir_percentile_midrank,equal_per_observation,fai,harmful_cyanobacteria,Gangcheon Weir,0.28797054592704208,True,13,13,0.28797054592704208,,False
pm2_2017_2025,within_weir_percentile_midrank,equal_per_observation,fai,chlorophyll_a,Gangjeong-Goryeong Weir,0.18139840258457571,True,15,12,0.17496547540512808,,False
pm2_2017_2025,within_weir_percentile_midrank,equal_per_observation,fai,harmful_cyanobacteria,Gangjeong-Goryeong Weir,0.27938143917554575,True,12,12,0.27938143917554575,,False
pm2_2017_2025,within_weir_percentile_midrank,equal_per_observation,fai,chlorophyll_a,Gongju Weir,0.16434320173154565,True,15,12,0.15564089734318101,,False
pm2_2017_2025,within_weir_percentile_midrank,equal_per_observation,fai,harmful_cyanobacteria,Gongju Weir,0.31370045322744178,True,12,12,0.31370045322744178,,False
pm2_2017_2025,within_weir_percentile_midrank,equal_per_observation,fai,chlorophyll_a,Gumi Weir,0.1949274631535147,True,15,12,0.19045506824879044,,False
pm2_2017_2025,within_weir_percentile_midrank,equal_per_observation,fai,harmful_cyanobacteria,Gumi Weir,0.27417647315933202,True,12,12,0.27417647315933202,,False
pm2_2017_2025,within_weir_percentile_midrank,equal_per_observation,fai,chlorophyll_a,Hapcheon-Changnyeong Weir,0.1740016039597686,True,15,12,0.16644080810595838,,False
pm2_2017_2025,within_weir_percentile_midrank,equal_per_observation,fai,harmful_cyanobacteria,Hapcheon-Changnyeong Weir,0.27288245756297758,True,12,12,0.27288245756297758,,False
pm2_2017_2025,within_weir_percentile_midrank,equal_per_observation,fai,chlorophyll_a,Ipo Weir,0.17097965436746337,True,15,13,0.16998523477411021,,False
pm2_2017_2025,within_weir_percentile_midrank,equal_per_observation,fai,harmful_cyanobacteria,Ipo Weir,0.28797054592704208,True,13,13,0.28797054592704208,,False
pm2_2017_2025,within_weir_percentile_midrank,equal_per_observation,fai,chlorophyll_a,Juksan Weir,0.17921834920669821,True,15,12,0.17276164555351237,,False
pm2_2017_2025,within_weir_percentile_midrank,equal_per_observation,fai,harmful_cyanobacteria,Juksan Weir,0.28026456419541657,True,12,12,0.28026456419541657,,False
pm2_2017_2025,within_weir_percentile_midrank,equal_per_observation,fai,chlorophyll_a,Nakdan Weir,0.17709107360116225,True,15,12,0.1699621438046198,,False
pm2_2017_2025,within_weir_percentile_midrank,equal_per_observation,fai,harmful_cyanobacteria,Nakdan Weir,0.29748279855287973,True,12,12,0.29748279855287973,,False
pm2_2017_2025,within_weir_percentile_midrank,equal_per_observation,fai,chlorophyll_a,Sangju Weir,0.18158587154005487,True,15,12,0.17512987012523198,,False
pm2_2017_2025,within_weir_percentile_midrank,equal_per_observation,fai,harmful_cyanobacteria,Sangju Weir,0.30104027584787385,True,12,12,0.30104027584787385,,False
pm2_2017_2025,within_weir_percentile_midrank,equal_per_observation,fai,chlorophyll_a,Sejong Weir,0.15374792003501994,True,15,12,0.14355353665013518,,False
pm2_2017_2025,within_weir_percentile_midrank,equal_per_observation,fai,harmful_cyanobacteria,Sejong Weir,0.30815161620315545,True,12,12,0.30815161620315545,,False
pm2_2017_2025,within_weir_percentile_midrank,equal_per_observation,fai,chlorophyll_a,Seungchon Weir,0.1950797746785016,True,15,12,0.19079383901133723,,False
pm2_2017_2025,within_weir_percentile_midrank,equal_per_observation,fai,harmful_cyanobacteria,Seungchon Weir,0.29312068107999562,True,12,12,0.29312068107999562,,False
pm2_2017_2025,within_weir_percentile_midrank,equal_per_observation,fai,chlorophyll_a,Yeoju Weir,0.17292113202604761,True,15,13,0.16998523477411021,,False
pm2_2017_2025,within_weir_percentile_midrank,equal_per_observation,fai,harmful_cyanobacteria,Yeoju Weir,0.28797054592704208,True,13,13,0.28797054592704208,,False
pm2_2017_2025,site_by_calendar_month_pearson,equal_per_weir_fisher_z,ndci,chlorophyll_a,Baekje Weir,0.37263208480121879,True,15,12,0.3762678402216591,0.16103206886635082,True
pm2_2017_2025,site_by_calendar_month_pearson,equal_per_weir_fisher_z,ndci,harmful_cyanobacteria,Baekje Weir,0.21523577135530828,True,12,12,0.21523577135530828,0.16103206886635082,True
pm2_2017_2025,site_by_calendar_month_pearson,equal_per_weir_fisher_z,ndci,chlorophyll_a,Changnyeong-Haman Weir,0.38131656135356057,True,15,12,0.38707825352893843,0.18909734668821734,True
pm2_2017_2025,site_by_calendar_month_pearson,equal_per_weir_fisher_z,ndci,harmful_cyanobacteria,Changnyeong-Haman Weir,0.19798090684072109,True,12,12,0.19798090684072109,0.18909734668821734,True
pm2_2017_2025,site_by_calendar_month_pearson,equal_per_weir_fisher_z,ndci,chlorophyll_a,Chilgok Weir,0.37375783823217468,True,15,12,0.37767040308250105,0.19221452955186594,True
pm2_2017_2025,site_by_calendar_month_pearson,equal_per_weir_fisher_z,ndci,harmful_cyanobacteria,Chilgok Weir,0.18545587353063511,True,12,12,0.18545587353063511,0.19221452955186594,True
pm2_2017_2025,site_by_calendar_month_pearson,equal_per_weir_fisher_z,ndci,chlorophyll_a,Dalseong Weir,0.370999694998564,True,15,12,0.3742334292793269,0.18763247017156282,True
pm2_2017_2025,site_by_calendar_month_pearson,equal_per_weir_fisher_z,ndci,harmful_cyanobacteria,Dalseong Weir,0.18660095910776409,True,12,12,0.18660095910776409,0.18763247017156282,True
pm2_2017_2025,site_by_calendar_month_pearson,equal_per_weir_fisher_z,ndci,chlorophyll_a,Gangcheon Weir,0.38783002156054786,True,15,13,0.38141022474447411,0.18348344322059401,True
pm2_2017_2025,site_by_calendar_month_pearson,equal_per_weir_fisher_z,ndci,harmful_cyanobacteria,Gangcheon Weir,0.1979267815238801,True,13,13,0.1979267815238801,0.18348344322059401,True
pm2_2017_2025,site_by_calendar_month_pearson,equal_per_weir_fisher_z,ndci,chlorophyll_a,Gangjeong-Goryeong Weir,0.3617682893965482,True,15,12,0.36271473054447889,0.1769436110626843,True
pm2_2017_2025,site_by_calendar_month_pearson,equal_per_weir_fisher_z,ndci,harmful_cyanobacteria,Gangjeong-Goryeong Weir,0.18577111948179459,True,12,12,0.18577111948179459,0.1769436110626843,True
pm2_2017_2025,site_by_calendar_month_pearson,equal_per_weir_fisher_z,ndci,chlorophyll_a,Gongju Weir,0.39751035332185491,True,15,12,0.40717521961317898,0.17664791761200066,True
pm2_2017_2025,site_by_calendar_month_pearson,equal_per_weir_fisher_z,ndci,harmful_cyanobacteria,Gongju Weir,0.23052730200117832,True,12,12,0.23052730200117832,0.17664791761200066,True
pm2_2017_2025,site_by_calendar_month_pearson,equal_per_weir_fisher_z,ndci,chlorophyll_a,Gumi Weir,0.38405388292883369,True,15,12,0.39048105550712392,0.18641529742268784,True
pm2_2017_2025,site_by_calendar_month_pearson,equal_per_weir_fisher_z,ndci,harmful_cyanobacteria,Gumi Weir,0.20406575808443608,True,12,12,0.20406575808443608,0.18641529742268784,True
pm2_2017_2025,site_by_calendar_month_pearson,equal_per_weir_fisher_z,ndci,chlorophyll_a,Hapcheon-Changnyeong Weir,0.3783244065489309,True,15,12,0.38335610848684132,0.19024233803721999,True
pm2_2017_2025,site_by_calendar_month_pearson,equal_per_weir_fisher_z,ndci,harmful_cyanobacteria,Hapcheon-Changnyeong Weir,0.19311377044962133,True,12,12,0.19311377044962133,0.19024233803721999,True
pm2_2017_2025,site_by_calendar_month_pearson,equal_per_weir_fisher_z,ndci,chlorophyll_a,Ipo Weir,0.37139036963028954,True,15,13,0.38141022474447411,0.18348344322059401,True
pm2_2017_2025,site_by_calendar_month_pearson,equal_per_weir_fisher_z,ndci,harmful_cyanobacteria,Ipo Weir,0.1979267815238801,True,13,13,0.1979267815238801,0.18348344322059401,True
pm2_2017_2025,site_by_calendar_month_pearson,equal_per_weir_fisher_z,ndci,chlorophyll_a,Juksan Weir,0.38131754515355476,True,15,12,0.38707947690805089,0.20475786094667831,True
pm2_2017_2025,site_by_calendar_month_pearson,equal_per_weir_fisher_z,ndci,harmful_cyanobacteria,Juksan Weir,0.18232161596137259,True,12,12,0.18232161596137259,0.20475786094667831,True
pm2_2017_2025,site_by_calendar_month_pearson,equal_per_weir_fisher_z,ndci,chlorophyll_a,Nakdan Weir,0.37237434480768689,True,15,12,0.37594667451422387,0.17132605903227166,True
pm2_2017_2025,site_by_calendar_month_pearson,equal_per_weir_fisher_z,ndci,harmful_cyanobacteria,Nakdan Weir,0.20462061548195221,True,12,12,0.20462061548195221,0.17132605903227166,True
pm2_2017_2025,site_by_calendar_month_pearson,equal_per_weir_fisher_z,ndci,chlorophyll_a,Sangju Weir,0.36850089614424913,True,15,12,0.37111779047507171,0.18050615965065678,True
pm2_2017_2025,site_by_calendar_month_pearson,equal_per_weir_fisher_z,ndci,harmful_cyanobacteria,Sangju Weir,0.19061163082441493,True,12,12,0.19061163082441493,0.18050615965065678,True
pm2_2017_2025,site_by_calendar_month_pearson,equal_per_weir_fisher_z,ndci,chlorophyll_a,Sejong Weir,0.37435252867192514,True,15,12,0.37841117534125296,0.16608693149101347,True
pm2_2017_2025,site_by_calendar_month_pearson,equal_per_weir_fisher_z,ndci,harmful_cyanobacteria,Sejong Weir,0.21232424385023949,True,12,12,0.21232424385023949,0.16608693149101347,True
pm2_2017_2025,site_by_calendar_month_pearson,equal_per_weir_fisher_z,ndci,chlorophyll_a,Seungchon Weir,0.38057714717021701,True,15,12,0.38615869253368706,0.20228889191472468,True
pm2_2017_2025,site_by_calendar_month_pearson,equal_per_weir_fisher_z,ndci,harmful_cyanobacteria,Seungchon Weir,0.18386980061896238,True,12,12,0.18386980061896238,0.20228889191472468,True
pm2_2017_2025,site_by_calendar_month_pearson,equal_per_weir_fisher_z,ndci,chlorophyll_a,Yeoju Weir,0.37565358689172312,True,15,13,0.38141022474447411,0.18348344322059401,True
pm2_2017_2025,site_by_calendar_month_pearson,equal_per_weir_fisher_z,ndci,harmful_cyanobacteria,Yeoju Weir,0.1979267815238801,True,13,13,0.1979267815238801,0.18348344322059401,True
pm2_2017_2025,site_by_calendar_month_pearson,equal_per_weir_fisher_z,fai,chlorophyll_a,Baekje Weir,0.11746719379289149,True,15,12,0.13634315471680186,,False
pm2_2017_2025,site_by_calendar_month_pearson,equal_per_weir_fisher_z,fai,harmful_cyanobacteria,Baekje Weir,0.077334915175132884,True,12,12,0.077334915175132884,,False
pm2_2017_2025,site_by_calendar_month_pearson,equal_per_weir_fisher_z,fai,chlorophyll_a,Changnyeong-Haman Weir,0.11902684876082242,True,15,12,0.13828308913111209,,False
pm2_2017_2025,site_by_calendar_month_pearson,equal_per_weir_fisher_z,fai,harmful_cyanobacteria,Changnyeong-Haman Weir,0.096383107009118091,True,12,12,0.096383107009118091,,False
pm2_2017_2025,site_by_calendar_month_pearson,equal_per_weir_fisher_z,fai,chlorophyll_a,Chilgok Weir,0.11472951207957049,True,15,12,0.13293718113502781,,False
pm2_2017_2025,site_by_calendar_month_pearson,equal_per_weir_fisher_z,fai,harmful_cyanobacteria,Chilgok Weir,0.073237060220146116,True,12,12,0.073237060220146116,,False
pm2_2017_2025,site_by_calendar_month_pearson,equal_per_weir_fisher_z,fai,chlorophyll_a,Dalseong Weir,0.11139583317355994,True,15,12,0.12878841230858148,,False
pm2_2017_2025,site_by_calendar_month_pearson,equal_per_weir_fisher_z,fai,harmful_cyanobacteria,Dalseong Weir,0.073487668395517819,True,12,12,0.073487668395517819,,False
pm2_2017_2025,site_by_calendar_month_pearson,equal_per_weir_fisher_z,fai,chlorophyll_a,Gangcheon Weir,0.12779336950603276,True,15,13,0.1370865036935337,,False
pm2_2017_2025,site_by_calendar_month_pearson,equal_per_weir_fisher_z,fai,harmful_cyanobacteria,Gangcheon Weir,0.086829354134567674,True,13,13,0.086829354134567674,,False
pm2_2017_2025,site_by_calendar_month_pearson,equal_per_weir_fisher_z,fai,chlorophyll_a,Gangjeong-Goryeong Weir,0.11187975078299343,True,15,12,0.12939073599598439,,False
pm2_2017_2025,site_by_calendar_month_pearson,equal_per_weir_fisher_z,fai,harmful_cyanobacteria,Gangjeong-Goryeong Weir,0.071747574461318256,True,12,12,0.071747574461318256,,False
pm2_2017_2025,site_by_calendar_month_pearson,equal_per_weir_fisher_z,fai,chlorophyll_a,Gongju Weir,0.11610138703734312,True,15,12,0.1346440660299133,,False
pm2_2017_2025,site_by_calendar_month_pearson,equal_per_weir_fisher_z,fai,harmful_cyanobacteria,Gongju Weir,0.11283741290394247,True,12,12,0.11283741290394247,,False
pm2_2017_2025,site_by_calendar_month_pearson,equal_per_weir_fisher_z,fai,chlorophyll_a,Gumi Weir,0.12183160150469835,True,15,12,0.14177086968705549,,False
pm2_2017_2025,site_by_calendar_month_pearson,equal_per_weir_fisher_z,fai,harmful_cyanobacteria,Gumi Weir,0.091580586516530713,True,12,12,0.091580586516530713,,False
pm2_2017_2025,site_by_calendar_month_pearson,equal_per_weir_fisher_z,fai,chlorophyll_a,Hapcheon-Changnyeong Weir,0.11571412011136174,True,15,12,0.13416225400940116,,False
pm2_2017_2025,site_by_calendar_month_pearson,equal_per_weir_fisher_z,fai,harmful_cyanobacteria,Hapcheon-Changnyeong Weir,0.065071863085138112,True,12,12,0.065071863085138112,,False
pm2_2017_2025,site_by_calendar_month_pearson,equal_per_weir_fisher_z,fai,chlorophyll_a,Ipo Weir,0.12376260610637319,True,15,13,0.1370865036935337,,False
pm2_2017_2025,site_by_calendar_month_pearson,equal_per_weir_fisher_z,fai,harmful_cyanobacteria,Ipo Weir,0.086829354134567674,True,13,13,0.086829354134567674,,False
pm2_2017_2025,site_by_calendar_month_pearson,equal_per_weir_fisher_z,fai,chlorophyll_a,Juksan Weir,0.13288306107988926,True,15,12,0.1555026359076831,,False
pm2_2017_2025,site_by_calendar_month_pearson,equal_per_weir_fisher_z,fai,harmful_cyanobacteria,Juksan Weir,0.087622690266244807,True,12,12,0.087622690266244807,,False
pm2_2017_2025,site_by_calendar_month_pearson,equal_per_weir_fisher_z,fai,chlorophyll_a,Nakdan Weir,0.10708276220145491,True,15,12,0.12341873476096946,,False
pm2_2017_2025,site_by_calendar_month_pearson,equal_per_weir_fisher_z,fai,harmful_cyanobacteria,Nakdan Weir,0.085754101162730453,True,12,12,0.085754101162730453,,False
pm2_2017_2025,site_by_calendar_month_pearson,equal_per_weir_fisher_z,fai,chlorophyll_a,Sangju Weir,0.11057137435798585,True,15,12,0.12776215567379096,,False
pm2_2017_2025,site_by_calendar_month_pearson,equal_per_weir_fisher_z,fai,harmful_cyanobacteria,Sangju Weir,0.08987297502727512,True,12,12,0.08987297502727512,,False
pm2_2017_2025,site_by_calendar_month_pearson,equal_per_weir_fisher_z,fai,chlorophyll_a,Sejong Weir,0.11483201585991495,True,15,12,0.13306472467941158,,False
pm2_2017_2025,site_by_calendar_month_pearson,equal_per_weir_fisher_z,fai,harmful_cyanobacteria,Sejong Weir,0.10481023801927158,True,12,12,0.10481023801927158,,False
pm2_2017_2025,site_by_calendar_month_pearson,equal_per_weir_fisher_z,fai,chlorophyll_a,Seungchon Weir,0.14119509766947833,True,15,12,0.1658181811868166,,False
pm2_2017_2025,site_by_calendar_month_pearson,equal_per_weir_fisher_z,fai,harmful_cyanobacteria,Seungchon Weir,0.098827092014040954,True,12,12,0.098827092014040954,,False
pm2_2017_2025,site_by_calendar_month_pearson,equal_per_weir_fisher_z,fai,chlorophyll_a,Yeoju Weir,0.1216887113217399,True,15,13,0.1370865036935337,,False
pm2_2017_2025,site_by_calendar_month_pearson,equal_per_weir_fisher_z,fai,harmful_cyanobacteria,Yeoju Weir,0.086829354134567674,True,13,13,0.086829354134567674,,False
pm2_2017_2025,site_by_calendar_month_pearson,equal_per_observation,ndci,chlorophyll_a,Baekje Weir,0.37550140888371408,True,15,12,0.37816221994188826,0.16584277689732776,True
pm2_2017_2025,site_by_calendar_month_pearson,equal_per_observation,ndci,harmful_cyanobacteria,Baekje Weir,0.21231944304456049,True,12,12,0.21231944304456049,0.16584277689732776,True
pm2_2017_2025,site_by_calendar_month_pearson,equal_per_observation,ndci,chlorophyll_a,Changnyeong-Haman Weir,0.38930135368889018,True,15,12,0.39315300537596254,0.21131851811168725,True
pm2_2017_2025,site_by_calendar_month_pearson,equal_per_observation,ndci,harmful_cyanobacteria,Changnyeong-Haman Weir,0.18183448726427529,True,12,12,0.18183448726427529,0.21131851811168725,True
pm2_2017_2025,site_by_calendar_month_pearson,equal_per_observation,ndci,chlorophyll_a,Chilgok Weir,0.378082826009422,True,15,12,0.38125659097882114,0.21258827721250689,True
pm2_2017_2025,site_by_calendar_month_pearson,equal_per_observation,ndci,harmful_cyanobacteria,Chilgok Weir,0.16866831376631425,True,12,12,0.16866831376631425,0.21258827721250689,True
pm2_2017_2025,site_by_calendar_month_pearson,equal_per_observation,ndci,chlorophyll_a,Dalseong Weir,0.37386102229122786,True,15,12,0.37643174349094799,0.20752357139343161,True
pm2_2017_2025,site_by_calendar_month_pearson,equal_per_observation,ndci,harmful_cyanobacteria,Dalseong Weir,0.16890817209751638,True,12,12,0.16890817209751638,0.20752357139343161,True
pm2_2017_2025,site_by_calendar_month_pearson,equal_per_observation,ndci,chlorophyll_a,Gangcheon Weir,0.38585044085900705,True,15,13,0.38434978648746598,0.20407462574047175,True
pm2_2017_2025,site_by_calendar_month_pearson,equal_per_observation,ndci,harmful_cyanobacteria,Gangcheon Weir,0.18027516074699423,True,13,13,0.18027516074699423,0.20407462574047175,True
pm2_2017_2025,site_by_calendar_month_pearson,equal_per_observation,ndci,chlorophyll_a,Gangjeong-Goryeong Weir,0.36595110133681874,True,15,12,0.36794635240463947,0.19814539597397457,True
pm2_2017_2025,site_by_calendar_month_pearson,equal_per_observation,ndci,harmful_cyanobacteria,Gangjeong-Goryeong Weir,0.1698009564306649,True,12,12,0.1698009564306649,0.19814539597397457,True
pm2_2017_2025,site_by_calendar_month_pearson,equal_per_observation,ndci,chlorophyll_a,Gongju Weir,0.39774445084255716,True,15,12,0.40282373618836087,0.20143840819846254,True
pm2_2017_2025,site_by_calendar_month_pearson,equal_per_observation,ndci,harmful_cyanobacteria,Gongju Weir,0.20138532798989833,True,12,12,0.20138532798989833,0.20143840819846254,True
pm2_2017_2025,site_by_calendar_month_pearson,equal_per_observation,ndci,chlorophyll_a,Gumi Weir,0.39244097780675768,True,15,12,0.39691235922847173,0.21120337621667845,True
pm2_2017_2025,site_by_calendar_month_pearson,equal_per_observation,ndci,harmful_cyanobacteria,Gumi Weir,0.18570898301179328,True,12,12,0.18570898301179328,0.21120337621667845,True
pm2_2017_2025,site_by_calendar_month_pearson,equal_per_observation,ndci,chlorophyll_a,Hapcheon-Changnyeong Weir,0.38438604144843608,True,15,12,0.38805141375156693,0.2154769614969754,True
pm2_2017_2025,site_by_calendar_month_pearson,equal_per_observation,ndci,harmful_cyanobacteria,Hapcheon-Changnyeong Weir,0.17257445225459153,True,12,12,0.17257445225459153,0.2154769614969754,True
pm2_2017_2025,site_by_calendar_month_pearson,equal_per_observation,ndci,chlorophyll_a,Ipo Weir,0.37963900005055518,True,15,13,0.38434978648746598,0.20407462574047175,True
pm2_2017_2025,site_by_calendar_month_pearson,equal_per_observation,ndci,harmful_cyanobacteria,Ipo Weir,0.18027516074699423,True,13,13,0.18027516074699423,0.20407462574047175,True
pm2_2017_2025,site_by_calendar_month_pearson,equal_per_observation,ndci,chlorophyll_a,Juksan Weir,0.38347935690735979,True,15,12,0.38687064899637968,0.21682954450462164,True
pm2_2017_2025,site_by_calendar_month_pearson,equal_per_observation,ndci,harmful_cyanobacteria,Juksan Weir,0.17004110449175805,True,12,12,0.17004110449175805,0.21682954450462164,True
pm2_2017_2025,site_by_calendar_month_pearson,equal_per_observation,ndci,chlorophyll_a,Nakdan Weir,0.37663407176163272,True,15,12,0.37957278367273511,0.19503275318877752,True
pm2_2017_2025,site_by_calendar_month_pearson,equal_per_observation,ndci,harmful_cyanobacteria,Nakdan Weir,0.18454003048395759,True,12,12,0.18454003048395759,0.19503275318877752,True
pm2_2017_2025,site_by_calendar_month_pearson,equal_per_observation,ndci,chlorophyll_a,Sangju Weir,0.37126287014371029,True,15,12,0.37368144254516689,0.20331336862736288,True
pm2_2017_2025,site_by_calendar_month_pearson,equal_per_observation,ndci,harmful_cyanobacteria,Sangju Weir,0.17036807391780401,True,12,12,0.17036807391780401,0.20331336862736288,True
pm2_2017_2025,site_by_calendar_month_pearson,equal_per_observation,ndci,chlorophyll_a,Sejong Weir,0.38062920793297506,True,15,12,0.3839095605466798,0.19207043030133203,True
pm2_2017_2025,site_by_calendar_month_pearson,equal_per_observation,ndci,harmful_cyanobacteria,Sejong Weir,0.19183913024534777,True,12,12,0.19183913024534777,0.19207043030133203,True
pm2_2017_2025,site_by_calendar_month_pearson,equal_per_observation,ndci,chlorophyll_a,Seungchon Weir,0.38410285227634111,True,15,12,0.38755769855357819,0.21948871596578992,True
pm2_2017_2025,site_by_calendar_month_pearson,equal_per_observation,ndci,harmful_cyanobacteria,Seungchon Weir,0.16806898258778827,True,12,12,0.16806898258778827,0.21948871596578992,True
pm2_2017_2025,site_by_calendar_month_pearson,equal_per_observation,ndci,chlorophyll_a,Yeoju Weir,0.38115655124615627,True,15,13,0.38434978648746598,0.20407462574047175,True
pm2_2017_2025,site_by_calendar_month_pearson,equal_per_observation,ndci,harmful_cyanobacteria,Yeoju Weir,0.18027516074699423,True,13,13,0.18027516074699423,0.20407462574047175,True
pm2_2017_2025,site_by_calendar_month_pearson,equal_per_observation,fai,chlorophyll_a,Baekje Weir,0.12947441246086977,True,15,12,0.13721956593796905,,False
pm2_2017_2025,site_by_calendar_month_pearson,equal_per_observation,fai,harmful_cyanobacteria,Baekje Weir,0.071018072314431732,True,12,12,0.071018072314431732,,False
pm2_2017_2025,site_by_calendar_month_pearson,equal_per_observation,fai,chlorophyll_a,Changnyeong-Haman Weir,0.13255022843735406,True,15,12,0.14026534637619212,,False
pm2_2017_2025,site_by_calendar_month_pearson,equal_per_observation,fai,harmful_cyanobacteria,Changnyeong-Haman Weir,0.093475723946480696,True,12,12,0.093475723946480696,,False
pm2_2017_2025,site_by_calendar_month_pearson,equal_per_observation,fai,chlorophyll_a,Chilgok Weir,0.12731149936200931,True,15,12,0.13485010720047591,,False
pm2_2017_2025,site_by_calendar_month_pearson,equal_per_observation,fai,harmful_cyanobacteria,Chilgok Weir,0.07540384789417455,True,12,12,0.07540384789417455,,False
pm2_2017_2025,site_by_calendar_month_pearson,equal_per_observation,fai,chlorophyll_a,Dalseong Weir,0.12502893190080241,True,15,12,0.13227636910780188,,False
pm2_2017_2025,site_by_calendar_month_pearson,equal_per_observation,fai,harmful_cyanobacteria,Dalseong Weir,0.077190180444331666,True,12,12,0.077190180444331666,,False
pm2_2017_2025,site_by_calendar_month_pearson,equal_per_observation,fai,chlorophyll_a,Gangcheon Weir,0.13352688870796373,True,15,13,0.13802823810601589,,False
pm2_2017_2025,site_by_calendar_month_pearson,equal_per_observation,fai,harmful_cyanobacteria,Gangcheon Weir,0.085348913041509239,True,13,13,0.085348913041509239,,False
pm2_2017_2025,site_by_calendar_month_pearson,equal_per_observation,fai,chlorophyll_a,Gangjeong-Goryeong Weir,0.12577903715441169,True,15,12,0.13319966102011338,,False
pm2_2017_2025,site_by_calendar_month_pearson,equal_per_observation,fai,harmful_cyanobacteria,Gangjeong-Goryeong Weir,0.076523755414505457,True,12,12,0.076523755414505457,,False
pm2_2017_2025,site_by_calendar_month_pearson,equal_per_observation,fai,chlorophyll_a,Gongju Weir,0.12854481062130704,True,15,12,0.13604581952862457,,False
pm2_2017_2025,site_by_calendar_month_pearson,equal_per_observation,fai,harmful_cyanobacteria,Gongju Weir,0.11042173177755173,True,12,12,0.11042173177755173,,False
pm2_2017_2025,site_by_calendar_month_pearson,equal_per_observation,fai,chlorophyll_a,Gumi Weir,0.14181914818562802,True,15,12,0.15091192728785452,,False
pm2_2017_2025,site_by_calendar_month_pearson,equal_per_observation,fai,harmful_cyanobacteria,Gumi Weir,0.095971537006251967,True,12,12,0.095971537006251967,,False
pm2_2017_2025,site_by_calendar_month_pearson,equal_per_observation,fai,chlorophyll_a,Hapcheon-Changnyeong Weir,0.12622914858204526,True,15,12,0.13380760388612314,,False
pm2_2017_2025,site_by_calendar_month_pearson,equal_per_observation,fai,harmful_cyanobacteria,Hapcheon-Changnyeong Weir,0.057358147077642342,True,12,12,0.057358147077642342,,False
pm2_2017_2025,site_by_calendar_month_pearson,equal_per_observation,fai,chlorophyll_a,Ipo Weir,0.1336205574349518,True,15,13,0.13802823810601589,,False
pm2_2017_2025,site_by_calendar_month_pearson,equal_per_observation,fai,harmful_cyanobacteria,Ipo Weir,0.085348913041509239,True,13,13,0.085348913041509239,,False
pm2_2017_2025,site_by_calendar_month_pearson,equal_per_observation,fai,chlorophyll_a,Juksan Weir,0.14235103915912503,True,15,12,0.1507353482000226,,False
pm2_2017_2025,site_by_calendar_month_pearson,equal_per_observation,fai,harmful_cyanobacteria,Juksan Weir,0.08615816455631245,True,12,12,0.08615816455631245,,False
pm2_2017_2025,site_by_calendar_month_pearson,equal_per_observation,fai,chlorophyll_a,Nakdan Weir,0.12054306239125409,True,15,12,0.12741493610464294,,False
pm2_2017_2025,site_by_calendar_month_pearson,equal_per_observation,fai,harmful_cyanobacteria,Nakdan Weir,0.084556097991217952,True,12,12,0.084556097991217952,,False
pm2_2017_2025,site_by_calendar_month_pearson,equal_per_observation,fai,chlorophyll_a,Sangju Weir,0.12304519300996791,True,15,12,0.13019340276534194,,False
pm2_2017_2025,site_by_calendar_month_pearson,equal_per_observation,fai,harmful_cyanobacteria,Sangju Weir,0.088353718916708165,True,12,12,0.088353718916708165,,False
pm2_2017_2025,site_by_calendar_month_pearson,equal_per_observation,fai,chlorophyll_a,Sejong Weir,0.12883407687281848,True,15,12,0.13620596410434799,,False
pm2_2017_2025,site_by_calendar_month_pearson,equal_per_observation,fai,harmful_cyanobacteria,Sejong Weir,0.099397741174816742,True,12,12,0.099397741174816742,,False
pm2_2017_2025,site_by_calendar_month_pearson,equal_per_observation,fai,chlorophyll_a,Seungchon Weir,0.14397153986598635,True,15,12,0.15247855134072574,,False
pm2_2017_2025,site_by_calendar_month_pearson,equal_per_observation,fai,harmful_cyanobacteria,Seungchon Weir,0.094025412362489832,True,12,12,0.094025412362489832,,False
pm2_2017_2025,site_by_calendar_month_pearson,equal_per_observation,fai,chlorophyll_a,Yeoju Weir,0.13225274046465763,True,15,13,0.13802823810601589,,False
pm2_2017_2025,site_by_calendar_month_pearson,equal_per_observation,fai,harmful_cyanobacteria,Yeoju Weir,0.085348913041509239,True,13,13,0.085348913041509239,,False
pm3_2017_2025,raw_within_weir_pearson,equal_per_weir_fisher_z,ndci,chlorophyll_a,Baekje Weir,0.45738383199704735,True,15,12,0.41563975867356856,0.033942011981543063,True
pm3_2017_2025,raw_within_weir_pearson,equal_per_weir_fisher_z,ndci,harmful_cyanobacteria,Baekje Weir,0.3816977466920255,True,12,12,0.3816977466920255,0.033942011981543063,True
pm3_2017_2025,raw_within_weir_pearson,equal_per_weir_fisher_z,ndci,chlorophyll_a,Changnyeong-Haman Weir,0.44891771792347257,True,15,12,0.40456228561303398,0.039459091723822115,True
pm3_2017_2025,raw_within_weir_pearson,equal_per_weir_fisher_z,ndci,harmful_cyanobacteria,Changnyeong-Haman Weir,0.36510319388921186,True,12,12,0.36510319388921186,0.039459091723822115,True
pm3_2017_2025,raw_within_weir_pearson,equal_per_weir_fisher_z,ndci,chlorophyll_a,Chilgok Weir,0.44805411331268269,True,15,12,0.40343153009825417,0.034485251504977499,True
pm3_2017_2025,raw_within_weir_pearson,equal_per_weir_fisher_z,ndci,harmful_cyanobacteria,Chilgok Weir,0.36894627859327667,True,12,12,0.36894627859327667,0.034485251504977499,True
pm3_2017_2025,raw_within_weir_pearson,equal_per_weir_fisher_z,ndci,chlorophyll_a,Dalseong Weir,0.44363675582914719,True,15,12,0.39764557161506109,0.040471705200400221,True
pm3_2017_2025,raw_within_weir_pearson,equal_per_weir_fisher_z,ndci,harmful_cyanobacteria,Dalseong Weir,0.35717386641466087,True,12,12,0.35717386641466087,0.040471705200400221,True
pm3_2017_2025,raw_within_weir_pearson,equal_per_weir_fisher_z,ndci,chlorophyll_a,Gangcheon Weir,0.44882881647350753,True,15,13,0.40970096394410987,0.033141101959060948,True
pm3_2017_2025,raw_within_weir_pearson,equal_per_weir_fisher_z,ndci,harmful_cyanobacteria,Gangcheon Weir,0.37655986198504893,True,13,13,0.37655986198504893,0.033141101959060948,True
pm3_2017_2025,raw_within_weir_pearson,equal_per_weir_fisher_z,ndci,chlorophyll_a,Gangjeong-Goryeong Weir,0.43302538518159706,True,15,12,0.38373302047303726,0.028656762614499787,True
pm3_2017_2025,raw_within_weir_pearson,equal_per_weir_fisher_z,ndci,harmful_cyanobacteria,Gangjeong-Goryeong Weir,0.35507625785853747,True,12,12,0.35507625785853747,0.028656762614499787,True
pm3_2017_2025,raw_within_weir_pearson,equal_per_weir_fisher_z,ndci,chlorophyll_a,Gongju Weir,0.45857188900454771,True,15,12,0.41719312284675764,0.021472312166493868,True
pm3_2017_2025,raw_within_weir_pearson,equal_per_weir_fisher_z,ndci,harmful_cyanobacteria,Gongju Weir,0.39572081068026377,True,12,12,0.39572081068026377,0.021472312166493868,True
pm3_2017_2025,raw_within_weir_pearson,equal_per_weir_fisher_z,ndci,chlorophyll_a,Gumi Weir,0.46420501556557447,True,15,12,0.42455427097780002,0.03160247648149711,True
pm3_2017_2025,raw_within_weir_pearson,equal_per_weir_fisher_z,ndci,harmful_cyanobacteria,Gumi Weir,0.39295179449630291,True,12,12,0.39295179449630291,0.03160247648149711,True
pm3_2017_2025,raw_within_weir_pearson,equal_per_weir_fisher_z,ndci,chlorophyll_a,Hapcheon-Changnyeong Weir,0.45208545677706874,True,15,12,0.40870874526833673,0.033889821169611922,True
pm3_2017_2025,raw_within_weir_pearson,equal_per_weir_fisher_z,ndci,harmful_cyanobacteria,Hapcheon-Changnyeong Weir,0.3748189240987248,True,12,12,0.3748189240987248,0.033889821169611922,True
pm3_2017_2025,raw_within_weir_pearson,equal_per_weir_fisher_z,ndci,chlorophyll_a,Ipo Weir,0.42992472578134694,True,15,13,0.40970096394410987,0.033141101959060948,True
pm3_2017_2025,raw_within_weir_pearson,equal_per_weir_fisher_z,ndci,harmful_cyanobacteria,Ipo Weir,0.37655986198504893,True,13,13,0.37655986198504893,0.033141101959060948,True
pm3_2017_2025,raw_within_weir_pearson,equal_per_weir_fisher_z,ndci,chlorophyll_a,Juksan Weir,0.46057232198120807,True,15,12,0.41980798829142907,0.058092444605730542,True
pm3_2017_2025,raw_within_weir_pearson,equal_per_weir_fisher_z,ndci,harmful_cyanobacteria,Juksan Weir,0.36171554368569853,True,12,12,0.36171554368569853,0.058092444605730542,True
pm3_2017_2025,raw_within_weir_pearson,equal_per_weir_fisher_z,ndci,chlorophyll_a,Nakdan Weir,0.45642962690146321,True,15,12,0.41439194155851705,0.0270373941271842,True
pm3_2017_2025,raw_within_weir_pearson,equal_per_weir_fisher_z,ndci,harmful_cyanobacteria,Nakdan Weir,0.38735454743133285,True,12,12,0.38735454743133285,0.0270373941271842,True
pm3_2017_2025,raw_within_weir_pearson,equal_per_weir_fisher_z,ndci,chlorophyll_a,Sangju Weir,0.45541484796838527,True,15,12,0.41306470869084283,0.032437724131709533,True
pm3_2017_2025,raw_within_weir_pearson,equal_per_weir_fisher_z,ndci,harmful_cyanobacteria,Sangju Weir,0.3806269845591333,True,12,12,0.3806269845591333,0.032437724131709533,True
pm3_2017_2025,raw_within_weir_pearson,equal_per_weir_fisher_z,ndci,chlorophyll_a,Sejong Weir,0.44382917977821668,True,15,12,0.3978976852720833,-0.0022169430541532642,True
pm3_2017_2025,raw_within_weir_pearson,equal_per_weir_fisher_z,ndci,harmful_cyanobacteria,Sejong Weir,0.40011462832623657,True,12,12,0.40011462832623657,-0.0022169430541532642,True
pm3_2017_2025,raw_within_weir_pearson,equal_per_weir_fisher_z,ndci,chlorophyll_a,Seungchon Weir,0.46428236980928367,True,15,12,0.42465530651283467,0.051827558461526757,True
pm3_2017_2025,raw_within_weir_pearson,equal_per_weir_fisher_z,ndci,harmful_cyanobacteria,Seungchon Weir,0.37282774805130792,True,12,12,0.37282774805130792,0.051827558461526757,True
pm3_2017_2025,raw_within_weir_pearson,equal_per_weir_fisher_z,ndci,chlorophyll_a,Yeoju Weir,0.43719555257190951,True,15,13,0.40970096394410987,0.033141101959060948,True
pm3_2017_2025,raw_within_weir_pearson,equal_per_weir_fisher_z,ndci,harmful_cyanobacteria,Yeoju Weir,0.37655986198504893,True,13,13,0.37655986198504893,0.033141101959060948,True
pm3_2017_2025,raw_within_weir_pearson,equal_per_weir_fisher_z,fai,chlorophyll_a,Baekje Weir,0.19001758059306822,True,15,12,0.20854869168649035,,False
pm3_2017_2025,raw_within_weir_pearson,equal_per_weir_fisher_z,fai,harmful_cyanobacteria,Baekje Weir,0.1805302076641925,True,12,12,0.1805302076641925,,False
pm3_2017_2025,raw_within_weir_pearson,equal_per_weir_fisher_z,fai,chlorophyll_a,Changnyeong-Haman Weir,0.18818249727090813,True,15,12,0.20627210954960246,,False
pm3_2017_2025,raw_within_weir_pearson,equal_per_weir_fisher_z,fai,harmful_cyanobacteria,Changnyeong-Haman Weir,0.18641332056158108,True,12,12,0.18641332056158108,,False
pm3_2017_2025,raw_within_weir_pearson,equal_per_weir_fisher_z,fai,chlorophyll_a,Chilgok Weir,0.19213721290619429,True,15,12,0.2111775189464852,,False
pm3_2017_2025,raw_within_weir_pearson,equal_per_weir_fisher_z,fai,harmful_cyanobacteria,Chilgok Weir,0.1944394399277373,True,12,12,0.1944394399277373,,False
pm3_2017_2025,raw_within_weir_pearson,equal_per_weir_fisher_z,fai,chlorophyll_a,Dalseong Weir,0.18329646040564365,True,15,12,0.20020763334314243,,False
pm3_2017_2025,raw_within_weir_pearson,equal_per_weir_fisher_z,fai,harmful_cyanobacteria,Dalseong Weir,0.19439082946782618,True,12,12,0.19439082946782618,,False
pm3_2017_2025,raw_within_weir_pearson,equal_per_weir_fisher_z,fai,chlorophyll_a,Gangcheon Weir,0.19954004380599902,True,15,13,0.20683795806343119,,False
pm3_2017_2025,raw_within_weir_pearson,equal_per_weir_fisher_z,fai,harmful_cyanobacteria,Gangcheon Weir,0.19768402010042813,True,13,13,0.19768402010042813,,False
pm3_2017_2025,raw_within_weir_pearson,equal_per_weir_fisher_z,fai,chlorophyll_a,Gangjeong-Goryeong Weir,0.18681618247872459,True,15,12,0.20457668354710123,,False
pm3_2017_2025,raw_within_weir_pearson,equal_per_weir_fisher_z,fai,harmful_cyanobacteria,Gangjeong-Goryeong Weir,0.19346453765096142,True,12,12,0.19346453765096142,,False
pm3_2017_2025,raw_within_weir_pearson,equal_per_weir_fisher_z,fai,chlorophyll_a,Gongju Weir,0.17762822511728704,True,15,12,0.19316716864070999,,False
pm3_2017_2025,raw_within_weir_pearson,equal_per_weir_fisher_z,fai,harmful_cyanobacteria,Gongju Weir,0.22443777276342478,True,12,12,0.22443777276342478,,False
pm3_2017_2025,raw_within_weir_pearson,equal_per_weir_fisher_z,fai,chlorophyll_a,Gumi Weir,0.19863561295307242,True,15,12,0.21923177671542102,,False
pm3_2017_2025,raw_within_weir_pearson,equal_per_weir_fisher_z,fai,harmful_cyanobacteria,Gumi Weir,0.20486376559231162,True,12,12,0.20486376559231162,,False
pm3_2017_2025,raw_within_weir_pearson,equal_per_weir_fisher_z,fai,chlorophyll_a,Hapcheon-Changnyeong Weir,0.18725959068295472,True,15,12,0.20512693418499051,,False
pm3_2017_2025,raw_within_weir_pearson,equal_per_weir_fisher_z,fai,harmful_cyanobacteria,Hapcheon-Changnyeong Weir,0.1821852775519873,True,12,12,0.1821852775519873,,False
pm3_2017_2025,raw_within_weir_pearson,equal_per_weir_fisher_z,fai,chlorophyll_a,Ipo Weir,0.1961770409428534,True,15,13,0.20683795806343119,,False
pm3_2017_2025,raw_within_weir_pearson,equal_per_weir_fisher_z,fai,harmful_cyanobacteria,Ipo Weir,0.19768402010042813,True,13,13,0.19768402010042813,,False
pm3_2017_2025,raw_within_weir_pearson,equal_per_weir_fisher_z,fai,chlorophyll_a,Juksan Weir,0.19925186085943586,True,15,12,0.21999514764028333,,False
pm3_2017_2025,raw_within_weir_pearson,equal_per_weir_fisher_z,fai,harmful_cyanobacteria,Juksan Weir,0.18304012229648475,True,12,12,0.18304012229648475,,False
pm3_2017_2025,raw_within_weir_pearson,equal_per_weir_fisher_z,fai,chlorophyll_a,Nakdan Weir,0.18756868638864013,True,15,12,0.20551048807401764,,False
pm3_2017_2025,raw_within_weir_pearson,equal_per_weir_fisher_z,fai,harmful_cyanobacteria,Nakdan Weir,0.20277583475597843,True,12,12,0.20277583475597843,,False
pm3_2017_2025,raw_within_weir_pearson,equal_per_weir_fisher_z,fai,chlorophyll_a,Sangju Weir,0.18948018293251495,True,15,12,0.20788206567702933,,False
pm3_2017_2025,raw_within_weir_pearson,equal_per_weir_fisher_z,fai,harmful_cyanobacteria,Sangju Weir,0.20392525993952726,True,12,12,0.20392525993952726,,False
pm3_2017_2025,raw_within_weir_pearson,equal_per_weir_fisher_z,fai,chlorophyll_a,Sejong Weir,0.1663537286397079,True,15,12,0.17914783254789518,,False
pm3_2017_2025,raw_within_weir_pearson,equal_per_weir_fisher_z,fai,harmful_cyanobacteria,Sejong Weir,0.21661288619862581,True,12,12,0.21661288619862581,,False
pm3_2017_2025,raw_within_weir_pearson,equal_per_weir_fisher_z,fai,chlorophyll_a,Seungchon Weir,0.20544818132096432,True,15,12,0.2276665959011096,,False
pm3_2017_2025,raw_within_weir_pearson,equal_per_weir_fisher_z,fai,harmful_cyanobacteria,Seungchon Weir,0.2023697544499829,True,12,12,0.2023697544499829,,False
pm3_2017_2025,raw_within_weir_pearson,equal_per_weir_fisher_z,fai,chlorophyll_a,Yeoju Weir,0.1884301470353783,True,15,13,0.20683795806343119,,False
pm3_2017_2025,raw_within_weir_pearson,equal_per_weir_fisher_z,fai,harmful_cyanobacteria,Yeoju Weir,0.19768402010042813,True,13,13,0.19768402010042813,,False
pm3_2017_2025,raw_within_weir_pearson,equal_per_observation,ndci,chlorophyll_a,Baekje Weir,0.42471052590327862,True,15,12,0.40039641094802564,0.028266497642522981,True
pm3_2017_2025,raw_within_weir_pearson,equal_per_observation,ndci,harmful_cyanobacteria,Baekje Weir,0.37212991330550266,True,12,12,0.37212991330550266,0.028266497642522981,True
pm3_2017_2025,raw_within_weir_pearson,equal_per_observation,ndci,chlorophyll_a,Changnyeong-Haman Weir,0.41608464413894203,True,15,12,0.39129962094019294,0.030033461346733514,True
pm3_2017_2025,raw_within_weir_pearson,equal_per_observation,ndci,harmful_cyanobacteria,Changnyeong-Haman Weir,0.36126615959345942,True,12,12,0.36126615959345942,0.030033461346733514,True
pm3_2017_2025,raw_within_weir_pearson,equal_per_observation,ndci,chlorophyll_a,Chilgok Weir,0.41086370793242916,True,15,12,0.38566301392435953,0.02866538048550421,True
pm3_2017_2025,raw_within_weir_pearson,equal_per_observation,ndci,harmful_cyanobacteria,Chilgok Weir,0.35699763343885532,True,12,12,0.35699763343885532,0.02866538048550421,True
pm3_2017_2025,raw_within_weir_pearson,equal_per_observation,ndci,chlorophyll_a,Dalseong Weir,0.40391921429887551,True,15,12,0.37708709028917958,0.034023406761103825,True
pm3_2017_2025,raw_within_weir_pearson,equal_per_observation,ndci,harmful_cyanobacteria,Dalseong Weir,0.34306368352807576,True,12,12,0.34306368352807576,0.034023406761103825,True
pm3_2017_2025,raw_within_weir_pearson,equal_per_observation,ndci,chlorophyll_a,Gangcheon Weir,0.41424874890023222,True,15,13,0.39297839023478087,0.028096346574081665,True
pm3_2017_2025,raw_within_weir_pearson,equal_per_observation,ndci,harmful_cyanobacteria,Gangcheon Weir,0.36488204366069921,True,13,13,0.36488204366069921,0.028096346574081665,True
pm3_2017_2025,raw_within_weir_pearson,equal_per_observation,ndci,chlorophyll_a,Gangjeong-Goryeong Weir,0.39656272013043048,True,15,12,0.36945466190073117,0.022811975368192794,True
pm3_2017_2025,raw_within_weir_pearson,equal_per_observation,ndci,harmful_cyanobacteria,Gangjeong-Goryeong Weir,0.34664268653253838,True,12,12,0.34664268653253838,0.022811975368192794,True
pm3_2017_2025,raw_within_weir_pearson,equal_per_observation,ndci,chlorophyll_a,Gongju Weir,0.42624199274452745,True,15,12,0.40347164254975409,0.02283339705851517,True
pm3_2017_2025,raw_within_weir_pearson,equal_per_observation,ndci,harmful_cyanobacteria,Gongju Weir,0.38063824549123892,True,12,12,0.38063824549123892,0.02283339705851517,True
pm3_2017_2025,raw_within_weir_pearson,equal_per_observation,ndci,chlorophyll_a,Gumi Weir,0.43215931942354946,True,15,12,0.40937309819503798,0.026840706226951005,True
pm3_2017_2025,raw_within_weir_pearson,equal_per_observation,ndci,harmful_cyanobacteria,Gumi Weir,0.38253239196808697,True,12,12,0.38253239196808697,0.026840706226951005,True
pm3_2017_2025,raw_within_weir_pearson,equal_per_observation,ndci,chlorophyll_a,Hapcheon-Changnyeong Weir,0.41512498397074477,True,15,12,0.38959596459869456,0.02829850725963845,True
pm3_2017_2025,raw_within_weir_pearson,equal_per_observation,ndci,harmful_cyanobacteria,Hapcheon-Changnyeong Weir,0.36129745733905611,True,12,12,0.36129745733905611,0.02829850725963845,True
pm3_2017_2025,raw_within_weir_pearson,equal_per_observation,ndci,chlorophyll_a,Ipo Weir,0.40213826689215154,True,15,13,0.39297839023478087,0.028096346574081665,True
pm3_2017_2025,raw_within_weir_pearson,equal_per_observation,ndci,harmful_cyanobacteria,Ipo Weir,0.36488204366069921,True,13,13,0.36488204366069921,0.028096346574081665,True
pm3_2017_2025,raw_within_weir_pearson,equal_per_observation,ndci,chlorophyll_a,Juksan Weir,0.42182441857615693,True,15,12,0.39868741206705099,0.045767303858556985,True
pm3_2017_2025,raw_within_weir_pearson,equal_per_observation,ndci,harmful_cyanobacteria,Juksan Weir,0.35292010820849401,True,12,12,0.35292010820849401,0.045767303858556985,True
pm3_2017_2025,raw_within_weir_pearson,equal_per_observation,ndci,chlorophyll_a,Nakdan Weir,0.41965195634610181,True,15,12,0.39584029412433241,0.021898297725554572,True
pm3_2017_2025,raw_within_weir_pearson,equal_per_observation,ndci,harmful_cyanobacteria,Nakdan Weir,0.37394199639877784,True,12,12,0.37394199639877784,0.021898297725554572,True
pm3_2017_2025,raw_within_weir_pearson,equal_per_observation,ndci,chlorophyll_a,Sangju Weir,0.41893982603308499,True,15,12,0.39487766017423881,0.026414552169429062,True
pm3_2017_2025,raw_within_weir_pearson,equal_per_observation,ndci,harmful_cyanobacteria,Sangju Weir,0.36846310800480975,True,12,12,0.36846310800480975,0.026414552169429062,True
pm3_2017_2025,raw_within_weir_pearson,equal_per_observation,ndci,chlorophyll_a,Sejong Weir,0.41277645918165462,True,15,12,0.38845433945769875,0.0062776692783919619,True
pm3_2017_2025,raw_within_weir_pearson,equal_per_observation,ndci,harmful_cyanobacteria,Sejong Weir,0.38217667017930679,True,12,12,0.38217667017930679,0.0062776692783919619,True
pm3_2017_2025,raw_within_weir_pearson,equal_per_observation,ndci,chlorophyll_a,Seungchon Weir,0.42762138453075221,True,15,12,0.40496529584598395,0.04341817812145482,True
pm3_2017_2025,raw_within_weir_pearson,equal_per_observation,ndci,harmful_cyanobacteria,Seungchon Weir,0.36154711772452913,True,12,12,0.36154711772452913,0.04341817812145482,True
pm3_2017_2025,raw_within_weir_pearson,equal_per_observation,ndci,chlorophyll_a,Yeoju Weir,0.40949328779409849,True,15,13,0.39297839023478087,0.028096346574081665,True
pm3_2017_2025,raw_within_weir_pearson,equal_per_observation,ndci,harmful_cyanobacteria,Yeoju Weir,0.36488204366069921,True,13,13,0.36488204366069921,0.028096346574081665,True
pm3_2017_2025,raw_within_weir_pearson,equal_per_observation,fai,chlorophyll_a,Baekje Weir,0.17618349359309582,True,15,12,0.18426939041576137,,False
pm3_2017_2025,raw_within_weir_pearson,equal_per_observation,fai,harmful_cyanobacteria,Baekje Weir,0.18185546550083367,True,12,12,0.18185546550083367,,False
pm3_2017_2025,raw_within_weir_pearson,equal_per_observation,fai,chlorophyll_a,Changnyeong-Haman Weir,0.17662188573837831,True,15,12,0.18435684024549803,,False
pm3_2017_2025,raw_within_weir_pearson,equal_per_observation,fai,harmful_cyanobacteria,Changnyeong-Haman Weir,0.2007596528227947,True,12,12,0.2007596528227947,,False
pm3_2017_2025,raw_within_weir_pearson,equal_per_observation,fai,chlorophyll_a,Chilgok Weir,0.17849233068566792,True,15,12,0.18684280602114733,,False
pm3_2017_2025,raw_within_weir_pearson,equal_per_observation,fai,harmful_cyanobacteria,Chilgok Weir,0.20358704958633372,True,12,12,0.20358704958633372,,False
pm3_2017_2025,raw_within_weir_pearson,equal_per_observation,fai,chlorophyll_a,Dalseong Weir,0.17143363414761467,True,15,12,0.17921101183873031,,False
pm3_2017_2025,raw_within_weir_pearson,equal_per_observation,fai,harmful_cyanobacteria,Dalseong Weir,0.20437438580949718,True,12,12,0.20437438580949718,,False
pm3_2017_2025,raw_within_weir_pearson,equal_per_observation,fai,chlorophyll_a,Gangcheon Weir,0.17962971075237219,True,15,13,0.18432894264511721,,False
pm3_2017_2025,raw_within_weir_pearson,equal_per_observation,fai,harmful_cyanobacteria,Gangcheon Weir,0.20532712512223025,True,13,13,0.20532712512223025,,False
pm3_2017_2025,raw_within_weir_pearson,equal_per_observation,fai,chlorophyll_a,Gangjeong-Goryeong Weir,0.17483776475553611,True,15,12,0.18299471294050207,,False
pm3_2017_2025,raw_within_weir_pearson,equal_per_observation,fai,harmful_cyanobacteria,Gangjeong-Goryeong Weir,0.20405360508463524,True,12,12,0.20405360508463524,,False
pm3_2017_2025,raw_within_weir_pearson,equal_per_observation,fai,chlorophyll_a,Gongju Weir,0.16368182520633634,True,15,12,0.17097259315519378,,False
pm3_2017_2025,raw_within_weir_pearson,equal_per_observation,fai,harmful_cyanobacteria,Gongju Weir,0.22967618103638171,True,12,12,0.22967618103638171,,False
pm3_2017_2025,raw_within_weir_pearson,equal_per_observation,fai,chlorophyll_a,Gumi Weir,0.19315884163105754,True,15,12,0.2025697529169507,,False
pm3_2017_2025,raw_within_weir_pearson,equal_per_observation,fai,harmful_cyanobacteria,Gumi Weir,0.21953551604100377,True,12,12,0.21953551604100377,,False
pm3_2017_2025,raw_within_weir_pearson,equal_per_observation,fai,chlorophyll_a,Hapcheon-Changnyeong Weir,0.17118830286535108,True,15,12,0.17901226709156021,,False
pm3_2017_2025,raw_within_weir_pearson,equal_per_observation,fai,harmful_cyanobacteria,Hapcheon-Changnyeong Weir,0.18528743957259128,True,12,12,0.18528743957259128,,False
pm3_2017_2025,raw_within_weir_pearson,equal_per_observation,fai,chlorophyll_a,Ipo Weir,0.18025344864609127,True,15,13,0.18432894264511721,,False
pm3_2017_2025,raw_within_weir_pearson,equal_per_observation,fai,harmful_cyanobacteria,Ipo Weir,0.20532712512223025,True,13,13,0.20532712512223025,,False
pm3_2017_2025,raw_within_weir_pearson,equal_per_observation,fai,chlorophyll_a,Juksan Weir,0.19090459489805278,True,15,12,0.19983856613126971,,False
pm3_2017_2025,raw_within_weir_pearson,equal_per_observation,fai,harmful_cyanobacteria,Juksan Weir,0.18682247895245729,True,12,12,0.18682247895245729,,False
pm3_2017_2025,raw_within_weir_pearson,equal_per_observation,fai,chlorophyll_a,Nakdan Weir,0.17488839652517268,True,15,12,0.18274339788494603,,False
pm3_2017_2025,raw_within_weir_pearson,equal_per_observation,fai,harmful_cyanobacteria,Nakdan Weir,0.20955107164704811,True,12,12,0.20955107164704811,,False
pm3_2017_2025,raw_within_weir_pearson,equal_per_observation,fai,chlorophyll_a,Sangju Weir,0.17620228009831002,True,15,12,0.18420387442621322,,False
pm3_2017_2025,raw_within_weir_pearson,equal_per_observation,fai,harmful_cyanobacteria,Sangju Weir,0.21186773881784954,True,12,12,0.21186773881784954,,False
pm3_2017_2025,raw_within_weir_pearson,equal_per_observation,fai,chlorophyll_a,Sejong Weir,0.1555250170310582,True,15,12,0.16191842562439743,,False
pm3_2017_2025,raw_within_weir_pearson,equal_per_observation,fai,harmful_cyanobacteria,Sejong Weir,0.22132523998515116,True,12,12,0.22132523998515116,,False
pm3_2017_2025,raw_within_weir_pearson,equal_per_observation,fai,chlorophyll_a,Seungchon Weir,0.19010580848184658,True,15,12,0.19935927509994464,,False
pm3_2017_2025,raw_within_weir_pearson,equal_per_observation,fai,harmful_cyanobacteria,Seungchon Weir,0.209144405180304,True,12,12,0.209144405180304,,False
pm3_2017_2025,raw_within_weir_pearson,equal_per_observation,fai,chlorophyll_a,Yeoju Weir,0.17755100305015362,True,15,13,0.18432894264511721,,False
pm3_2017_2025,raw_within_weir_pearson,equal_per_observation,fai,harmful_cyanobacteria,Yeoju Weir,0.20532712512223025,True,13,13,0.20532712512223025,,False
pm3_2017_2025,within_weir_percentile_midrank,equal_per_weir_fisher_z,ndci,chlorophyll_a,Baekje Weir,0.47592873921154449,True,15,12,0.43880565570436053,0.00050140100612100502,True
pm3_2017_2025,within_weir_percentile_midrank,equal_per_weir_fisher_z,ndci,harmful_cyanobacteria,Baekje Weir,0.43830425469823953,True,12,12,0.43830425469823953,0.00050140100612100502,True
pm3_2017_2025,within_weir_percentile_midrank,equal_per_weir_fisher_z,ndci,chlorophyll_a,Changnyeong-Haman Weir,0.45424264083335514,True,15,12,0.41045439000246259,-0.014272355294486616,True
pm3_2017_2025,within_weir_percentile_midrank,equal_per_weir_fisher_z,ndci,harmful_cyanobacteria,Changnyeong-Haman Weir,0.4247267452969492,True,12,12,0.4247267452969492,-0.014272355294486616,True
pm3_2017_2025,within_weir_percentile_midrank,equal_per_weir_fisher_z,ndci,chlorophyll_a,Chilgok Weir,0.46200128216245068,True,15,12,0.42060934922502735,-0.010438599955024719,True
pm3_2017_2025,within_weir_percentile_midrank,equal_per_weir_fisher_z,ndci,harmful_cyanobacteria,Chilgok Weir,0.43104794918005207,True,12,12,0.43104794918005207,-0.010438599955024719,True
pm3_2017_2025,within_weir_percentile_midrank,equal_per_weir_fisher_z,ndci,chlorophyll_a,Dalseong Weir,0.46100152663761518,True,15,12,0.41930150490774287,0.0017239746519065458,True
pm3_2017_2025,within_weir_percentile_midrank,equal_per_weir_fisher_z,ndci,harmful_cyanobacteria,Dalseong Weir,0.41757753025583633,True,12,12,0.41757753025583633,0.0017239746519065458,True
pm3_2017_2025,within_weir_percentile_midrank,equal_per_weir_fisher_z,ndci,chlorophyll_a,Gangcheon Weir,0.4652819053784526,True,15,13,0.4300630981876723,-0.0075767415447721143,True
pm3_2017_2025,within_weir_percentile_midrank,equal_per_weir_fisher_z,ndci,harmful_cyanobacteria,Gangcheon Weir,0.43763983973244441,True,13,13,0.43763983973244441,-0.0075767415447721143,True
pm3_2017_2025,within_weir_percentile_midrank,equal_per_weir_fisher_z,ndci,chlorophyll_a,Gangjeong-Goryeong Weir,0.44825695402258753,True,15,12,0.40261193412337681,-0.0073494730765283345,True
pm3_2017_2025,within_weir_percentile_midrank,equal_per_weir_fisher_z,ndci,harmful_cyanobacteria,Gangjeong-Goryeong Weir,0.40996140719990515,True,12,12,0.40996140719990515,-0.0073494730765283345,True
pm3_2017_2025,within_weir_percentile_midrank,equal_per_weir_fisher_z,ndci,chlorophyll_a,Gongju Weir,0.47501231848512421,True,15,12,0.43760973651020152,-0.021669378768243985,True
pm3_2017_2025,within_weir_percentile_midrank,equal_per_weir_fisher_z,ndci,harmful_cyanobacteria,Gongju Weir,0.4592791152784455,True,12,12,0.4592791152784455,-0.021669378768243985,True
pm3_2017_2025,within_weir_percentile_midrank,equal_per_weir_fisher_z,ndci,chlorophyll_a,Gumi Weir,0.47712851795995892,True,15,12,0.44037104291401957,-0.0057743851406358293,True
pm3_2017_2025,within_weir_percentile_midrank,equal_per_weir_fisher_z,ndci,harmful_cyanobacteria,Gumi Weir,0.4461454280546554,True,12,12,0.4461454280546554,-0.0057743851406358293,True
pm3_2017_2025,within_weir_percentile_midrank,equal_per_weir_fisher_z,ndci,chlorophyll_a,Hapcheon-Changnyeong Weir,0.46852308715469126,True,15,12,0.42913563376209585,-0.0063882253357245289,True
pm3_2017_2025,within_weir_percentile_midrank,equal_per_weir_fisher_z,ndci,harmful_cyanobacteria,Hapcheon-Changnyeong Weir,0.43552385909782038,True,12,12,0.43552385909782038,-0.0063882253357245289,True
pm3_2017_2025,within_weir_percentile_midrank,equal_per_weir_fisher_z,ndci,chlorophyll_a,Ipo Weir,0.44870070978780519,True,15,13,0.4300630981876723,-0.0075767415447721143,True
pm3_2017_2025,within_weir_percentile_midrank,equal_per_weir_fisher_z,ndci,harmful_cyanobacteria,Ipo Weir,0.43763983973244441,True,13,13,0.43763983973244441,-0.0075767415447721143,True
pm3_2017_2025,within_weir_percentile_midrank,equal_per_weir_fisher_z,ndci,chlorophyll_a,Juksan Weir,0.48066567041588204,True,15,12,0.44498398037002646,0.014718136545654403,True
pm3_2017_2025,within_weir_percentile_midrank,equal_per_weir_fisher_z,ndci,harmful_cyanobacteria,Juksan Weir,0.43026584382437205,True,12,12,0.43026584382437205,0.014718136545654403,True
pm3_2017_2025,within_weir_percentile_midrank,equal_per_weir_fisher_z,ndci,chlorophyll_a,Nakdan Weir,0.47029191176515617,True,15,12,0.43144646774381123,-0.01695909686906677,True
pm3_2017_2025,within_weir_percentile_midrank,equal_per_weir_fisher_z,ndci,harmful_cyanobacteria,Nakdan Weir,0.448405564612878,True,12,12,0.448405564612878,-0.01695909686906677,True
pm3_2017_2025,within_weir_percentile_midrank,equal_per_weir_fisher_z,ndci,chlorophyll_a,Sangju Weir,0.47327139568856547,True,15,12,0.43533729111017,-0.0097402111802232239,True
pm3_2017_2025,within_weir_percentile_midrank,equal_per_weir_fisher_z,ndci,harmful_cyanobacteria,Sangju Weir,0.44507750229039322,True,12,12,0.44507750229039322,-0.0097402111802232239,True
pm3_2017_2025,within_weir_percentile_midrank,equal_per_weir_fisher_z,ndci,chlorophyll_a,Sejong Weir,0.46721468714815534,True,15,12,0.427425850909806,-0.037226486357517741,True
pm3_2017_2025,within_weir_percentile_midrank,equal_per_weir_fisher_z,ndci,harmful_cyanobacteria,Sejong Weir,0.46465233726732375,True,12,12,0.46465233726732375,-0.037226486357517741,True
pm3_2017_2025,within_weir_percentile_midrank,equal_per_weir_fisher_z,ndci,chlorophyll_a,Seungchon Weir,0.48568360697094531,True,15,12,0.45152254039234963,0.014732848779517305,True
pm3_2017_2025,within_weir_percentile_midrank,equal_per_weir_fisher_z,ndci,harmful_cyanobacteria,Seungchon Weir,0.43678969161283232,True,12,12,0.43678969161283232,0.014732848779517305,True
pm3_2017_2025,within_weir_percentile_midrank,equal_per_weir_fisher_z,ndci,chlorophyll_a,Yeoju Weir,0.45504363033647727,True,15,13,0.4300630981876723,-0.0075767415447721143,True
pm3_2017_2025,within_weir_percentile_midrank,equal_per_weir_fisher_z,ndci,harmful_cyanobacteria,Yeoju Weir,0.43763983973244441,True,13,13,0.43763983973244441,-0.0075767415447721143,True
pm3_2017_2025,within_weir_percentile_midrank,equal_per_weir_fisher_z,fai,chlorophyll_a,Baekje Weir,0.20056891626090498,True,15,12,0.2021771487512129,,False
pm3_2017_2025,within_weir_percentile_midrank,equal_per_weir_fisher_z,fai,harmful_cyanobacteria,Baekje Weir,0.28056142693223446,True,12,12,0.28056142693223446,,False
pm3_2017_2025,within_weir_percentile_midrank,equal_per_weir_fisher_z,fai,chlorophyll_a,Changnyeong-Haman Weir,0.19601568344818557,True,15,12,0.19648806513076852,,False
pm3_2017_2025,within_weir_percentile_midrank,equal_per_weir_fisher_z,fai,harmful_cyanobacteria,Changnyeong-Haman Weir,0.26146157757565069,True,12,12,0.26146157757565069,,False
pm3_2017_2025,within_weir_percentile_midrank,equal_per_weir_fisher_z,fai,chlorophyll_a,Chilgok Weir,0.21106675705802933,True,15,12,0.21528282347659844,,False
pm3_2017_2025,within_weir_percentile_midrank,equal_per_weir_fisher_z,fai,harmful_cyanobacteria,Chilgok Weir,0.29179224788010089,True,12,12,0.29179224788010089,,False
pm3_2017_2025,within_weir_percentile_midrank,equal_per_weir_fisher_z,fai,chlorophyll_a,Dalseong Weir,0.20243817893642671,True,15,12,0.20451191142882474,,False
pm3_2017_2025,within_weir_percentile_midrank,equal_per_weir_fisher_z,fai,harmful_cyanobacteria,Dalseong Weir,0.28561938016620581,True,12,12,0.28561938016620581,,False
pm3_2017_2025,within_weir_percentile_midrank,equal_per_weir_fisher_z,fai,chlorophyll_a,Gangcheon Weir,0.21378836151372529,True,15,13,0.20676374761849003,,False
pm3_2017_2025,within_weir_percentile_midrank,equal_per_weir_fisher_z,fai,harmful_cyanobacteria,Gangcheon Weir,0.28896100661899693,True,13,13,0.28896100661899693,,False
pm3_2017_2025,within_weir_percentile_midrank,equal_per_weir_fisher_z,fai,chlorophyll_a,Gangjeong-Goryeong Weir,0.20551293408444121,True,15,12,0.20835131095624088,,False
pm3_2017_2025,within_weir_percentile_midrank,equal_per_weir_fisher_z,fai,harmful_cyanobacteria,Gangjeong-Goryeong Weir,0.28163784448339368,True,12,12,0.28163784448339368,,False
pm3_2017_2025,within_weir_percentile_midrank,equal_per_weir_fisher_z,fai,chlorophyll_a,Gongju Weir,0.19096426378405004,True,15,12,0.19017339553547252,,False
pm3_2017_2025,within_weir_percentile_midrank,equal_per_weir_fisher_z,fai,harmful_cyanobacteria,Gongju Weir,0.31744690428938527,True,12,12,0.31744690428938527,,False
pm3_2017_2025,within_weir_percentile_midrank,equal_per_weir_fisher_z,fai,chlorophyll_a,Gumi Weir,0.21817617879676662,True,15,12,0.22414896069453488,,False
pm3_2017_2025,within_weir_percentile_midrank,equal_per_weir_fisher_z,fai,harmful_cyanobacteria,Gumi Weir,0.28048627587029029,True,12,12,0.28048627587029029,,False
pm3_2017_2025,within_weir_percentile_midrank,equal_per_weir_fisher_z,fai,chlorophyll_a,Hapcheon-Changnyeong Weir,0.20402533463992031,True,15,12,0.20649393472004127,,False
pm3_2017_2025,within_weir_percentile_midrank,equal_per_weir_fisher_z,fai,harmful_cyanobacteria,Hapcheon-Changnyeong Weir,0.2751916265853071,True,12,12,0.2751916265853071,,False
pm3_2017_2025,within_weir_percentile_midrank,equal_per_weir_fisher_z,fai,chlorophyll_a,Ipo Weir,0.20170173025426075,True,15,13,0.20676374761849003,,False
pm3_2017_2025,within_weir_percentile_midrank,equal_per_weir_fisher_z,fai,harmful_cyanobacteria,Ipo Weir,0.28896100661899693,True,13,13,0.28896100661899693,,False
pm3_2017_2025,within_weir_percentile_midrank,equal_per_weir_fisher_z,fai,chlorophyll_a,Juksan Weir,0.21309573014593886,True,15,12,0.21781395428523653,,False
pm3_2017_2025,within_weir_percentile_midrank,equal_per_weir_fisher_z,fai,harmful_cyanobacteria,Juksan Weir,0.27928600106760509,True,12,12,0.27928600106760509,,False
pm3_2017_2025,within_weir_percentile_midrank,equal_per_weir_fisher_z,fai,chlorophyll_a,Nakdan Weir,0.20647408424256031,True,15,12,0.20955120871932434,,False
pm3_2017_2025,within_weir_percentile_midrank,equal_per_weir_fisher_z,fai,harmful_cyanobacteria,Nakdan Weir,0.29356733933971851,True,12,12,0.29356733933971851,,False
pm3_2017_2025,within_weir_percentile_midrank,equal_per_weir_fisher_z,fai,chlorophyll_a,Sangju Weir,0.20930616321211259,True,15,12,0.21308598795234568,,False
pm3_2017_2025,within_weir_percentile_midrank,equal_per_weir_fisher_z,fai,harmful_cyanobacteria,Sangju Weir,0.29709088213653384,True,12,12,0.29709088213653384,,False
pm3_2017_2025,within_weir_percentile_midrank,equal_per_weir_fisher_z,fai,chlorophyll_a,Sejong Weir,0.17492563435255715,True,15,12,0.17010425793999268,,False
pm3_2017_2025,within_weir_percentile_midrank,equal_per_weir_fisher_z,fai,harmful_cyanobacteria,Sejong Weir,0.31374858649324444,True,12,12,0.31374858649324444,,False
pm3_2017_2025,within_weir_percentile_midrank,equal_per_weir_fisher_z,fai,chlorophyll_a,Seungchon Weir,0.22219356354472977,True,15,12,0.22915543532149585,,False
pm3_2017_2025,within_weir_percentile_midrank,equal_per_weir_fisher_z,fai,harmful_cyanobacteria,Seungchon Weir,0.29769877323857774,True,12,12,0.29769877323857774,,False
pm3_2017_2025,within_weir_percentile_midrank,equal_per_weir_fisher_z,fai,chlorophyll_a,Yeoju Weir,0.19973240348420279,True,15,13,0.20676374761849003,,False
pm3_2017_2025,within_weir_percentile_midrank,equal_per_weir_fisher_z,fai,harmful_cyanobacteria,Yeoju Weir,0.28896100661899693,True,13,13,0.28896100661899693,,False
pm3_2017_2025,within_weir_percentile_midrank,equal_per_observation,ndci,chlorophyll_a,Baekje Weir,0.45160092221342468,True,15,12,0.4302150792412604,-0.00035127164610032624,True
pm3_2017_2025,within_weir_percentile_midrank,equal_per_observation,ndci,harmful_cyanobacteria,Baekje Weir,0.43056635088736073,True,12,12,0.43056635088736073,-0.00035127164610032624,True
pm3_2017_2025,within_weir_percentile_midrank,equal_per_observation,ndci,chlorophyll_a,Changnyeong-Haman Weir,0.43377172867798935,True,15,12,0.41058566224597587,-0.012102821544313747,True
pm3_2017_2025,within_weir_percentile_midrank,equal_per_observation,ndci,harmful_cyanobacteria,Changnyeong-Haman Weir,0.42268848379028962,True,12,12,0.42268848379028962,-0.012102821544313747,True
pm3_2017_2025,within_weir_percentile_midrank,equal_per_observation,ndci,chlorophyll_a,Chilgok Weir,0.43490463448703071,True,15,12,0.41101552222557092,-0.011763740129547451,True
pm3_2017_2025,within_weir_percentile_midrank,equal_per_observation,ndci,harmful_cyanobacteria,Chilgok Weir,0.42277926235511837,True,12,12,0.42277926235511837,-0.011763740129547451,True
pm3_2017_2025,within_weir_percentile_midrank,equal_per_observation,ndci,chlorophyll_a,Dalseong Weir,0.43310180000565074,True,15,12,0.40877313559022227,-5.7356839645805735e-05,True
pm3_2017_2025,within_weir_percentile_midrank,equal_per_observation,ndci,harmful_cyanobacteria,Dalseong Weir,0.40883049242986808,True,12,12,0.40883049242986808,-5.7356839645805735e-05,True
pm3_2017_2025,within_weir_percentile_midrank,equal_per_observation,ndci,chlorophyll_a,Gangcheon Weir,0.44028569005865265,True,15,13,0.4213752389340813,-0.0090858268998014746,True
pm3_2017_2025,within_weir_percentile_midrank,equal_per_observation,ndci,harmful_cyanobacteria,Gangcheon Weir,0.43046106583388277,True,13,13,0.43046106583388277,-0.0090858268998014746,True
pm3_2017_2025,within_weir_percentile_midrank,equal_per_observation,ndci,chlorophyll_a,Gangjeong-Goryeong Weir,0.4216570795311339,True,15,12,0.39577287277070117,-0.0083638792423493813,True
pm3_2017_2025,within_weir_percentile_midrank,equal_per_observation,ndci,harmful_cyanobacteria,Gangjeong-Goryeong Weir,0.40413675201305055,True,12,12,0.40413675201305055,-0.0083638792423493813,True
pm3_2017_2025,within_weir_percentile_midrank,equal_per_observation,ndci,chlorophyll_a,Gongju Weir,0.44895434971718817,True,15,12,0.42749769102955087,-0.020862177331014808,True
pm3_2017_2025,within_weir_percentile_midrank,equal_per_observation,ndci,harmful_cyanobacteria,Gongju Weir,0.44835986836056568,True,12,12,0.44835986836056568,-0.020862177331014808,True
pm3_2017_2025,within_weir_percentile_midrank,equal_per_observation,ndci,chlorophyll_a,Gumi Weir,0.45493674307104742,True,15,12,0.43376408849769421,-0.0071785467028697147,True
pm3_2017_2025,within_weir_percentile_midrank,equal_per_observation,ndci,harmful_cyanobacteria,Gumi Weir,0.44094263520056393,True,12,12,0.44094263520056393,-0.0071785467028697147,True
pm3_2017_2025,within_weir_percentile_midrank,equal_per_observation,ndci,chlorophyll_a,Hapcheon-Changnyeong Weir,0.44240287129843336,True,15,12,0.41937165836000428,-0.0077371739848609566,True
pm3_2017_2025,within_weir_percentile_midrank,equal_per_observation,ndci,harmful_cyanobacteria,Hapcheon-Changnyeong Weir,0.42710883234486524,True,12,12,0.42710883234486524,-0.0077371739848609566,True
pm3_2017_2025,within_weir_percentile_midrank,equal_per_observation,ndci,chlorophyll_a,Ipo Weir,0.4323478821297313,True,15,13,0.4213752389340813,-0.0090858268998014746,True
pm3_2017_2025,within_weir_percentile_midrank,equal_per_observation,ndci,harmful_cyanobacteria,Ipo Weir,0.43046106583388277,True,13,13,0.43046106583388277,-0.0090858268998014746,True
pm3_2017_2025,within_weir_percentile_midrank,equal_per_observation,ndci,chlorophyll_a,Juksan Weir,0.45246866521293883,True,15,12,0.43180960768407411,0.0064848540929333676,True
pm3_2017_2025,within_weir_percentile_midrank,equal_per_observation,ndci,harmful_cyanobacteria,Juksan Weir,0.42532475359114075,True,12,12,0.42532475359114075,0.0064848540929333676,True
pm3_2017_2025,within_weir_percentile_midrank,equal_per_observation,ndci,chlorophyll_a,Nakdan Weir,0.44491499108775151,True,15,12,0.42221043941248121,-0.022320524132656505,True
pm3_2017_2025,within_weir_percentile_midrank,equal_per_observation,ndci,harmful_cyanobacteria,Nakdan Weir,0.44453096354513771,True,12,12,0.44453096354513771,-0.022320524132656505,True
pm3_2017_2025,within_weir_percentile_midrank,equal_per_observation,ndci,chlorophyll_a,Sangju Weir,0.44917973996431215,True,15,12,0.4271428414277188,-0.012379411490671954,True
pm3_2017_2025,within_weir_percentile_midrank,equal_per_observation,ndci,harmful_cyanobacteria,Sangju Weir,0.43952225291839075,True,12,12,0.43952225291839075,-0.012379411490671954,True
pm3_2017_2025,within_weir_percentile_midrank,equal_per_observation,ndci,chlorophyll_a,Sejong Weir,0.44120896783475072,True,15,12,0.41874813752227985,-0.032535412736278746,True
pm3_2017_2025,within_weir_percentile_midrank,equal_per_observation,ndci,harmful_cyanobacteria,Sejong Weir,0.4512835502585586,True,12,12,0.4512835502585586,-0.032535412736278746,True
pm3_2017_2025,within_weir_percentile_midrank,equal_per_observation,ndci,chlorophyll_a,Seungchon Weir,0.46032574820625094,True,15,12,0.44054440626657576,0.01123447881001588,True
pm3_2017_2025,within_weir_percentile_midrank,equal_per_observation,ndci,harmful_cyanobacteria,Seungchon Weir,0.42930992745655988,True,12,12,0.42930992745655988,0.01123447881001588,True
pm3_2017_2025,within_weir_percentile_midrank,equal_per_observation,ndci,chlorophyll_a,Yeoju Weir,0.43505579091616275,True,15,13,0.4213752389340813,-0.0090858268998014746,True
pm3_2017_2025,within_weir_percentile_midrank,equal_per_observation,ndci,harmful_cyanobacteria,Yeoju Weir,0.43046106583388277,True,13,13,0.43046106583388277,-0.0090858268998014746,True
pm3_2017_2025,within_weir_percentile_midrank,equal_per_observation,fai,chlorophyll_a,Baekje Weir,0.18473669593879183,True,15,12,0.18396833431139617,,False
pm3_2017_2025,within_weir_percentile_midrank,equal_per_observation,fai,harmful_cyanobacteria,Baekje Weir,0.28043441388805912,True,12,12,0.28043441388805912,,False
pm3_2017_2025,within_weir_percentile_midrank,equal_per_observation,fai,chlorophyll_a,Changnyeong-Haman Weir,0.18400616712625292,True,15,12,0.18316053158127826,,False
pm3_2017_2025,within_weir_percentile_midrank,equal_per_observation,fai,harmful_cyanobacteria,Changnyeong-Haman Weir,0.27337516998099853,True,12,12,0.27337516998099853,,False
pm3_2017_2025,within_weir_percentile_midrank,equal_per_observation,fai,chlorophyll_a,Chilgok Weir,0.19701421229874064,True,15,12,0.19802638947255485,,False
pm3_2017_2025,within_weir_percentile_midrank,equal_per_observation,fai,harmful_cyanobacteria,Chilgok Weir,0.29162355998137623,True,12,12,0.29162355998137623,,False
pm3_2017_2025,within_weir_percentile_midrank,equal_per_observation,fai,chlorophyll_a,Dalseong Weir,0.18635785110597022,True,15,12,0.18581822016811295,,False
pm3_2017_2025,within_weir_percentile_midrank,equal_per_observation,fai,harmful_cyanobacteria,Dalseong Weir,0.28439684601339976,True,12,12,0.28439684601339976,,False
pm3_2017_2025,within_weir_percentile_midrank,equal_per_observation,fai,chlorophyll_a,Gangcheon Weir,0.19560908637441812,True,15,13,0.19010069395146806,,False
pm3_2017_2025,within_weir_percentile_midrank,equal_per_observation,fai,harmful_cyanobacteria,Gangcheon Weir,0.28845408030669933,True,13,13,0.28845408030669933,,False
pm3_2017_2025,within_weir_percentile_midrank,equal_per_observation,fai,chlorophyll_a,Gangjeong-Goryeong Weir,0.1902951261665721,True,15,12,0.19033143628628993,,False
pm3_2017_2025,within_weir_percentile_midrank,equal_per_observation,fai,harmful_cyanobacteria,Gangjeong-Goryeong Weir,0.28021125334424279,True,12,12,0.28021125334424279,,False
pm3_2017_2025,within_weir_percentile_midrank,equal_per_observation,fai,chlorophyll_a,Gongju Weir,0.17742264291614529,True,15,12,0.17562196023622295,,False
pm3_2017_2025,within_weir_percentile_midrank,equal_per_observation,fai,harmful_cyanobacteria,Gongju Weir,0.31119086046207456,True,12,12,0.31119086046207456,,False
pm3_2017_2025,within_weir_percentile_midrank,equal_per_observation,fai,chlorophyll_a,Gumi Weir,0.20753639124672812,True,15,12,0.21010034866263141,,False
pm3_2017_2025,within_weir_percentile_midrank,equal_per_observation,fai,harmful_cyanobacteria,Gumi Weir,0.27825494195033568,True,12,12,0.27825494195033568,,False
pm3_2017_2025,within_weir_percentile_midrank,equal_per_observation,fai,chlorophyll_a,Hapcheon-Changnyeong Weir,0.18833301116321721,True,15,12,0.18808169578984579,,False
pm3_2017_2025,within_weir_percentile_midrank,equal_per_observation,fai,harmful_cyanobacteria,Hapcheon-Changnyeong Weir,0.27218764715862831,True,12,12,0.27218764715862831,,False
pm3_2017_2025,within_weir_percentile_midrank,equal_per_observation,fai,chlorophyll_a,Ipo Weir,0.1879201430048488,True,15,13,0.19010069395146806,,False
pm3_2017_2025,within_weir_percentile_midrank,equal_per_observation,fai,harmful_cyanobacteria,Ipo Weir,0.28845408030669933,True,13,13,0.28845408030669933,,False
pm3_2017_2025,within_weir_percentile_midrank,equal_per_observation,fai,chlorophyll_a,Juksan Weir,0.19592112267021419,True,15,12,0.19674737586281538,,False
pm3_2017_2025,within_weir_percentile_midrank,equal_per_observation,fai,harmful_cyanobacteria,Juksan Weir,0.28215222500418741,True,12,12,0.28215222500418741,,False
pm3_2017_2025,within_weir_percentile_midrank,equal_per_observation,fai,chlorophyll_a,Nakdan Weir,0.19163102681366323,True,15,12,0.19186404654182582,,False
pm3_2017_2025,within_weir_percentile_midrank,equal_per_observation,fai,harmful_cyanobacteria,Nakdan Weir,0.29443389518104945,True,12,12,0.29443389518104945,,False
pm3_2017_2025,within_weir_percentile_midrank,equal_per_observation,fai,chlorophyll_a,Sangju Weir,0.19543915071985188,True,15,12,0.19623049204017701,,False
pm3_2017_2025,within_weir_percentile_midrank,equal_per_observation,fai,harmful_cyanobacteria,Sangju Weir,0.29891137438628096,True,12,12,0.29891137438628096,,False
pm3_2017_2025,within_weir_percentile_midrank,equal_per_observation,fai,chlorophyll_a,Sejong Weir,0.16739979177663702,True,15,12,0.1641837796948187,,False
pm3_2017_2025,within_weir_percentile_midrank,equal_per_observation,fai,harmful_cyanobacteria,Sejong Weir,0.30637968312757802,True,12,12,0.30637968312757802,,False
pm3_2017_2025,within_weir_percentile_midrank,equal_per_observation,fai,chlorophyll_a,Seungchon Weir,0.2057057078653339,True,15,12,0.2079335786097127,,False
pm3_2017_2025,within_weir_percentile_midrank,equal_per_observation,fai,harmful_cyanobacteria,Seungchon Weir,0.29564797287618816,True,12,12,0.29564797287618816,,False
pm3_2017_2025,within_weir_percentile_midrank,equal_per_observation,fai,chlorophyll_a,Yeoju Weir,0.18677210667010846,True,15,13,0.19010069395146806,,False
pm3_2017_2025,within_weir_percentile_midrank,equal_per_observation,fai,harmful_cyanobacteria,Yeoju Weir,0.28845408030669933,True,13,13,0.28845408030669933,,False
pm3_2017_2025,site_by_calendar_month_pearson,equal_per_weir_fisher_z,ndci,chlorophyll_a,Baekje Weir,0.36926909608834685,True,15,12,0.36145589181766796,0.16438886883266438,True
pm3_2017_2025,site_by_calendar_month_pearson,equal_per_weir_fisher_z,ndci,harmful_cyanobacteria,Baekje Weir,0.19706702298500359,True,12,12,0.19706702298500359,0.16438886883266438,True
pm3_2017_2025,site_by_calendar_month_pearson,equal_per_weir_fisher_z,ndci,chlorophyll_a,Changnyeong-Haman Weir,0.37548204085494996,True,15,12,0.36926869725156747,0.18874409129836298,True
pm3_2017_2025,site_by_calendar_month_pearson,equal_per_weir_fisher_z,ndci,harmful_cyanobacteria,Changnyeong-Haman Weir,0.18052460595320449,True,12,12,0.18052460595320449,0.18874409129836298,True
pm3_2017_2025,site_by_calendar_month_pearson,equal_per_weir_fisher_z,ndci,chlorophyll_a,Chilgok Weir,0.36949645218293836,True,15,12,0.36174195945609577,0.1834050226787286,True
pm3_2017_2025,site_by_calendar_month_pearson,equal_per_weir_fisher_z,ndci,harmful_cyanobacteria,Chilgok Weir,0.17833693677736717,True,12,12,0.17833693677736717,0.1834050226787286,True
pm3_2017_2025,site_by_calendar_month_pearson,equal_per_weir_fisher_z,ndci,chlorophyll_a,Dalseong Weir,0.37070630807206362,True,15,12,0.363264033760966,0.18778905404860283,True
pm3_2017_2025,site_by_calendar_month_pearson,equal_per_weir_fisher_z,ndci,harmful_cyanobacteria,Dalseong Weir,0.17547497971236317,True,12,12,0.17547497971236317,0.18778905404860283,True
pm3_2017_2025,site_by_calendar_month_pearson,equal_per_weir_fisher_z,ndci,chlorophyll_a,Gangcheon Weir,0.38402485655744095,True,15,13,0.36901763184131414,0.18439836384608391,True
pm3_2017_2025,site_by_calendar_month_pearson,equal_per_weir_fisher_z,ndci,harmful_cyanobacteria,Gangcheon Weir,0.18461926799523024,True,13,13,0.18461926799523024,0.18439836384608391,True
pm3_2017_2025,site_by_calendar_month_pearson,equal_per_weir_fisher_z,ndci,chlorophyll_a,Gangjeong-Goryeong Weir,0.35996791468642025,True,15,12,0.34974239527390327,0.17559994281498664,True
pm3_2017_2025,site_by_calendar_month_pearson,equal_per_weir_fisher_z,ndci,harmful_cyanobacteria,Gangjeong-Goryeong Weir,0.17414245245891663,True,12,12,0.17414245245891663,0.17559994281498664,True
pm3_2017_2025,site_by_calendar_month_pearson,equal_per_weir_fisher_z,ndci,chlorophyll_a,Gongju Weir,0.39429784084402836,True,15,12,0.39286849467300788,0.17762975592179739,True
pm3_2017_2025,site_by_calendar_month_pearson,equal_per_weir_fisher_z,ndci,harmful_cyanobacteria,Gongju Weir,0.2152387387512105,True,12,12,0.2152387387512105,0.17762975592179739,True
pm3_2017_2025,site_by_calendar_month_pearson,equal_per_weir_fisher_z,ndci,chlorophyll_a,Gumi Weir,0.3853440011182071,True,15,12,0.38165000745056354,0.18734088619731035,True
pm3_2017_2025,site_by_calendar_month_pearson,equal_per_weir_fisher_z,ndci,harmful_cyanobacteria,Gumi Weir,0.1943091212532532,True,12,12,0.1943091212532532,0.18734088619731035,True
pm3_2017_2025,site_by_calendar_month_pearson,equal_per_weir_fisher_z,ndci,chlorophyll_a,Hapcheon-Changnyeong Weir,0.37835309214029228,True,15,12,0.37287579820839523,0.19323564347251204,True
pm3_2017_2025,site_by_calendar_month_pearson,equal_per_weir_fisher_z,ndci,harmful_cyanobacteria,Hapcheon-Changnyeong Weir,0.17964015473588318,True,12,12,0.17964015473588318,0.19323564347251204,True
pm3_2017_2025,site_by_calendar_month_pearson,equal_per_weir_fisher_z,ndci,chlorophyll_a,Ipo Weir,0.36687303021180617,True,15,13,0.36901763184131414,0.18439836384608391,True
pm3_2017_2025,site_by_calendar_month_pearson,equal_per_weir_fisher_z,ndci,harmful_cyanobacteria,Ipo Weir,0.18461926799523024,True,13,13,0.18461926799523024,0.18439836384608391,True
pm3_2017_2025,site_by_calendar_month_pearson,equal_per_weir_fisher_z,ndci,chlorophyll_a,Juksan Weir,0.37817419794503104,True,15,12,0.37265110250813521,0.20464697294520548,True
pm3_2017_2025,site_by_calendar_month_pearson,equal_per_weir_fisher_z,ndci,harmful_cyanobacteria,Juksan Weir,0.16800412956292973,True,12,12,0.16800412956292973,0.20464697294520548,True
pm3_2017_2025,site_by_calendar_month_pearson,equal_per_weir_fisher_z,ndci,chlorophyll_a,Nakdan Weir,0.37704512094879744,True,15,12,0.37123276356135737,0.17893967638169159,True
pm3_2017_2025,site_by_calendar_month_pearson,equal_per_weir_fisher_z,ndci,harmful_cyanobacteria,Nakdan Weir,0.19229308717966578,True,12,12,0.19229308717966578,0.17893967638169159,True
pm3_2017_2025,site_by_calendar_month_pearson,equal_per_weir_fisher_z,ndci,chlorophyll_a,Sangju Weir,0.37131416253012633,True,15,12,0.36402861851257251,0.18353052775342116,True
pm3_2017_2025,site_by_calendar_month_pearson,equal_per_weir_fisher_z,ndci,harmful_cyanobacteria,Sangju Weir,0.18049809075915135,True,12,12,0.18049809075915135,0.18353052775342116,True
pm3_2017_2025,site_by_calendar_month_pearson,equal_per_weir_fisher_z,ndci,chlorophyll_a,Sejong Weir,0.37038759415027117,True,15,12,0.36286310613316186,0.16721574156458824,True
pm3_2017_2025,site_by_calendar_month_pearson,equal_per_weir_fisher_z,ndci,harmful_cyanobacteria,Sejong Weir,0.19564736456857362,True,12,12,0.19564736456857362,0.16721574156458824,True
pm3_2017_2025,site_by_calendar_month_pearson,equal_per_weir_fisher_z,ndci,chlorophyll_a,Seungchon Weir,0.37845410078582919,True,15,12,0.37300266402379451,0.20455752815699099,True
pm3_2017_2025,site_by_calendar_month_pearson,equal_per_weir_fisher_z,ndci,harmful_cyanobacteria,Seungchon Weir,0.16844513586680351,True,12,12,0.16844513586680351,0.20455752815699099,True
pm3_2017_2025,site_by_calendar_month_pearson,equal_per_weir_fisher_z,ndci,chlorophyll_a,Yeoju Weir,0.36861772709227519,True,15,13,0.36901763184131414,0.18439836384608391,True
pm3_2017_2025,site_by_calendar_month_pearson,equal_per_weir_fisher_z,ndci,harmful_cyanobacteria,Yeoju Weir,0.18461926799523024,True,13,13,0.18461926799523024,0.18439836384608391,True
pm3_2017_2025,site_by_calendar_month_pearson,equal_per_weir_fisher_z,fai,chlorophyll_a,Baekje Weir,0.15487357072685307,True,15,12,0.18126622233221762,,False
pm3_2017_2025,site_by_calendar_month_pearson,equal_per_weir_fisher_z,fai,harmful_cyanobacteria,Baekje Weir,0.095338077988343289,True,12,12,0.095338077988343289,,False
pm3_2017_2025,site_by_calendar_month_pearson,equal_per_weir_fisher_z,fai,chlorophyll_a,Changnyeong-Haman Weir,0.15635534363863904,True,15,12,0.18310140190273588,,False
pm3_2017_2025,site_by_calendar_month_pearson,equal_per_weir_fisher_z,fai,harmful_cyanobacteria,Changnyeong-Haman Weir,0.1067354576100286,True,12,12,0.1067354576100286,,False
pm3_2017_2025,site_by_calendar_month_pearson,equal_per_weir_fisher_z,fai,chlorophyll_a,Chilgok Weir,0.15264762737580595,True,15,12,0.17850863613495241,,False
pm3_2017_2025,site_by_calendar_month_pearson,equal_per_weir_fisher_z,fai,harmful_cyanobacteria,Chilgok Weir,0.086780336365260363,True,12,12,0.086780336365260363,,False
pm3_2017_2025,site_by_calendar_month_pearson,equal_per_weir_fisher_z,fai,chlorophyll_a,Dalseong Weir,0.14954673098583171,True,15,12,0.17466565005789259,,False
pm3_2017_2025,site_by_calendar_month_pearson,equal_per_weir_fisher_z,fai,harmful_cyanobacteria,Dalseong Weir,0.088494277898912302,True,12,12,0.088494277898912302,,False
pm3_2017_2025,site_by_calendar_month_pearson,equal_per_weir_fisher_z,fai,chlorophyll_a,Gangcheon Weir,0.17046989663801496,True,15,13,0.18147512503732843,,False
pm3_2017_2025,site_by_calendar_month_pearson,equal_per_weir_fisher_z,fai,harmful_cyanobacteria,Gangcheon Weir,0.0994230204137206,True,13,13,0.0994230204137206,,False
pm3_2017_2025,site_by_calendar_month_pearson,equal_per_weir_fisher_z,fai,chlorophyll_a,Gangjeong-Goryeong Weir,0.14894359219146971,True,15,12,0.17391797519481536,,False
pm3_2017_2025,site_by_calendar_month_pearson,equal_per_weir_fisher_z,fai,harmful_cyanobacteria,Gangjeong-Goryeong Weir,0.087683244853514281,True,12,12,0.087683244853514281,,False
pm3_2017_2025,site_by_calendar_month_pearson,equal_per_weir_fisher_z,fai,chlorophyll_a,Gongju Weir,0.15290027139528301,True,15,12,0.17882166635915403,,False
pm3_2017_2025,site_by_calendar_month_pearson,equal_per_weir_fisher_z,fai,harmful_cyanobacteria,Gongju Weir,0.12230800350556321,True,12,12,0.12230800350556321,,False
pm3_2017_2025,site_by_calendar_month_pearson,equal_per_weir_fisher_z,fai,chlorophyll_a,Gumi Weir,0.16055299679208448,True,15,12,0.18829799609559159,,False
pm3_2017_2025,site_by_calendar_month_pearson,equal_per_weir_fisher_z,fai,harmful_cyanobacteria,Gumi Weir,0.10296381942052313,True,12,12,0.10296381942052313,,False
pm3_2017_2025,site_by_calendar_month_pearson,equal_per_weir_fisher_z,fai,chlorophyll_a,Hapcheon-Changnyeong Weir,0.15687957687618911,True,15,12,0.18375056954716157,,False
pm3_2017_2025,site_by_calendar_month_pearson,equal_per_weir_fisher_z,fai,harmful_cyanobacteria,Hapcheon-Changnyeong Weir,0.079081834485319011,True,12,12,0.079081834485319011,,False
pm3_2017_2025,site_by_calendar_month_pearson,equal_per_weir_fisher_z,fai,chlorophyll_a,Ipo Weir,0.16156828189160405,True,15,13,0.18147512503732843,,False
pm3_2017_2025,site_by_calendar_month_pearson,equal_per_weir_fisher_z,fai,harmful_cyanobacteria,Ipo Weir,0.0994230204137206,True,13,13,0.0994230204137206,,False
pm3_2017_2025,site_by_calendar_month_pearson,equal_per_weir_fisher_z,fai,chlorophyll_a,Juksan Weir,0.17093027606154748,True,15,12,0.20113022245486184,,False
pm3_2017_2025,site_by_calendar_month_pearson,equal_per_weir_fisher_z,fai,harmful_cyanobacteria,Juksan Weir,0.10271518276870033,True,12,12,0.10271518276870033,,False
pm3_2017_2025,site_by_calendar_month_pearson,equal_per_weir_fisher_z,fai,chlorophyll_a,Nakdan Weir,0.14908437072321104,True,15,12,0.17409249552825015,,False
pm3_2017_2025,site_by_calendar_month_pearson,equal_per_weir_fisher_z,fai,harmful_cyanobacteria,Nakdan Weir,0.098347772082240256,True,12,12,0.098347772082240256,,False
pm3_2017_2025,site_by_calendar_month_pearson,equal_per_weir_fisher_z,fai,chlorophyll_a,Sangju Weir,0.15107855724429226,True,15,12,0.1765642769259875,,False
pm3_2017_2025,site_by_calendar_month_pearson,equal_per_weir_fisher_z,fai,harmful_cyanobacteria,Sangju Weir,0.10301877918200278,True,12,12,0.10301877918200278,,False
pm3_2017_2025,site_by_calendar_month_pearson,equal_per_weir_fisher_z,fai,chlorophyll_a,Sejong Weir,0.14694331006880043,True,15,12,0.17143789560999492,,False
pm3_2017_2025,site_by_calendar_month_pearson,equal_per_weir_fisher_z,fai,harmful_cyanobacteria,Sejong Weir,0.11633712334783967,True,12,12,0.11633712334783967,,False
pm3_2017_2025,site_by_calendar_month_pearson,equal_per_weir_fisher_z,fai,chlorophyll_a,Seungchon Weir,0.16471975382847132,True,15,12,0.19345302932787936,,False
pm3_2017_2025,site_by_calendar_month_pearson,equal_per_weir_fisher_z,fai,harmful_cyanobacteria,Seungchon Weir,0.10251739693629994,True,12,12,0.10251739693629994,,False
pm3_2017_2025,site_by_calendar_month_pearson,equal_per_weir_fisher_z,fai,chlorophyll_a,Yeoju Weir,0.15959002463366265,True,15,13,0.18147512503732843,,False
pm3_2017_2025,site_by_calendar_month_pearson,equal_per_weir_fisher_z,fai,harmful_cyanobacteria,Yeoju Weir,0.0994230204137206,True,13,13,0.0994230204137206,,False
pm3_2017_2025,site_by_calendar_month_pearson,equal_per_observation,ndci,chlorophyll_a,Baekje Weir,0.35545401016577272,True,15,12,0.3509809357466715,0.15917057033284276,True
pm3_2017_2025,site_by_calendar_month_pearson,equal_per_observation,ndci,harmful_cyanobacteria,Baekje Weir,0.19181036541382873,True,12,12,0.19181036541382873,0.15917057033284276,True
pm3_2017_2025,site_by_calendar_month_pearson,equal_per_observation,ndci,chlorophyll_a,Changnyeong-Haman Weir,0.36638267138102903,True,15,12,0.36310901054995265,0.19302791806978883,True
pm3_2017_2025,site_by_calendar_month_pearson,equal_per_observation,ndci,harmful_cyanobacteria,Changnyeong-Haman Weir,0.17008109248016381,True,12,12,0.17008109248016381,0.19302791806978883,True
pm3_2017_2025,site_by_calendar_month_pearson,equal_per_observation,ndci,chlorophyll_a,Chilgok Weir,0.35737713657651055,True,15,12,0.35344715229033691,0.18841720930807196,True
pm3_2017_2025,site_by_calendar_month_pearson,equal_per_observation,ndci,harmful_cyanobacteria,Chilgok Weir,0.16502994298226495,True,12,12,0.16502994298226495,0.18841720930807196,True
pm3_2017_2025,site_by_calendar_month_pearson,equal_per_observation,ndci,chlorophyll_a,Dalseong Weir,0.35808352676656513,True,15,12,0.35410090544901668,0.19165003969744393,True
pm3_2017_2025,site_by_calendar_month_pearson,equal_per_observation,ndci,harmful_cyanobacteria,Dalseong Weir,0.16245086575157275,True,12,12,0.16245086575157275,0.19165003969744393,True
pm3_2017_2025,site_by_calendar_month_pearson,equal_per_observation,ndci,chlorophyll_a,Gangcheon Weir,0.36756529072400496,True,15,13,0.36111809150175811,0.18986737986979119,True
pm3_2017_2025,site_by_calendar_month_pearson,equal_per_observation,ndci,harmful_cyanobacteria,Gangcheon Weir,0.17125071163196692,True,13,13,0.17125071163196692,0.18986737986979119,True
pm3_2017_2025,site_by_calendar_month_pearson,equal_per_observation,ndci,chlorophyll_a,Gangjeong-Goryeong Weir,0.34991961451344566,True,15,12,0.34531812770099118,0.18215215499561585,True
pm3_2017_2025,site_by_calendar_month_pearson,equal_per_observation,ndci,harmful_cyanobacteria,Gangjeong-Goryeong Weir,0.16316597270537533,True,12,12,0.16316597270537533,0.18215215499561585,True
pm3_2017_2025,site_by_calendar_month_pearson,equal_per_observation,ndci,chlorophyll_a,Gongju Weir,0.38010840467370072,True,15,12,0.37877129753831834,0.18769977083729258,True
pm3_2017_2025,site_by_calendar_month_pearson,equal_per_observation,ndci,harmful_cyanobacteria,Gongju Weir,0.19107152670102576,True,12,12,0.19107152670102576,0.18769977083729258,True
pm3_2017_2025,site_by_calendar_month_pearson,equal_per_observation,ndci,chlorophyll_a,Gumi Weir,0.3815446443523654,True,15,12,0.37978306135726331,0.19715441398755235,True
pm3_2017_2025,site_by_calendar_month_pearson,equal_per_observation,ndci,harmful_cyanobacteria,Gumi Weir,0.18262864736971096,True,12,12,0.18262864736971096,0.19715441398755235,True
pm3_2017_2025,site_by_calendar_month_pearson,equal_per_observation,ndci,chlorophyll_a,Hapcheon-Changnyeong Weir,0.36933572507413215,True,15,12,0.36636260552092748,0.20230059428282346,True
pm3_2017_2025,site_by_calendar_month_pearson,equal_per_observation,ndci,harmful_cyanobacteria,Hapcheon-Changnyeong Weir,0.16406201123810402,True,12,12,0.16406201123810402,0.20230059428282346,True
pm3_2017_2025,site_by_calendar_month_pearson,equal_per_observation,ndci,chlorophyll_a,Ipo Weir,0.36017661413218172,True,15,13,0.36111809150175811,0.18986737986979119,True
pm3_2017_2025,site_by_calendar_month_pearson,equal_per_observation,ndci,harmful_cyanobacteria,Ipo Weir,0.17125071163196692,True,13,13,0.17125071163196692,0.18986737986979119,True
pm3_2017_2025,site_by_calendar_month_pearson,equal_per_observation,ndci,chlorophyll_a,Juksan Weir,0.36571270241161524,True,15,12,0.36272734234656329,0.20364566632160608,True
pm3_2017_2025,site_by_calendar_month_pearson,equal_per_observation,ndci,harmful_cyanobacteria,Juksan Weir,0.15908167602495721,True,12,12,0.15908167602495721,0.20364566632160608,True
pm3_2017_2025,site_by_calendar_month_pearson,equal_per_observation,ndci,chlorophyll_a,Nakdan Weir,0.3658814527204004,True,15,12,0.36274563125071196,0.18552671324049907,True
pm3_2017_2025,site_by_calendar_month_pearson,equal_per_observation,ndci,harmful_cyanobacteria,Nakdan Weir,0.17721891801021289,True,12,12,0.17721891801021289,0.18552671324049907,True
pm3_2017_2025,site_by_calendar_month_pearson,equal_per_observation,ndci,chlorophyll_a,Sangju Weir,0.35910233578876222,True,15,12,0.35527656050092316,0.18975843675524356,True
pm3_2017_2025,site_by_calendar_month_pearson,equal_per_observation,ndci,harmful_cyanobacteria,Sangju Weir,0.16551812374567959,True,12,12,0.16551812374567959,0.18975843675524356,True
pm3_2017_2025,site_by_calendar_month_pearson,equal_per_observation,ndci,chlorophyll_a,Sejong Weir,0.36182441882877031,True,15,12,0.35852888843811892,0.17869395950859795,True
pm3_2017_2025,site_by_calendar_month_pearson,equal_per_observation,ndci,harmful_cyanobacteria,Sejong Weir,0.17983492892952097,True,12,12,0.17983492892952097,0.17869395950859795,True
pm3_2017_2025,site_by_calendar_month_pearson,equal_per_observation,ndci,chlorophyll_a,Seungchon Weir,0.36691241263680041,True,15,12,0.36396226095832229,0.20806080000510141,True
pm3_2017_2025,site_by_calendar_month_pearson,equal_per_observation,ndci,harmful_cyanobacteria,Seungchon Weir,0.15590146095322088,True,12,12,0.15590146095322088,0.20806080000510141,True
pm3_2017_2025,site_by_calendar_month_pearson,equal_per_observation,ndci,chlorophyll_a,Yeoju Weir,0.36178986087608617,True,15,13,0.36111809150175811,0.18986737986979119,True
pm3_2017_2025,site_by_calendar_month_pearson,equal_per_observation,ndci,harmful_cyanobacteria,Yeoju Weir,0.17125071163196692,True,13,13,0.17125071163196692,0.18986737986979119,True
pm3_2017_2025,site_by_calendar_month_pearson,equal_per_observation,fai,chlorophyll_a,Baekje Weir,0.15496246087450441,True,15,12,0.16405931365098608,,False
pm3_2017_2025,site_by_calendar_month_pearson,equal_per_observation,fai,harmful_cyanobacteria,Baekje Weir,0.083350802804725108,True,12,12,0.083350802804725108,,False
pm3_2017_2025,site_by_calendar_month_pearson,equal_per_observation,fai,chlorophyll_a,Changnyeong-Haman Weir,0.1580036935453086,True,15,12,0.16701100769645966,,False
pm3_2017_2025,site_by_calendar_month_pearson,equal_per_observation,fai,harmful_cyanobacteria,Changnyeong-Haman Weir,0.095842525998336994,True,12,12,0.095842525998336994,,False
pm3_2017_2025,site_by_calendar_month_pearson,equal_per_observation,fai,chlorophyll_a,Chilgok Weir,0.15380299008902773,True,15,12,0.16277208495380624,,False
pm3_2017_2025,site_by_calendar_month_pearson,equal_per_observation,fai,harmful_cyanobacteria,Chilgok Weir,0.081321092711086507,True,12,12,0.081321092711086507,,False
pm3_2017_2025,site_by_calendar_month_pearson,equal_per_observation,fai,chlorophyll_a,Dalseong Weir,0.15170139140038658,True,15,12,0.16043387747170243,,False
pm3_2017_2025,site_by_calendar_month_pearson,equal_per_observation,fai,harmful_cyanobacteria,Dalseong Weir,0.083556804737180301,True,12,12,0.083556804737180301,,False
pm3_2017_2025,site_by_calendar_month_pearson,equal_per_observation,fai,chlorophyll_a,Gangcheon Weir,0.16119493486517525,True,15,13,0.16584746054147317,,False
pm3_2017_2025,site_by_calendar_month_pearson,equal_per_observation,fai,harmful_cyanobacteria,Gangcheon Weir,0.090567646358710105,True,13,13,0.090567646358710105,,False
pm3_2017_2025,site_by_calendar_month_pearson,equal_per_observation,fai,chlorophyll_a,Gangjeong-Goryeong Weir,0.15180399440215792,True,15,12,0.16063562922038219,,False
pm3_2017_2025,site_by_calendar_month_pearson,equal_per_observation,fai,harmful_cyanobacteria,Gangjeong-Goryeong Weir,0.0837373683176664,True,12,12,0.0837373683176664,,False
pm3_2017_2025,site_by_calendar_month_pearson,equal_per_observation,fai,chlorophyll_a,Gongju Weir,0.15333073693360366,True,15,12,0.16220014463519533,,False
pm3_2017_2025,site_by_calendar_month_pearson,equal_per_observation,fai,harmful_cyanobacteria,Gongju Weir,0.11284980897732969,True,12,12,0.11284980897732969,,False
pm3_2017_2025,site_by_calendar_month_pearson,equal_per_observation,fai,chlorophyll_a,Gumi Weir,0.16873381177863409,True,15,12,0.1791807189198438,,False
pm3_2017_2025,site_by_calendar_month_pearson,equal_per_observation,fai,harmful_cyanobacteria,Gumi Weir,0.097527593515114072,True,12,12,0.097527593515114072,,False
pm3_2017_2025,site_by_calendar_month_pearson,equal_per_observation,fai,chlorophyll_a,Hapcheon-Changnyeong Weir,0.1579339469596614,True,15,12,0.16748179618467207,,False
pm3_2017_2025,site_by_calendar_month_pearson,equal_per_observation,fai,harmful_cyanobacteria,Hapcheon-Changnyeong Weir,0.064599577089694202,True,12,12,0.064599577089694202,,False
pm3_2017_2025,site_by_calendar_month_pearson,equal_per_observation,fai,chlorophyll_a,Ipo Weir,0.15987827574203306,True,15,13,0.16584746054147317,,False
pm3_2017_2025,site_by_calendar_month_pearson,equal_per_observation,fai,harmful_cyanobacteria,Ipo Weir,0.090567646358710105,True,13,13,0.090567646358710105,,False
pm3_2017_2025,site_by_calendar_month_pearson,equal_per_observation,fai,chlorophyll_a,Juksan Weir,0.17082606428004959,True,15,12,0.18086809324548306,,False
pm3_2017_2025,site_by_calendar_month_pearson,equal_per_observation,fai,harmful_cyanobacteria,Juksan Weir,0.094031311815918603,True,12,12,0.094031311815918603,,False
pm3_2017_2025,site_by_calendar_month_pearson,equal_per_observation,fai,chlorophyll_a,Nakdan Weir,0.15084741191252149,True,15,12,0.1594608049553469,,False
pm3_2017_2025,site_by_calendar_month_pearson,equal_per_observation,fai,harmful_cyanobacteria,Nakdan Weir,0.089385115292201611,True,12,12,0.089385115292201611,,False
pm3_2017_2025,site_by_calendar_month_pearson,equal_per_observation,fai,chlorophyll_a,Sangju Weir,0.15249085852625016,True,15,12,0.16128816264468032,,False
pm3_2017_2025,site_by_calendar_month_pearson,equal_per_observation,fai,harmful_cyanobacteria,Sangju Weir,0.093357141589571965,True,12,12,0.093357141589571965,,False
pm3_2017_2025,site_by_calendar_month_pearson,equal_per_observation,fai,chlorophyll_a,Sejong Weir,0.14952309507975359,True,15,12,0.15791395062780525,,False
pm3_2017_2025,site_by_calendar_month_pearson,equal_per_observation,fai,harmful_cyanobacteria,Sejong Weir,0.10549441019940295,True,12,12,0.10549441019940295,,False
pm3_2017_2025,site_by_calendar_month_pearson,equal_per_observation,fai,chlorophyll_a,Seungchon Weir,0.16488549725163737,True,15,12,0.17459301293371896,,False
pm3_2017_2025,site_by_calendar_month_pearson,equal_per_observation,fai,harmful_cyanobacteria,Seungchon Weir,0.092855487179013874,True,12,12,0.092855487179013874,,False
pm3_2017_2025,site_by_calendar_month_pearson,equal_per_observation,fai,chlorophyll_a,Yeoju Weir,0.15898560880651336,True,15,13,0.16584746054147317,,False
pm3_2017_2025,site_by_calendar_month_pearson,equal_per_observation,fai,harmful_cyanobacteria,Yeoju Weir,0.090567646358710105,True,13,13,0.090567646358710105,,False
pm1_2019_2025,raw_within_weir_pearson,equal_per_weir_fisher_z,ndci,chlorophyll_a,Baekje Weir,0.49575220859270824,True,15,12,0.45688336543604313,0.082303088277044467,True
pm1_2019_2025,raw_within_weir_pearson,equal_per_weir_fisher_z,ndci,harmful_cyanobacteria,Baekje Weir,0.37458027715899866,True,12,12,0.37458027715899866,0.082303088277044467,True
pm1_2019_2025,raw_within_weir_pearson,equal_per_weir_fisher_z,ndci,chlorophyll_a,Changnyeong-Haman Weir,0.48870281628425144,True,15,12,0.44763266089542048,0.12489430925103007,True
pm1_2019_2025,raw_within_weir_pearson,equal_per_weir_fisher_z,ndci,harmful_cyanobacteria,Changnyeong-Haman Weir,0.32273835164439041,True,12,12,0.32273835164439041,0.12489430925103007,True
pm1_2019_2025,raw_within_weir_pearson,equal_per_weir_fisher_z,ndci,chlorophyll_a,Chilgok Weir,0.49845037418211657,True,15,12,0.46042068866877978,0.11711891387745099,True
pm1_2019_2025,raw_within_weir_pearson,equal_per_weir_fisher_z,ndci,harmful_cyanobacteria,Chilgok Weir,0.34330177479132878,True,12,12,0.34330177479132878,0.11711891387745099,True
pm1_2019_2025,raw_within_weir_pearson,equal_per_weir_fisher_z,ndci,chlorophyll_a,Dalseong Weir,0.49036360574137777,True,15,12,0.44981319075495307,0.12642798265230176,True
pm1_2019_2025,raw_within_weir_pearson,equal_per_weir_fisher_z,ndci,harmful_cyanobacteria,Dalseong Weir,0.32338520810265131,True,12,12,0.32338520810265131,0.12642798265230176,True
pm1_2019_2025,raw_within_weir_pearson,equal_per_weir_fisher_z,ndci,chlorophyll_a,Gangcheon Weir,0.48839503991424843,True,15,13,0.46082437871073278,0.10504355267832111,True
pm1_2019_2025,raw_within_weir_pearson,equal_per_weir_fisher_z,ndci,harmful_cyanobacteria,Gangcheon Weir,0.35578082603241168,True,13,13,0.35578082603241168,0.10504355267832111,True
pm1_2019_2025,raw_within_weir_pearson,equal_per_weir_fisher_z,ndci,chlorophyll_a,Gangjeong-Goryeong Weir,0.48451250435824106,True,15,12,0.44212802937862428,0.10693966002670596,True
pm1_2019_2025,raw_within_weir_pearson,equal_per_weir_fisher_z,ndci,harmful_cyanobacteria,Gangjeong-Goryeong Weir,0.33518836935191831,True,12,12,0.33518836935191831,0.10693966002670596,True
pm1_2019_2025,raw_within_weir_pearson,equal_per_weir_fisher_z,ndci,chlorophyll_a,Gongju Weir,0.50764880688121938,True,15,12,0.47246491970724291,0.095093442450151833,True
pm1_2019_2025,raw_within_weir_pearson,equal_per_weir_fisher_z,ndci,harmful_cyanobacteria,Gongju Weir,0.37737147725709108,True,12,12,0.37737147725709108,0.095093442450151833,True
pm1_2019_2025,raw_within_weir_pearson,equal_per_weir_fisher_z,ndci,chlorophyll_a,Gumi Weir,0.50971859001697906,True,15,12,0.47517171195994878,0.1081256460293894,True
pm1_2019_2025,raw_within_weir_pearson,equal_per_weir_fisher_z,ndci,harmful_cyanobacteria,Gumi Weir,0.36704606593055938,True,12,12,0.36704606593055938,0.1081256460293894,True
pm1_2019_2025,raw_within_weir_pearson,equal_per_weir_fisher_z,ndci,chlorophyll_a,Hapcheon-Changnyeong Weir,0.49694588636157877,True,15,12,0.45844852765958766,0.10622359677785081,True
pm1_2019_2025,raw_within_weir_pearson,equal_per_weir_fisher_z,ndci,harmful_cyanobacteria,Hapcheon-Changnyeong Weir,0.35222493088173684,True,12,12,0.35222493088173684,0.10622359677785081,True
pm1_2019_2025,raw_within_weir_pearson,equal_per_weir_fisher_z,ndci,chlorophyll_a,Ipo Weir,0.48100381529193686,True,15,13,0.46082437871073278,0.10504355267832111,True
pm1_2019_2025,raw_within_weir_pearson,equal_per_weir_fisher_z,ndci,harmful_cyanobacteria,Ipo Weir,0.35578082603241168,True,13,13,0.35578082603241168,0.10504355267832111,True
pm1_2019_2025,raw_within_weir_pearson,equal_per_weir_fisher_z,ndci,chlorophyll_a,Juksan Weir,0.51164592126445685,True,15,12,0.47769106451736004,0.13554210793860533,True
pm1_2019_2025,raw_within_weir_pearson,equal_per_weir_fisher_z,ndci,harmful_cyanobacteria,Juksan Weir,0.34214895657875471,True,12,12,0.34214895657875471,0.13554210793860533,True
pm1_2019_2025,raw_within_weir_pearson,equal_per_weir_fisher_z,ndci,chlorophyll_a,Nakdan Weir,0.5022192417302177,True,15,12,0.4653584261441755,0.095397289872636182,True
pm1_2019_2025,raw_within_weir_pearson,equal_per_weir_fisher_z,ndci,harmful_cyanobacteria,Nakdan Weir,0.36996113627153931,True,12,12,0.36996113627153931,0.095397289872636182,True
pm1_2019_2025,raw_within_weir_pearson,equal_per_weir_fisher_z,ndci,chlorophyll_a,Sangju Weir,0.49980879373885662,True,15,12,0.46220085328329208,0.10505833069844056,True
pm1_2019_2025,raw_within_weir_pearson,equal_per_weir_fisher_z,ndci,harmful_cyanobacteria,Sangju Weir,0.35714252258485152,True,12,12,0.35714252258485152,0.10505833069844056,True
pm1_2019_2025,raw_within_weir_pearson,equal_per_weir_fisher_z,ndci,chlorophyll_a,Sejong Weir,0.49195264649447068,True,15,12,0.4518988767081481,0.047668923616097869,True
pm1_2019_2025,raw_within_weir_pearson,equal_per_weir_fisher_z,ndci,harmful_cyanobacteria,Sejong Weir,0.40422995309205023,True,12,12,0.40422995309205023,0.047668923616097869,True
pm1_2019_2025,raw_within_weir_pearson,equal_per_weir_fisher_z,ndci,chlorophyll_a,Seungchon Weir,0.50556824829217661,True,15,12,0.46974277375957751,0.11656365401462176,True
pm1_2019_2025,raw_within_weir_pearson,equal_per_weir_fisher_z,ndci,harmful_cyanobacteria,Seungchon Weir,0.35317911974495575,True,12,12,0.35317911974495575,0.11656365401462176,True
pm1_2019_2025,raw_within_weir_pearson,equal_per_weir_fisher_z,ndci,chlorophyll_a,Yeoju Weir,0.48951448335632197,True,15,13,0.46082437871073278,0.10504355267832111,True
pm1_2019_2025,raw_within_weir_pearson,equal_per_weir_fisher_z,ndci,harmful_cyanobacteria,Yeoju Weir,0.35578082603241168,True,13,13,0.35578082603241168,0.10504355267832111,True
pm1_2019_2025,raw_within_weir_pearson,equal_per_weir_fisher_z,fai,chlorophyll_a,Baekje Weir,0.22356596740705395,True,15,12,0.21200714011983521,,False
pm1_2019_2025,raw_within_weir_pearson,equal_per_weir_fisher_z,fai,harmful_cyanobacteria,Baekje Weir,0.15279677706623676,True,12,12,0.15279677706623676,,False
pm1_2019_2025,raw_within_weir_pearson,equal_per_weir_fisher_z,fai,chlorophyll_a,Changnyeong-Haman Weir,0.21707143927974548,True,15,12,0.20384371560040415,,False
pm1_2019_2025,raw_within_weir_pearson,equal_per_weir_fisher_z,fai,harmful_cyanobacteria,Changnyeong-Haman Weir,0.14038569602686618,True,12,12,0.14038569602686618,,False
pm1_2019_2025,raw_within_weir_pearson,equal_per_weir_fisher_z,fai,chlorophyll_a,Chilgok Weir,0.23564242969183641,True,15,12,0.22717426732566265,,False
pm1_2019_2025,raw_within_weir_pearson,equal_per_weir_fisher_z,fai,harmful_cyanobacteria,Chilgok Weir,0.16802919673690389,True,12,12,0.16802919673690389,,False
pm1_2019_2025,raw_within_weir_pearson,equal_per_weir_fisher_z,fai,chlorophyll_a,Dalseong Weir,0.22350252566744794,True,15,12,0.21192741745515845,,False
pm1_2019_2025,raw_within_weir_pearson,equal_per_weir_fisher_z,fai,harmful_cyanobacteria,Dalseong Weir,0.17909138014990028,True,12,12,0.17909138014990028,,False
pm1_2019_2025,raw_within_weir_pearson,equal_per_weir_fisher_z,fai,chlorophyll_a,Gangcheon Weir,0.22185218818002961,True,15,13,0.21264149250531009,,False
pm1_2019_2025,raw_within_weir_pearson,equal_per_weir_fisher_z,fai,harmful_cyanobacteria,Gangcheon Weir,0.17892764628427058,True,13,13,0.17892764628427058,,False
pm1_2019_2025,raw_within_weir_pearson,equal_per_weir_fisher_z,fai,chlorophyll_a,Gangjeong-Goryeong Weir,0.23198621032807532,True,15,12,0.22258418238918273,,False
pm1_2019_2025,raw_within_weir_pearson,equal_per_weir_fisher_z,fai,harmful_cyanobacteria,Gangjeong-Goryeong Weir,0.18283414243333676,True,12,12,0.18283414243333676,,False
pm1_2019_2025,raw_within_weir_pearson,equal_per_weir_fisher_z,fai,chlorophyll_a,Gongju Weir,0.20398271426028328,True,15,12,0.18737925850896792,,False
pm1_2019_2025,raw_within_weir_pearson,equal_per_weir_fisher_z,fai,harmful_cyanobacteria,Gongju Weir,0.20856427193829946,True,12,12,0.20856427193829946,,False
pm1_2019_2025,raw_within_weir_pearson,equal_per_weir_fisher_z,fai,chlorophyll_a,Gumi Weir,0.23395324592847791,True,15,12,0.22505384377694523,,False
pm1_2019_2025,raw_within_weir_pearson,equal_per_weir_fisher_z,fai,harmful_cyanobacteria,Gumi Weir,0.18550614728064629,True,12,12,0.18550614728064629,,False
pm1_2019_2025,raw_within_weir_pearson,equal_per_weir_fisher_z,fai,chlorophyll_a,Hapcheon-Changnyeong Weir,0.23048707700683715,True,15,12,0.22070166425571655,,False
pm1_2019_2025,raw_within_weir_pearson,equal_per_weir_fisher_z,fai,harmful_cyanobacteria,Hapcheon-Changnyeong Weir,0.17238695315324631,True,12,12,0.17238695315324631,,False
pm1_2019_2025,raw_within_weir_pearson,equal_per_weir_fisher_z,fai,chlorophyll_a,Ipo Weir,0.22331557785678047,True,15,13,0.21264149250531009,,False
pm1_2019_2025,raw_within_weir_pearson,equal_per_weir_fisher_z,fai,harmful_cyanobacteria,Ipo Weir,0.17892764628427058,True,13,13,0.17892764628427058,,False
pm1_2019_2025,raw_within_weir_pearson,equal_per_weir_fisher_z,fai,chlorophyll_a,Juksan Weir,0.23059491929599635,True,15,12,0.22083709497208198,,False
pm1_2019_2025,raw_within_weir_pearson,equal_per_weir_fisher_z,fai,harmful_cyanobacteria,Juksan Weir,0.15734344986615723,True,12,12,0.15734344986615723,,False
pm1_2019_2025,raw_within_weir_pearson,equal_per_weir_fisher_z,fai,chlorophyll_a,Nakdan Weir,0.21984227633015707,True,15,12,0.20732711194088213,,False
pm1_2019_2025,raw_within_weir_pearson,equal_per_weir_fisher_z,fai,harmful_cyanobacteria,Nakdan Weir,0.18452691371680574,True,12,12,0.18452691371680574,,False
pm1_2019_2025,raw_within_weir_pearson,equal_per_weir_fisher_z,fai,chlorophyll_a,Sangju Weir,0.22292394662680343,True,15,12,0.21120033855284406,,False
pm1_2019_2025,raw_within_weir_pearson,equal_per_weir_fisher_z,fai,harmful_cyanobacteria,Sangju Weir,0.18716079158436172,True,12,12,0.18716079158436172,,False
pm1_2019_2025,raw_within_weir_pearson,equal_per_weir_fisher_z,fai,chlorophyll_a,Sejong Weir,0.18718705732601768,True,15,12,0.16623234874885487,,False
pm1_2019_2025,raw_within_weir_pearson,equal_per_weir_fisher_z,fai,harmful_cyanobacteria,Sejong Weir,0.21370686797424224,True,12,12,0.21370686797424224,,False
pm1_2019_2025,raw_within_weir_pearson,equal_per_weir_fisher_z,fai,chlorophyll_a,Seungchon Weir,0.25149541493477917,True,15,12,0.24705554778943489,,False
pm1_2019_2025,raw_within_weir_pearson,equal_per_weir_fisher_z,fai,harmful_cyanobacteria,Seungchon Weir,0.19276431214689446,True,12,12,0.19276431214689446,,False
pm1_2019_2025,raw_within_weir_pearson,equal_per_weir_fisher_z,fai,chlorophyll_a,Yeoju Weir,0.21562762993114259,True,15,13,0.21264149250531009,,False
pm1_2019_2025,raw_within_weir_pearson,equal_per_weir_fisher_z,fai,harmful_cyanobacteria,Yeoju Weir,0.17892764628427058,True,13,13,0.17892764628427058,,False
pm1_2019_2025,raw_within_weir_pearson,equal_per_observation,ndci,chlorophyll_a,Baekje Weir,0.45237313175237132,True,15,12,0.43917581337288836,0.070818000240722212,True
pm1_2019_2025,raw_within_weir_pearson,equal_per_observation,ndci,harmful_cyanobacteria,Baekje Weir,0.36835781313216615,True,12,12,0.36835781313216615,0.070818000240722212,True
pm1_2019_2025,raw_within_weir_pearson,equal_per_observation,ndci,chlorophyll_a,Changnyeong-Haman Weir,0.44741341372712506,True,15,12,0.4352224215432966,0.12202984411146761,True
pm1_2019_2025,raw_within_weir_pearson,equal_per_observation,ndci,harmful_cyanobacteria,Changnyeong-Haman Weir,0.31319257743182899,True,12,12,0.31319257743182899,0.12202984411146761,True
pm1_2019_2025,raw_within_weir_pearson,equal_per_observation,ndci,chlorophyll_a,Chilgok Weir,0.45430417645010918,True,15,12,0.44267902747397653,0.12602363037793229,True
pm1_2019_2025,raw_within_weir_pearson,equal_per_observation,ndci,harmful_cyanobacteria,Chilgok Weir,0.31665539709604423,True,12,12,0.31665539709604423,0.12602363037793229,True
pm1_2019_2025,raw_within_weir_pearson,equal_per_observation,ndci,chlorophyll_a,Dalseong Weir,0.44259818091304542,True,15,12,0.42976743640671067,0.13599359887215412,True
pm1_2019_2025,raw_within_weir_pearson,equal_per_observation,ndci,harmful_cyanobacteria,Dalseong Weir,0.29377383753455655,True,12,12,0.29377383753455655,0.13599359887215412,True
pm1_2019_2025,raw_within_weir_pearson,equal_per_observation,ndci,chlorophyll_a,Gangcheon Weir,0.4518143823954735,True,15,13,0.44359561253842439,0.1139664321007674,True
pm1_2019_2025,raw_within_weir_pearson,equal_per_observation,ndci,harmful_cyanobacteria,Gangcheon Weir,0.32962918043765699,True,13,13,0.32962918043765699,0.1139664321007674,True
pm1_2019_2025,raw_within_weir_pearson,equal_per_observation,ndci,chlorophyll_a,Gangjeong-Goryeong Weir,0.44118096430302572,True,15,12,0.42869776116157027,0.11655638059927947,True
pm1_2019_2025,raw_within_weir_pearson,equal_per_observation,ndci,harmful_cyanobacteria,Gangjeong-Goryeong Weir,0.31214138056229079,True,12,12,0.31214138056229079,0.11655638059927947,True
pm1_2019_2025,raw_within_weir_pearson,equal_per_observation,ndci,chlorophyll_a,Gongju Weir,0.46806475746088527,True,15,12,0.45781381383796288,0.11427445561864219,True
pm1_2019_2025,raw_within_weir_pearson,equal_per_observation,ndci,harmful_cyanobacteria,Gongju Weir,0.34353935821932069,True,12,12,0.34353935821932069,0.11427445561864219,True
pm1_2019_2025,raw_within_weir_pearson,equal_per_observation,ndci,chlorophyll_a,Gumi Weir,0.47376475061652212,True,15,12,0.46300235999672473,0.12083916315882853,True
pm1_2019_2025,raw_within_weir_pearson,equal_per_observation,ndci,harmful_cyanobacteria,Gumi Weir,0.3421631968378962,True,12,12,0.3421631968378962,0.12083916315882853,True
pm1_2019_2025,raw_within_weir_pearson,equal_per_observation,ndci,chlorophyll_a,Hapcheon-Changnyeong Weir,0.45060682737668656,True,15,12,0.43822072868589185,0.11635869734498688,True
pm1_2019_2025,raw_within_weir_pearson,equal_per_observation,ndci,harmful_cyanobacteria,Hapcheon-Changnyeong Weir,0.32186203134090496,True,12,12,0.32186203134090496,0.11635869734498688,True
pm1_2019_2025,raw_within_weir_pearson,equal_per_observation,ndci,chlorophyll_a,Ipo Weir,0.4475000994848613,True,15,13,0.44359561253842439,0.1139664321007674,True
pm1_2019_2025,raw_within_weir_pearson,equal_per_observation,ndci,harmful_cyanobacteria,Ipo Weir,0.32962918043765699,True,13,13,0.32962918043765699,0.1139664321007674,True
pm1_2019_2025,raw_within_weir_pearson,equal_per_observation,ndci,chlorophyll_a,Juksan Weir,0.4655031067377286,True,15,12,0.45476582080098699,0.13805464473789203,True
pm1_2019_2025,raw_within_weir_pearson,equal_per_observation,ndci,harmful_cyanobacteria,Juksan Weir,0.31671117606309496,True,12,12,0.31671117606309496,0.13805464473789203,True
pm1_2019_2025,raw_within_weir_pearson,equal_per_observation,ndci,chlorophyll_a,Nakdan Weir,0.45768131293622494,True,15,12,0.44632029818579749,0.10546290395086438,True
pm1_2019_2025,raw_within_weir_pearson,equal_per_observation,ndci,harmful_cyanobacteria,Nakdan Weir,0.34085739423493311,True,12,12,0.34085739423493311,0.10546290395086438,True
pm1_2019_2025,raw_within_weir_pearson,equal_per_observation,ndci,chlorophyll_a,Sangju Weir,0.4552772193034631,True,15,12,0.44374559943585912,0.11415660617293683,True
pm1_2019_2025,raw_within_weir_pearson,equal_per_observation,ndci,harmful_cyanobacteria,Sangju Weir,0.32958899326292229,True,12,12,0.32958899326292229,0.11415660617293683,True
pm1_2019_2025,raw_within_weir_pearson,equal_per_observation,ndci,chlorophyll_a,Sejong Weir,0.45113088903145576,True,15,12,0.43961443420994706,0.078025495265410083,True
pm1_2019_2025,raw_within_weir_pearson,equal_per_observation,ndci,harmful_cyanobacteria,Sejong Weir,0.36158893894453698,True,12,12,0.36158893894453698,0.078025495265410083,True
pm1_2019_2025,raw_within_weir_pearson,equal_per_observation,ndci,chlorophyll_a,Seungchon Weir,0.45959941355494693,True,15,12,0.44865890798954572,0.12155392294511108,True
pm1_2019_2025,raw_within_weir_pearson,equal_per_observation,ndci,harmful_cyanobacteria,Seungchon Weir,0.32710498504443464,True,12,12,0.32710498504443464,0.12155392294511108,True
pm1_2019_2025,raw_within_weir_pearson,equal_per_observation,ndci,chlorophyll_a,Yeoju Weir,0.45348484621297036,True,15,13,0.44359561253842439,0.1139664321007674,True
pm1_2019_2025,raw_within_weir_pearson,equal_per_observation,ndci,harmful_cyanobacteria,Yeoju Weir,0.32962918043765699,True,13,13,0.32962918043765699,0.1139664321007674,True
pm1_2019_2025,raw_within_weir_pearson,equal_per_observation,fai,chlorophyll_a,Baekje Weir,0.15982957220336141,True,15,12,0.16147289366580264,,False
pm1_2019_2025,raw_within_weir_pearson,equal_per_observation,fai,harmful_cyanobacteria,Baekje Weir,0.14726899106129224,True,12,12,0.14726899106129224,,False
pm1_2019_2025,raw_within_weir_pearson,equal_per_observation,fai,chlorophyll_a,Changnyeong-Haman Weir,0.15928505385831365,True,15,12,0.1608669100997005,,False
pm1_2019_2025,raw_within_weir_pearson,equal_per_observation,fai,harmful_cyanobacteria,Changnyeong-Haman Weir,0.16600697682194107,True,12,12,0.16600697682194107,,False
pm1_2019_2025,raw_within_weir_pearson,equal_per_observation,fai,chlorophyll_a,Chilgok Weir,0.17539683809887688,True,15,12,0.17795794513336535,,False
pm1_2019_2025,raw_within_weir_pearson,equal_per_observation,fai,harmful_cyanobacteria,Chilgok Weir,0.17203334233307421,True,12,12,0.17203334233307421,,False
pm1_2019_2025,raw_within_weir_pearson,equal_per_observation,fai,chlorophyll_a,Dalseong Weir,0.1628860707693647,True,15,12,0.16482662680118043,,False
pm1_2019_2025,raw_within_weir_pearson,equal_per_observation,fai,harmful_cyanobacteria,Dalseong Weir,0.18189506847705394,True,12,12,0.18189506847705394,,False
pm1_2019_2025,raw_within_weir_pearson,equal_per_observation,fai,chlorophyll_a,Gangcheon Weir,0.16540606717566345,True,15,13,0.1671675624348849,,False
pm1_2019_2025,raw_within_weir_pearson,equal_per_observation,fai,harmful_cyanobacteria,Gangcheon Weir,0.18041451810554224,True,13,13,0.18041451810554224,,False
pm1_2019_2025,raw_within_weir_pearson,equal_per_observation,fai,chlorophyll_a,Gangjeong-Goryeong Weir,0.17130913959165639,True,15,12,0.17373146441570947,,False
pm1_2019_2025,raw_within_weir_pearson,equal_per_observation,fai,harmful_cyanobacteria,Gangjeong-Goryeong Weir,0.1846232866255402,True,12,12,0.1846232866255402,,False
pm1_2019_2025,raw_within_weir_pearson,equal_per_observation,fai,chlorophyll_a,Gongju Weir,0.14189886522852238,True,15,12,0.14287349986327413,,False
pm1_2019_2025,raw_within_weir_pearson,equal_per_observation,fai,harmful_cyanobacteria,Gongju Weir,0.20464574604397431,True,12,12,0.20464574604397431,,False
pm1_2019_2025,raw_within_weir_pearson,equal_per_observation,fai,chlorophyll_a,Gumi Weir,0.18994305544418755,True,15,12,0.19249773738808776,,False
pm1_2019_2025,raw_within_weir_pearson,equal_per_observation,fai,harmful_cyanobacteria,Gumi Weir,0.20169597600666739,True,12,12,0.20169597600666739,,False
pm1_2019_2025,raw_within_weir_pearson,equal_per_observation,fai,chlorophyll_a,Hapcheon-Changnyeong Weir,0.17157261914250072,True,15,12,0.17383646978921252,,False
pm1_2019_2025,raw_within_weir_pearson,equal_per_observation,fai,harmful_cyanobacteria,Hapcheon-Changnyeong Weir,0.17137417883247713,True,12,12,0.17137417883247713,,False
pm1_2019_2025,raw_within_weir_pearson,equal_per_observation,fai,chlorophyll_a,Ipo Weir,0.16712598965203446,True,15,13,0.1671675624348849,,False
pm1_2019_2025,raw_within_weir_pearson,equal_per_observation,fai,harmful_cyanobacteria,Ipo Weir,0.18041451810554224,True,13,13,0.18041451810554224,,False
pm1_2019_2025,raw_within_weir_pearson,equal_per_observation,fai,chlorophyll_a,Juksan Weir,0.1740928301552343,True,15,12,0.17598506577453407,,False
pm1_2019_2025,raw_within_weir_pearson,equal_per_observation,fai,harmful_cyanobacteria,Juksan Weir,0.15466147228751237,True,12,12,0.15466147228751237,,False
pm1_2019_2025,raw_within_weir_pearson,equal_per_observation,fai,chlorophyll_a,Nakdan Weir,0.16006104082449871,True,15,12,0.16171512849304942,,False
pm1_2019_2025,raw_within_weir_pearson,equal_per_observation,fai,harmful_cyanobacteria,Nakdan Weir,0.18462848015988559,True,12,12,0.18462848015988559,,False
pm1_2019_2025,raw_within_weir_pearson,equal_per_observation,fai,chlorophyll_a,Sangju Weir,0.16129345231598244,True,15,12,0.16308477169294816,,False
pm1_2019_2025,raw_within_weir_pearson,equal_per_observation,fai,harmful_cyanobacteria,Sangju Weir,0.1892333480460564,True,12,12,0.1892333480460564,,False
pm1_2019_2025,raw_within_weir_pearson,equal_per_observation,fai,chlorophyll_a,Sejong Weir,0.14327314156135537,True,15,12,0.14428813136350507,,False
pm1_2019_2025,raw_within_weir_pearson,equal_per_observation,fai,harmful_cyanobacteria,Sejong Weir,0.2000479579719176,True,12,12,0.2000479579719176,,False
pm1_2019_2025,raw_within_weir_pearson,equal_per_observation,fai,chlorophyll_a,Seungchon Weir,0.1822832061630705,True,15,12,0.18498976289682298,,False
pm1_2019_2025,raw_within_weir_pearson,equal_per_observation,fai,harmful_cyanobacteria,Seungchon Weir,0.1880652021814519,True,12,12,0.1880652021814519,,False
pm1_2019_2025,raw_within_weir_pearson,equal_per_observation,fai,chlorophyll_a,Yeoju Weir,0.16529776086655276,True,15,13,0.1671675624348849,,False
pm1_2019_2025,raw_within_weir_pearson,equal_per_observation,fai,harmful_cyanobacteria,Yeoju Weir,0.18041451810554224,True,13,13,0.18041451810554224,,False
pm1_2019_2025,within_weir_percentile_midrank,equal_per_weir_fisher_z,ndci,chlorophyll_a,Baekje Weir,0.50456957196658214,True,15,12,0.46392307157005669,0.048952183261880333,True
pm1_2019_2025,within_weir_percentile_midrank,equal_per_weir_fisher_z,ndci,harmful_cyanobacteria,Baekje Weir,0.41497088830817636,True,12,12,0.41497088830817636,0.048952183261880333,True
pm1_2019_2025,within_weir_percentile_midrank,equal_per_weir_fisher_z,ndci,chlorophyll_a,Changnyeong-Haman Weir,0.50049466024061318,True,15,12,0.45855825221543312,0.067794720100574135,True
pm1_2019_2025,within_weir_percentile_midrank,equal_per_weir_fisher_z,ndci,harmful_cyanobacteria,Changnyeong-Haman Weir,0.39076353211485898,True,12,12,0.39076353211485898,0.067794720100574135,True
pm1_2019_2025,within_weir_percentile_midrank,equal_per_weir_fisher_z,ndci,chlorophyll_a,Chilgok Weir,0.5142175906291323,True,15,12,0.47660722800416472,0.088876400915472997,True
pm1_2019_2025,within_weir_percentile_midrank,equal_per_weir_fisher_z,ndci,harmful_cyanobacteria,Chilgok Weir,0.38773082708869172,True,12,12,0.38773082708869172,0.088876400915472997,True
pm1_2019_2025,within_weir_percentile_midrank,equal_per_weir_fisher_z,ndci,chlorophyll_a,Dalseong Weir,0.50614702503487607,True,15,12,0.46599868888412738,0.08600293188127206,True
pm1_2019_2025,within_weir_percentile_midrank,equal_per_weir_fisher_z,ndci,harmful_cyanobacteria,Dalseong Weir,0.37999575700285532,True,12,12,0.37999575700285532,0.08600293188127206,True
pm1_2019_2025,within_weir_percentile_midrank,equal_per_weir_fisher_z,ndci,chlorophyll_a,Gangcheon Weir,0.50313146281442644,True,15,13,0.47654551741999918,0.071515005919138286,True
pm1_2019_2025,within_weir_percentile_midrank,equal_per_weir_fisher_z,ndci,harmful_cyanobacteria,Gangcheon Weir,0.40503051150086089,True,13,13,0.40503051150086089,0.071515005919138286,True
pm1_2019_2025,within_weir_percentile_midrank,equal_per_weir_fisher_z,ndci,chlorophyll_a,Gangjeong-Goryeong Weir,0.50181496665768455,True,15,12,0.46029697283755822,0.084284984258178153,True
pm1_2019_2025,within_weir_percentile_midrank,equal_per_weir_fisher_z,ndci,harmful_cyanobacteria,Gangjeong-Goryeong Weir,0.37601198857938006,True,12,12,0.37601198857938006,0.084284984258178153,True
pm1_2019_2025,within_weir_percentile_midrank,equal_per_weir_fisher_z,ndci,chlorophyll_a,Gongju Weir,0.52319585381802158,True,15,12,0.48838656273611281,0.055872322562146137,True
pm1_2019_2025,within_weir_percentile_midrank,equal_per_weir_fisher_z,ndci,harmful_cyanobacteria,Gongju Weir,0.43251424017396667,True,12,12,0.43251424017396667,0.055872322562146137,True
pm1_2019_2025,within_weir_percentile_midrank,equal_per_weir_fisher_z,ndci,chlorophyll_a,Gumi Weir,0.52211730697542302,True,15,12,0.48697283084168136,0.074605170803759391,True
pm1_2019_2025,within_weir_percentile_midrank,equal_per_weir_fisher_z,ndci,harmful_cyanobacteria,Gumi Weir,0.41236766003792197,True,12,12,0.41236766003792197,0.074605170803759391,True
pm1_2019_2025,within_weir_percentile_midrank,equal_per_weir_fisher_z,ndci,chlorophyll_a,Hapcheon-Changnyeong Weir,0.51176784772189354,True,15,12,0.47338904888192329,0.078003365322097895,True
pm1_2019_2025,within_weir_percentile_midrank,equal_per_weir_fisher_z,ndci,harmful_cyanobacteria,Hapcheon-Changnyeong Weir,0.3953856835598254,True,12,12,0.3953856835598254,0.078003365322097895,True
pm1_2019_2025,within_weir_percentile_midrank,equal_per_weir_fisher_z,ndci,chlorophyll_a,Ipo Weir,0.49104351614182523,True,15,13,0.47654551741999918,0.071515005919138286,True
pm1_2019_2025,within_weir_percentile_midrank,equal_per_weir_fisher_z,ndci,harmful_cyanobacteria,Ipo Weir,0.40503051150086089,True,13,13,0.40503051150086089,0.071515005919138286,True
pm1_2019_2025,within_weir_percentile_midrank,equal_per_weir_fisher_z,ndci,chlorophyll_a,Juksan Weir,0.52662662834499629,True,15,12,0.49288108196659997,0.095184525760426131,True
pm1_2019_2025,within_weir_percentile_midrank,equal_per_weir_fisher_z,ndci,harmful_cyanobacteria,Juksan Weir,0.39769655620617383,True,12,12,0.39769655620617383,0.095184525760426131,True
pm1_2019_2025,within_weir_percentile_midrank,equal_per_weir_fisher_z,ndci,chlorophyll_a,Nakdan Weir,0.5140419976480729,True,15,12,0.47637661263181807,0.062429193570560537,True
pm1_2019_2025,within_weir_percentile_midrank,equal_per_weir_fisher_z,ndci,harmful_cyanobacteria,Nakdan Weir,0.41394741906125754,True,12,12,0.41394741906125754,0.062429193570560537,True
pm1_2019_2025,within_weir_percentile_midrank,equal_per_weir_fisher_z,ndci,chlorophyll_a,Sangju Weir,0.5168339199246631,True,15,12,0.48004231772588557,0.072495302021000574,True
pm1_2019_2025,within_weir_percentile_midrank,equal_per_weir_fisher_z,ndci,harmful_cyanobacteria,Sangju Weir,0.407547015704885,True,12,12,0.407547015704885,0.072495302021000574,True
pm1_2019_2025,within_weir_percentile_midrank,equal_per_weir_fisher_z,ndci,chlorophyll_a,Sejong Weir,0.51516049791966434,True,15,12,0.47784544317283545,0.030412873961170761,True
pm1_2019_2025,within_weir_percentile_midrank,equal_per_weir_fisher_z,ndci,harmful_cyanobacteria,Sejong Weir,0.44743256921166469,True,12,12,0.44743256921166469,0.030412873961170761,True
pm1_2019_2025,within_weir_percentile_midrank,equal_per_weir_fisher_z,ndci,chlorophyll_a,Seungchon Weir,0.52655730446982763,True,15,12,0.49279030097114107,0.086177623455245156,True
pm1_2019_2025,within_weir_percentile_midrank,equal_per_weir_fisher_z,ndci,harmful_cyanobacteria,Seungchon Weir,0.40661267751589592,True,12,12,0.40661267751589592,0.086177623455245156,True
pm1_2019_2025,within_weir_percentile_midrank,equal_per_weir_fisher_z,ndci,chlorophyll_a,Yeoju Weir,0.51119496003676113,True,15,13,0.47654551741999918,0.071515005919138286,True
pm1_2019_2025,within_weir_percentile_midrank,equal_per_weir_fisher_z,ndci,harmful_cyanobacteria,Yeoju Weir,0.40503051150086089,True,13,13,0.40503051150086089,0.071515005919138286,True
pm1_2019_2025,within_weir_percentile_midrank,equal_per_weir_fisher_z,fai,chlorophyll_a,Baekje Weir,0.20412451797388503,True,15,12,0.20420166004160062,,False
pm1_2019_2025,within_weir_percentile_midrank,equal_per_weir_fisher_z,fai,harmful_cyanobacteria,Baekje Weir,0.23730247742205107,True,12,12,0.23730247742205107,,False
pm1_2019_2025,within_weir_percentile_midrank,equal_per_weir_fisher_z,fai,chlorophyll_a,Changnyeong-Haman Weir,0.20939158487136519,True,15,12,0.21078339047154848,,False
pm1_2019_2025,within_weir_percentile_midrank,equal_per_weir_fisher_z,fai,harmful_cyanobacteria,Changnyeong-Haman Weir,0.20439704164553713,True,12,12,0.20439704164553713,,False
pm1_2019_2025,within_weir_percentile_midrank,equal_per_weir_fisher_z,fai,chlorophyll_a,Chilgok Weir,0.23726015579638612,True,15,12,0.24553743885723561,,False
pm1_2019_2025,within_weir_percentile_midrank,equal_per_weir_fisher_z,fai,harmful_cyanobacteria,Chilgok Weir,0.2307840888069026,True,12,12,0.2307840888069026,,False
pm1_2019_2025,within_weir_percentile_midrank,equal_per_weir_fisher_z,fai,chlorophyll_a,Dalseong Weir,0.22168451468120007,True,15,12,0.22612900650788317,,False
pm1_2019_2025,within_weir_percentile_midrank,equal_per_weir_fisher_z,fai,harmful_cyanobacteria,Dalseong Weir,0.23708831462164465,True,12,12,0.23708831462164465,,False
pm1_2019_2025,within_weir_percentile_midrank,equal_per_weir_fisher_z,fai,chlorophyll_a,Gangcheon Weir,0.22338705012844176,True,15,13,0.2217434571874278,,False
pm1_2019_2025,within_weir_percentile_midrank,equal_per_weir_fisher_z,fai,harmful_cyanobacteria,Gangcheon Weir,0.24136727649842152,True,13,13,0.24136727649842152,,False
pm1_2019_2025,within_weir_percentile_midrank,equal_per_weir_fisher_z,fai,chlorophyll_a,Gangjeong-Goryeong Weir,0.2323760408662412,True,15,12,0.23945598617298486,,False
pm1_2019_2025,within_weir_percentile_midrank,equal_per_weir_fisher_z,fai,harmful_cyanobacteria,Gangjeong-Goryeong Weir,0.23247461115357734,True,12,12,0.23247461115357734,,False
pm1_2019_2025,within_weir_percentile_midrank,equal_per_weir_fisher_z,fai,chlorophyll_a,Gongju Weir,0.19797921733342747,True,15,12,0.19651782670883317,,False
pm1_2019_2025,within_weir_percentile_midrank,equal_per_weir_fisher_z,fai,harmful_cyanobacteria,Gongju Weir,0.27009058218368348,True,12,12,0.27009058218368348,,False
pm1_2019_2025,within_weir_percentile_midrank,equal_per_weir_fisher_z,fai,chlorophyll_a,Gumi Weir,0.22945600227173119,True,15,12,0.23581808184491118,,False
pm1_2019_2025,within_weir_percentile_midrank,equal_per_weir_fisher_z,fai,harmful_cyanobacteria,Gumi Weir,0.2308111827024027,True,12,12,0.2308111827024027,,False
pm1_2019_2025,within_weir_percentile_midrank,equal_per_weir_fisher_z,fai,chlorophyll_a,Hapcheon-Changnyeong Weir,0.22525613453934842,True,15,12,0.23058315434048299,,False
pm1_2019_2025,within_weir_percentile_midrank,equal_per_weir_fisher_z,fai,harmful_cyanobacteria,Hapcheon-Changnyeong Weir,0.23208217975126877,True,12,12,0.23208217975126877,,False
pm1_2019_2025,within_weir_percentile_midrank,equal_per_weir_fisher_z,fai,chlorophyll_a,Ipo Weir,0.2265520596647656,True,15,13,0.2217434571874278,,False
pm1_2019_2025,within_weir_percentile_midrank,equal_per_weir_fisher_z,fai,harmful_cyanobacteria,Ipo Weir,0.24136727649842152,True,13,13,0.24136727649842152,,False
pm1_2019_2025,within_weir_percentile_midrank,equal_per_weir_fisher_z,fai,chlorophyll_a,Juksan Weir,0.22144303816879068,True,15,12,0.22582778802084869,,False
pm1_2019_2025,within_weir_percentile_midrank,equal_per_weir_fisher_z,fai,harmful_cyanobacteria,Juksan Weir,0.22760150241868207,True,12,12,0.22760150241868207,,False
pm1_2019_2025,within_weir_percentile_midrank,equal_per_weir_fisher_z,fai,chlorophyll_a,Nakdan Weir,0.21686894057523348,True,15,12,0.22012031193952408,,False
pm1_2019_2025,within_weir_percentile_midrank,equal_per_weir_fisher_z,fai,harmful_cyanobacteria,Nakdan Weir,0.24473477638916372,True,12,12,0.24473477638916372,,False
pm1_2019_2025,within_weir_percentile_midrank,equal_per_weir_fisher_z,fai,chlorophyll_a,Sangju Weir,0.21965883819172682,True,15,12,0.22360188487199745,,False
pm1_2019_2025,within_weir_percentile_midrank,equal_per_weir_fisher_z,fai,harmful_cyanobacteria,Sangju Weir,0.24890727401367316,True,12,12,0.24890727401367316,,False
pm1_2019_2025,within_weir_percentile_midrank,equal_per_weir_fisher_z,fai,chlorophyll_a,Sejong Weir,0.17645297855123651,True,15,12,0.16956762601609421,,False
pm1_2019_2025,within_weir_percentile_midrank,equal_per_weir_fisher_z,fai,harmful_cyanobacteria,Sejong Weir,0.2841602012327239,True,12,12,0.2841602012327239,,False
pm1_2019_2025,within_weir_percentile_midrank,equal_per_weir_fisher_z,fai,chlorophyll_a,Seungchon Weir,0.24339705237474177,True,15,12,0.25317255582803677,,False
pm1_2019_2025,within_weir_percentile_midrank,equal_per_weir_fisher_z,fai,harmful_cyanobacteria,Seungchon Weir,0.2560560339785854,True,12,12,0.2560560339785854,,False
pm1_2019_2025,within_weir_percentile_midrank,equal_per_weir_fisher_z,fai,chlorophyll_a,Yeoju Weir,0.20810085395438649,True,15,13,0.2217434571874278,,False
pm1_2019_2025,within_weir_percentile_midrank,equal_per_weir_fisher_z,fai,harmful_cyanobacteria,Yeoju Weir,0.24136727649842152,True,13,13,0.24136727649842152,,False
pm1_2019_2025,within_weir_percentile_midrank,equal_per_observation,ndci,chlorophyll_a,Baekje Weir,0.47980914257736723,True,15,12,0.4684524721246805,0.041624396947418429,True
pm1_2019_2025,within_weir_percentile_midrank,equal_per_observation,ndci,harmful_cyanobacteria,Baekje Weir,0.42682807517726207,True,12,12,0.42682807517726207,0.041624396947418429,True
pm1_2019_2025,within_weir_percentile_midrank,equal_per_observation,ndci,chlorophyll_a,Changnyeong-Haman Weir,0.47972853080573258,True,15,12,0.46858250275640201,0.059344610355724026,True
pm1_2019_2025,within_weir_percentile_midrank,equal_per_observation,ndci,harmful_cyanobacteria,Changnyeong-Haman Weir,0.40923789240067798,True,12,12,0.40923789240067798,0.059344610355724026,True
pm1_2019_2025,within_weir_percentile_midrank,equal_per_observation,ndci,chlorophyll_a,Chilgok Weir,0.48957869222039352,True,15,12,0.47868506647772852,0.079135337241348969,True
pm1_2019_2025,within_weir_percentile_midrank,equal_per_observation,ndci,harmful_cyanobacteria,Chilgok Weir,0.39954972923637955,True,12,12,0.39954972923637955,0.079135337241348969,True
pm1_2019_2025,within_weir_percentile_midrank,equal_per_observation,ndci,chlorophyll_a,Dalseong Weir,0.47801238548847613,True,15,12,0.46616881610355015,0.075498994832031763,True
pm1_2019_2025,within_weir_percentile_midrank,equal_per_observation,ndci,harmful_cyanobacteria,Dalseong Weir,0.39066982127151839,True,12,12,0.39066982127151839,0.075498994832031763,True
pm1_2019_2025,within_weir_percentile_midrank,equal_per_observation,ndci,chlorophyll_a,Gangcheon Weir,0.48502947584166201,True,15,13,0.47842416667765431,0.061232261937559318,True
pm1_2019_2025,within_weir_percentile_midrank,equal_per_observation,ndci,harmful_cyanobacteria,Gangcheon Weir,0.41719190474009499,True,13,13,0.41719190474009499,0.061232261937559318,True
pm1_2019_2025,within_weir_percentile_midrank,equal_per_observation,ndci,chlorophyll_a,Gangjeong-Goryeong Weir,0.4732290856333109,True,15,12,0.46106985580262544,0.072678611420039507,True
pm1_2019_2025,within_weir_percentile_midrank,equal_per_observation,ndci,harmful_cyanobacteria,Gangjeong-Goryeong Weir,0.38839124438258593,True,12,12,0.38839124438258593,0.072678611420039507,True
pm1_2019_2025,within_weir_percentile_midrank,equal_per_observation,ndci,chlorophyll_a,Gongju Weir,0.49794390813175343,True,15,12,0.48803360646449151,0.050361170210826145,True
pm1_2019_2025,within_weir_percentile_midrank,equal_per_observation,ndci,harmful_cyanobacteria,Gongju Weir,0.43767243625366536,True,12,12,0.43767243625366536,0.050361170210826145,True
pm1_2019_2025,within_weir_percentile_midrank,equal_per_observation,ndci,chlorophyll_a,Gumi Weir,0.50313459256019522,True,15,12,0.49318174888836047,0.064357584901285236,True
pm1_2019_2025,within_weir_percentile_midrank,equal_per_observation,ndci,harmful_cyanobacteria,Gumi Weir,0.42882416398707524,True,12,12,0.42882416398707524,0.064357584901285236,True
pm1_2019_2025,within_weir_percentile_midrank,equal_per_observation,ndci,chlorophyll_a,Hapcheon-Changnyeong Weir,0.48590356916738786,True,15,12,0.4746539752030452,0.068166688513462192,True
pm1_2019_2025,within_weir_percentile_midrank,equal_per_observation,ndci,harmful_cyanobacteria,Hapcheon-Changnyeong Weir,0.40648728668958301,True,12,12,0.40648728668958301,0.068166688513462192,True
pm1_2019_2025,within_weir_percentile_midrank,equal_per_observation,ndci,chlorophyll_a,Ipo Weir,0.48292691991614778,True,15,13,0.47842416667765431,0.061232261937559318,True
pm1_2019_2025,within_weir_percentile_midrank,equal_per_observation,ndci,harmful_cyanobacteria,Ipo Weir,0.41719190474009499,True,13,13,0.41719190474009499,0.061232261937559318,True
pm1_2019_2025,within_weir_percentile_midrank,equal_per_observation,ndci,chlorophyll_a,Juksan Weir,0.49773556878028974,True,15,12,0.48798032355165671,0.07382753509088591,True
pm1_2019_2025,within_weir_percentile_midrank,equal_per_observation,ndci,harmful_cyanobacteria,Juksan Weir,0.4141527884607708,True,12,12,0.4141527884607708,0.07382753509088591,True
pm1_2019_2025,within_weir_percentile_midrank,equal_per_observation,ndci,chlorophyll_a,Nakdan Weir,0.48941378249395084,True,15,12,0.47840821788873494,0.047005771898118665,True
pm1_2019_2025,within_weir_percentile_midrank,equal_per_observation,ndci,harmful_cyanobacteria,Nakdan Weir,0.43140244599061628,True,12,12,0.43140244599061628,0.047005771898118665,True
pm1_2019_2025,within_weir_percentile_midrank,equal_per_observation,ndci,chlorophyll_a,Sangju Weir,0.49401725545544417,True,15,12,0.48335878380548175,0.061322912656851414,True
pm1_2019_2025,within_weir_percentile_midrank,equal_per_observation,ndci,harmful_cyanobacteria,Sangju Weir,0.42203587114863034,True,12,12,0.42203587114863034,0.061322912656851414,True
pm1_2019_2025,within_weir_percentile_midrank,equal_per_observation,ndci,chlorophyll_a,Sejong Weir,0.48989348365374974,True,15,12,0.47943914696593437,0.032502445166633698,True
pm1_2019_2025,within_weir_percentile_midrank,equal_per_observation,ndci,harmful_cyanobacteria,Sejong Weir,0.44693670179930067,True,12,12,0.44693670179930067,0.032502445166633698,True
pm1_2019_2025,within_weir_percentile_midrank,equal_per_observation,ndci,chlorophyll_a,Seungchon Weir,0.50039904990002659,True,15,12,0.49071644773347839,0.071838435942407186,True
pm1_2019_2025,within_weir_percentile_midrank,equal_per_observation,ndci,harmful_cyanobacteria,Seungchon Weir,0.4188780117910712,True,12,12,0.4188780117910712,0.071838435942407186,True
pm1_2019_2025,within_weir_percentile_midrank,equal_per_observation,ndci,chlorophyll_a,Yeoju Weir,0.48772066868562086,True,15,13,0.47842416667765431,0.061232261937559318,True
pm1_2019_2025,within_weir_percentile_midrank,equal_per_observation,ndci,harmful_cyanobacteria,Yeoju Weir,0.41719190474009499,True,13,13,0.41719190474009499,0.061232261937559318,True
pm1_2019_2025,within_weir_percentile_midrank,equal_per_observation,fai,chlorophyll_a,Baekje Weir,0.16495150519997318,True,15,12,0.16258422515532225,,False
pm1_2019_2025,within_weir_percentile_midrank,equal_per_observation,fai,harmful_cyanobacteria,Baekje Weir,0.25140816574982444,True,12,12,0.25140816574982444,,False
pm1_2019_2025,within_weir_percentile_midrank,equal_per_observation,fai,chlorophyll_a,Changnyeong-Haman Weir,0.17299870266619094,True,15,12,0.17125278511640277,,False
pm1_2019_2025,within_weir_percentile_midrank,equal_per_observation,fai,harmful_cyanobacteria,Changnyeong-Haman Weir,0.23383687568442238,True,12,12,0.23383687568442238,,False
pm1_2019_2025,within_weir_percentile_midrank,equal_per_observation,fai,chlorophyll_a,Chilgok Weir,0.20527802039123111,True,15,12,0.20586812674063953,,False
pm1_2019_2025,within_weir_percentile_midrank,equal_per_observation,fai,harmful_cyanobacteria,Chilgok Weir,0.24256981476065598,True,12,12,0.24256981476065598,,False
pm1_2019_2025,within_weir_percentile_midrank,equal_per_observation,fai,chlorophyll_a,Dalseong Weir,0.18268211866516706,True,15,12,0.1815759487001963,,False
pm1_2019_2025,within_weir_percentile_midrank,equal_per_observation,fai,harmful_cyanobacteria,Dalseong Weir,0.24959106967427011,True,12,12,0.24959106967427011,,False
pm1_2019_2025,within_weir_percentile_midrank,equal_per_observation,fai,chlorophyll_a,Gangcheon Weir,0.18232124949156578,True,15,13,0.18030182959285496,,False
pm1_2019_2025,within_weir_percentile_midrank,equal_per_observation,fai,harmful_cyanobacteria,Gangcheon Weir,0.25382302751149105,True,13,13,0.25382302751149105,,False
pm1_2019_2025,within_weir_percentile_midrank,equal_per_observation,fai,chlorophyll_a,Gangjeong-Goryeong Weir,0.19877264556859628,True,15,12,0.19887707701719015,,False
pm1_2019_2025,within_weir_percentile_midrank,equal_per_observation,fai,harmful_cyanobacteria,Gangjeong-Goryeong Weir,0.24410956575564471,True,12,12,0.24410956575564471,,False
pm1_2019_2025,within_weir_percentile_midrank,equal_per_observation,fai,chlorophyll_a,Gongju Weir,0.16350391909190701,True,15,12,0.1610611672995208,,False
pm1_2019_2025,within_weir_percentile_midrank,equal_per_observation,fai,harmful_cyanobacteria,Gongju Weir,0.27358763402774566,True,12,12,0.27358763402774566,,False
pm1_2019_2025,within_weir_percentile_midrank,equal_per_observation,fai,chlorophyll_a,Gumi Weir,0.19481589353981885,True,15,12,0.19462291861870051,,False
pm1_2019_2025,within_weir_percentile_midrank,equal_per_observation,fai,harmful_cyanobacteria,Gumi Weir,0.24166460989690175,True,12,12,0.24166460989690175,,False
pm1_2019_2025,within_weir_percentile_midrank,equal_per_observation,fai,chlorophyll_a,Hapcheon-Changnyeong Weir,0.18821198081830917,True,15,12,0.18752199648039944,,False
pm1_2019_2025,within_weir_percentile_midrank,equal_per_observation,fai,harmful_cyanobacteria,Hapcheon-Changnyeong Weir,0.24323816992886371,True,12,12,0.24323816992886371,,False
pm1_2019_2025,within_weir_percentile_midrank,equal_per_observation,fai,chlorophyll_a,Ipo Weir,0.18321290885666014,True,15,13,0.18030182959285496,,False
pm1_2019_2025,within_weir_percentile_midrank,equal_per_observation,fai,harmful_cyanobacteria,Ipo Weir,0.25382302751149105,True,13,13,0.25382302751149105,,False
pm1_2019_2025,within_weir_percentile_midrank,equal_per_observation,fai,chlorophyll_a,Juksan Weir,0.1817593100671295,True,15,12,0.18065222836104802,,False
pm1_2019_2025,within_weir_percentile_midrank,equal_per_observation,fai,harmful_cyanobacteria,Juksan Weir,0.24771524604026954,True,12,12,0.24771524604026954,,False
pm1_2019_2025,within_weir_percentile_midrank,equal_per_observation,fai,chlorophyll_a,Nakdan Weir,0.17529822026616262,True,15,12,0.17363329761573681,,False
pm1_2019_2025,within_weir_percentile_midrank,equal_per_observation,fai,harmful_cyanobacteria,Nakdan Weir,0.25989284786879718,True,12,12,0.25989284786879718,,False
pm1_2019_2025,within_weir_percentile_midrank,equal_per_observation,fai,chlorophyll_a,Sangju Weir,0.1795602197731789,True,15,12,0.17821664364016523,,False
pm1_2019_2025,within_weir_percentile_midrank,equal_per_observation,fai,harmful_cyanobacteria,Sangju Weir,0.26566524228624278,True,12,12,0.26566524228624278,,False
pm1_2019_2025,within_weir_percentile_midrank,equal_per_observation,fai,chlorophyll_a,Sejong Weir,0.15329290010611563,True,15,12,0.15012489851254254,,False
pm1_2019_2025,within_weir_percentile_midrank,equal_per_observation,fai,harmful_cyanobacteria,Sejong Weir,0.28068955373499072,True,12,12,0.28068955373499072,,False
pm1_2019_2025,within_weir_percentile_midrank,equal_per_observation,fai,chlorophyll_a,Seungchon Weir,0.19978200508763178,True,15,12,0.19995430930833896,,False
pm1_2019_2025,within_weir_percentile_midrank,equal_per_observation,fai,harmful_cyanobacteria,Seungchon Weir,0.26419366106267056,True,12,12,0.26419366106267056,,False
pm1_2019_2025,within_weir_percentile_midrank,equal_per_observation,fai,chlorophyll_a,Yeoju Weir,0.17759586783978001,True,15,13,0.18030182959285496,,False
pm1_2019_2025,within_weir_percentile_midrank,equal_per_observation,fai,harmful_cyanobacteria,Yeoju Weir,0.25382302751149105,True,13,13,0.25382302751149105,,False
pm1_2019_2025,site_by_calendar_month_pearson,equal_per_weir_fisher_z,ndci,chlorophyll_a,Baekje Weir,0.41102791394882099,True,15,12,0.43820084065966503,0.23958333514395716,True
pm1_2019_2025,site_by_calendar_month_pearson,equal_per_weir_fisher_z,ndci,harmful_cyanobacteria,Baekje Weir,0.19861750551570787,True,12,12,0.19861750551570787,0.23958333514395716,True
pm1_2019_2025,site_by_calendar_month_pearson,equal_per_weir_fisher_z,ndci,chlorophyll_a,Changnyeong-Haman Weir,0.4198207949776922,True,15,12,0.44887109041855727,0.30961494923202365,True
pm1_2019_2025,site_by_calendar_month_pearson,equal_per_weir_fisher_z,ndci,harmful_cyanobacteria,Changnyeong-Haman Weir,0.13925614118653362,True,12,12,0.13925614118653362,0.30961494923202365,True
pm1_2019_2025,site_by_calendar_month_pearson,equal_per_weir_fisher_z,ndci,chlorophyll_a,Chilgok Weir,0.42545947422125396,True,15,12,0.45569685129644616,0.29128614901751337,True
pm1_2019_2025,site_by_calendar_month_pearson,equal_per_weir_fisher_z,ndci,harmful_cyanobacteria,Chilgok Weir,0.16441070227893281,True,12,12,0.16441070227893281,0.29128614901751337,True
pm1_2019_2025,site_by_calendar_month_pearson,equal_per_weir_fisher_z,ndci,chlorophyll_a,Dalseong Weir,0.42770311605825284,True,15,12,0.45840908865078345,0.30327304507164898,True
pm1_2019_2025,site_by_calendar_month_pearson,equal_per_weir_fisher_z,ndci,harmful_cyanobacteria,Dalseong Weir,0.15513604357913446,True,12,12,0.15513604357913446,0.30327304507164898,True
pm1_2019_2025,site_by_calendar_month_pearson,equal_per_weir_fisher_z,ndci,chlorophyll_a,Gangcheon Weir,0.43394082809979384,True,15,13,0.45664462026855501,0.27890060866706301,True
pm1_2019_2025,site_by_calendar_month_pearson,equal_per_weir_fisher_z,ndci,harmful_cyanobacteria,Gangcheon Weir,0.17774401160149197,True,13,13,0.17774401160149197,0.27890060866706301,True
pm1_2019_2025,site_by_calendar_month_pearson,equal_per_weir_fisher_z,ndci,chlorophyll_a,Gangjeong-Goryeong Weir,0.41556611933144305,True,15,12,0.44371193574656298,0.27818238073156226,True
pm1_2019_2025,site_by_calendar_month_pearson,equal_per_weir_fisher_z,ndci,harmful_cyanobacteria,Gangjeong-Goryeong Weir,0.16552955501500072,True,12,12,0.16552955501500072,0.27818238073156226,True
pm1_2019_2025,site_by_calendar_month_pearson,equal_per_weir_fisher_z,ndci,chlorophyll_a,Gongju Weir,0.43717539865831828,True,15,12,0.469835612814549,0.26694894075298731,True
pm1_2019_2025,site_by_calendar_month_pearson,equal_per_weir_fisher_z,ndci,harmful_cyanobacteria,Gongju Weir,0.20288667206156169,True,12,12,0.20288667206156169,0.26694894075298731,True
pm1_2019_2025,site_by_calendar_month_pearson,equal_per_weir_fisher_z,ndci,chlorophyll_a,Gumi Weir,0.44039901101122259,True,15,12,0.47371522444838554,0.28746915950544871,True
pm1_2019_2025,site_by_calendar_month_pearson,equal_per_weir_fisher_z,ndci,harmful_cyanobacteria,Gumi Weir,0.1862460649429368,True,12,12,0.1862460649429368,0.28746915950544871,True
pm1_2019_2025,site_by_calendar_month_pearson,equal_per_weir_fisher_z,ndci,chlorophyll_a,Hapcheon-Changnyeong Weir,0.42877540616369736,True,15,12,0.45970456891675054,0.29193343994447196,True
pm1_2019_2025,site_by_calendar_month_pearson,equal_per_weir_fisher_z,ndci,harmful_cyanobacteria,Hapcheon-Changnyeong Weir,0.16777112897227855,True,12,12,0.16777112897227855,0.29193343994447196,True
pm1_2019_2025,site_by_calendar_month_pearson,equal_per_weir_fisher_z,ndci,chlorophyll_a,Ipo Weir,0.4376934361220684,True,15,13,0.45664462026855501,0.27890060866706301,True
pm1_2019_2025,site_by_calendar_month_pearson,equal_per_weir_fisher_z,ndci,harmful_cyanobacteria,Ipo Weir,0.17774401160149197,True,13,13,0.17774401160149197,0.27890060866706301,True
pm1_2019_2025,site_by_calendar_month_pearson,equal_per_weir_fisher_z,ndci,chlorophyll_a,Juksan Weir,0.43928964411583715,True,15,12,0.47238063139357139,0.2979713662426311,True
pm1_2019_2025,site_by_calendar_month_pearson,equal_per_weir_fisher_z,ndci,harmful_cyanobacteria,Juksan Weir,0.1744092651509403,True,12,12,0.1744092651509403,0.2979713662426311,True
pm1_2019_2025,site_by_calendar_month_pearson,equal_per_weir_fisher_z,ndci,chlorophyll_a,Nakdan Weir,0.42812179858875532,True,15,12,0.45891497613771032,0.2698506822831982,True
pm1_2019_2025,site_by_calendar_month_pearson,equal_per_weir_fisher_z,ndci,harmful_cyanobacteria,Nakdan Weir,0.18906429385451215,True,12,12,0.18906429385451215,0.2698506822831982,True
pm1_2019_2025,site_by_calendar_month_pearson,equal_per_weir_fisher_z,ndci,chlorophyll_a,Sangju Weir,0.41902183071949961,True,15,12,0.4479028481312608,0.27513092427103203,True
pm1_2019_2025,site_by_calendar_month_pearson,equal_per_weir_fisher_z,ndci,harmful_cyanobacteria,Sangju Weir,0.17277192386022874,True,12,12,0.17277192386022874,0.27513092427103203,True
pm1_2019_2025,site_by_calendar_month_pearson,equal_per_weir_fisher_z,ndci,chlorophyll_a,Sejong Weir,0.4214370559120672,True,15,12,0.450828979404089,0.23865334376787267,True
pm1_2019_2025,site_by_calendar_month_pearson,equal_per_weir_fisher_z,ndci,harmful_cyanobacteria,Sejong Weir,0.21217563563621633,True,12,12,0.21217563563621633,0.23865334376787267,True
pm1_2019_2025,site_by_calendar_month_pearson,equal_per_weir_fisher_z,ndci,chlorophyll_a,Seungchon Weir,0.42686168515078754,True,15,12,0.45739217325781373,0.27589704176014473,True
pm1_2019_2025,site_by_calendar_month_pearson,equal_per_weir_fisher_z,ndci,harmful_cyanobacteria,Seungchon Weir,0.18149513149766902,True,12,12,0.18149513149766902,0.27589704176014473,True
pm1_2019_2025,site_by_calendar_month_pearson,equal_per_weir_fisher_z,ndci,chlorophyll_a,Yeoju Weir,0.4378289848734388,True,15,13,0.45664462026855501,0.27890060866706301,True
pm1_2019_2025,site_by_calendar_month_pearson,equal_per_weir_fisher_z,ndci,harmful_cyanobacteria,Yeoju Weir,0.17774401160149197,True,13,13,0.17774401160149197,0.27890060866706301,True
pm1_2019_2025,site_by_calendar_month_pearson,equal_per_weir_fisher_z,fai,chlorophyll_a,Baekje Weir,0.20614916417291848,True,15,12,0.23104195281044015,,False
pm1_2019_2025,site_by_calendar_month_pearson,equal_per_weir_fisher_z,fai,harmful_cyanobacteria,Baekje Weir,0.12247000023395536,True,12,12,0.12247000023395536,,False
pm1_2019_2025,site_by_calendar_month_pearson,equal_per_weir_fisher_z,fai,chlorophyll_a,Changnyeong-Haman Weir,0.20308010449003042,True,15,12,0.22724823384772974,,False
pm1_2019_2025,site_by_calendar_month_pearson,equal_per_weir_fisher_z,fai,harmful_cyanobacteria,Changnyeong-Haman Weir,0.12851220886730938,True,12,12,0.12851220886730938,,False
pm1_2019_2025,site_by_calendar_month_pearson,equal_per_weir_fisher_z,fai,chlorophyll_a,Chilgok Weir,0.20978708933366161,True,15,12,0.23553625023349245,,False
pm1_2019_2025,site_by_calendar_month_pearson,equal_per_weir_fisher_z,fai,harmful_cyanobacteria,Chilgok Weir,0.12238569241284841,True,12,12,0.12238569241284841,,False
pm1_2019_2025,site_by_calendar_month_pearson,equal_per_weir_fisher_z,fai,chlorophyll_a,Dalseong Weir,0.20055487487754664,True,15,12,0.2241252756557352,,False
pm1_2019_2025,site_by_calendar_month_pearson,equal_per_weir_fisher_z,fai,harmful_cyanobacteria,Dalseong Weir,0.13011220305624788,True,12,12,0.13011220305624788,,False
pm1_2019_2025,site_by_calendar_month_pearson,equal_per_weir_fisher_z,fai,chlorophyll_a,Gangcheon Weir,0.20114673099866617,True,15,13,0.22754254506400756,,False
pm1_2019_2025,site_by_calendar_month_pearson,equal_per_weir_fisher_z,fai,harmful_cyanobacteria,Gangcheon Weir,0.14161922752514838,True,13,13,0.14161922752514838,,False
pm1_2019_2025,site_by_calendar_month_pearson,equal_per_weir_fisher_z,fai,chlorophyll_a,Gangjeong-Goryeong Weir,0.20534320585703172,True,15,12,0.23004588633147499,,False
pm1_2019_2025,site_by_calendar_month_pearson,equal_per_weir_fisher_z,fai,harmful_cyanobacteria,Gangjeong-Goryeong Weir,0.13529207238731075,True,12,12,0.13529207238731075,,False
pm1_2019_2025,site_by_calendar_month_pearson,equal_per_weir_fisher_z,fai,chlorophyll_a,Gongju Weir,0.19159685587198505,True,15,12,0.21303647734884767,,False
pm1_2019_2025,site_by_calendar_month_pearson,equal_per_weir_fisher_z,fai,harmful_cyanobacteria,Gongju Weir,0.15750806899895123,True,12,12,0.15750806899895123,,False
pm1_2019_2025,site_by_calendar_month_pearson,equal_per_weir_fisher_z,fai,chlorophyll_a,Gumi Weir,0.21210376432777084,True,15,12,0.23839676968593235,,False
pm1_2019_2025,site_by_calendar_month_pearson,equal_per_weir_fisher_z,fai,harmful_cyanobacteria,Gumi Weir,0.15175789774342907,True,12,12,0.15175789774342907,,False
pm1_2019_2025,site_by_calendar_month_pearson,equal_per_weir_fisher_z,fai,chlorophyll_a,Hapcheon-Changnyeong Weir,0.21056536207977042,True,15,12,0.2364973559965711,,False
pm1_2019_2025,site_by_calendar_month_pearson,equal_per_weir_fisher_z,fai,harmful_cyanobacteria,Hapcheon-Changnyeong Weir,0.13034905839933741,True,12,12,0.13034905839933741,,False
pm1_2019_2025,site_by_calendar_month_pearson,equal_per_weir_fisher_z,fai,chlorophyll_a,Ipo Weir,0.21369373036930442,True,15,13,0.22754254506400756,,False
pm1_2019_2025,site_by_calendar_month_pearson,equal_per_weir_fisher_z,fai,harmful_cyanobacteria,Ipo Weir,0.14161922752514838,True,13,13,0.14161922752514838,,False
pm1_2019_2025,site_by_calendar_month_pearson,equal_per_weir_fisher_z,fai,chlorophyll_a,Juksan Weir,0.21519681579380756,True,15,12,0.24221406070304141,,False
pm1_2019_2025,site_by_calendar_month_pearson,equal_per_weir_fisher_z,fai,harmful_cyanobacteria,Juksan Weir,0.14596803239912029,True,12,12,0.14596803239912029,,False
pm1_2019_2025,site_by_calendar_month_pearson,equal_per_weir_fisher_z,fai,chlorophyll_a,Nakdan Weir,0.1975284868445541,True,15,12,0.22038081189171319,,False
pm1_2019_2025,site_by_calendar_month_pearson,equal_per_weir_fisher_z,fai,harmful_cyanobacteria,Nakdan Weir,0.1448196058560568,True,12,12,0.1448196058560568,,False
pm1_2019_2025,site_by_calendar_month_pearson,equal_per_weir_fisher_z,fai,chlorophyll_a,Sangju Weir,0.19846255308342334,True,15,12,0.2215367035269189,,False
pm1_2019_2025,site_by_calendar_month_pearson,equal_per_weir_fisher_z,fai,harmful_cyanobacteria,Sangju Weir,0.14436422532617102,True,12,12,0.14436422532617102,,False
pm1_2019_2025,site_by_calendar_month_pearson,equal_per_weir_fisher_z,fai,chlorophyll_a,Sejong Weir,0.1795897813479379,True,15,12,0.19814937193976201,,False
pm1_2019_2025,site_by_calendar_month_pearson,equal_per_weir_fisher_z,fai,harmful_cyanobacteria,Sejong Weir,0.168127674909898,True,12,12,0.168127674909898,,False
pm1_2019_2025,site_by_calendar_month_pearson,equal_per_weir_fisher_z,fai,chlorophyll_a,Seungchon Weir,0.21293154438222078,True,15,12,0.23941858484258247,,False
pm1_2019_2025,site_by_calendar_month_pearson,equal_per_weir_fisher_z,fai,harmful_cyanobacteria,Seungchon Weir,0.15900314859544099,True,12,12,0.15900314859544099,,False
pm1_2019_2025,site_by_calendar_month_pearson,equal_per_weir_fisher_z,fai,chlorophyll_a,Yeoju Weir,0.21938793921573427,True,15,13,0.22754254506400756,,False
pm1_2019_2025,site_by_calendar_month_pearson,equal_per_weir_fisher_z,fai,harmful_cyanobacteria,Yeoju Weir,0.14161922752514838,True,13,13,0.14161922752514838,,False
pm1_2019_2025,site_by_calendar_month_pearson,equal_per_observation,ndci,chlorophyll_a,Baekje Weir,0.41108422153105939,True,15,12,0.41766765773206627,0.23385736932930781,True
pm1_2019_2025,site_by_calendar_month_pearson,equal_per_observation,ndci,harmful_cyanobacteria,Baekje Weir,0.18381028840275845,True,12,12,0.18381028840275845,0.23385736932930781,True
pm1_2019_2025,site_by_calendar_month_pearson,equal_per_observation,ndci,chlorophyll_a,Changnyeong-Haman Weir,0.43266670502809307,True,15,12,0.43977754588856782,0.32332330446820906,True
pm1_2019_2025,site_by_calendar_month_pearson,equal_per_observation,ndci,harmful_cyanobacteria,Changnyeong-Haman Weir,0.11645424142035878,True,12,12,0.11645424142035878,0.32332330446820906,True
pm1_2019_2025,site_by_calendar_month_pearson,equal_per_observation,ndci,chlorophyll_a,Chilgok Weir,0.43766356815326923,True,15,12,0.44538305405680589,0.32350723755574551,True
pm1_2019_2025,site_by_calendar_month_pearson,equal_per_observation,ndci,harmful_cyanobacteria,Chilgok Weir,0.12187581650106037,True,12,12,0.12187581650106037,0.32350723755574551,True
pm1_2019_2025,site_by_calendar_month_pearson,equal_per_observation,ndci,chlorophyll_a,Dalseong Weir,0.43863779526092284,True,15,12,0.44627984783459002,0.33168409612821015,True
pm1_2019_2025,site_by_calendar_month_pearson,equal_per_observation,ndci,harmful_cyanobacteria,Dalseong Weir,0.11459575170637989,True,12,12,0.11459575170637989,0.33168409612821015,True
pm1_2019_2025,site_by_calendar_month_pearson,equal_per_observation,ndci,chlorophyll_a,Gangcheon Weir,0.4396154175527982,True,15,13,0.44534131777078118,0.30927612086018685,True
pm1_2019_2025,site_by_calendar_month_pearson,equal_per_observation,ndci,harmful_cyanobacteria,Gangcheon Weir,0.13606519691059435,True,13,13,0.13606519691059435,0.30927612086018685,True
pm1_2019_2025,site_by_calendar_month_pearson,equal_per_observation,ndci,chlorophyll_a,Gangjeong-Goryeong Weir,0.42964929695817944,True,15,12,0.4370238449207573,0.31110518044196844,True
pm1_2019_2025,site_by_calendar_month_pearson,equal_per_observation,ndci,harmful_cyanobacteria,Gangjeong-Goryeong Weir,0.12591866447878886,True,12,12,0.12591866447878886,0.31110518044196844,True
pm1_2019_2025,site_by_calendar_month_pearson,equal_per_observation,ndci,chlorophyll_a,Gongju Weir,0.44782746194505491,True,15,12,0.45571942660701442,0.30615281562654695,True
pm1_2019_2025,site_by_calendar_month_pearson,equal_per_observation,ndci,harmful_cyanobacteria,Gongju Weir,0.1495666109804675,True,12,12,0.1495666109804675,0.30615281562654695,True
pm1_2019_2025,site_by_calendar_month_pearson,equal_per_observation,ndci,chlorophyll_a,Gumi Weir,0.46662920993031759,True,15,12,0.4756711138218192,0.33154598672884583,True
pm1_2019_2025,site_by_calendar_month_pearson,equal_per_observation,ndci,harmful_cyanobacteria,Gumi Weir,0.14412512709297334,True,12,12,0.14412512709297334,0.33154598672884583,True
pm1_2019_2025,site_by_calendar_month_pearson,equal_per_observation,ndci,chlorophyll_a,Hapcheon-Changnyeong Weir,0.44081063422672473,True,15,12,0.44881697724611219,0.33010023072387978,True
pm1_2019_2025,site_by_calendar_month_pearson,equal_per_observation,ndci,harmful_cyanobacteria,Hapcheon-Changnyeong Weir,0.11871674652223242,True,12,12,0.11871674652223242,0.33010023072387978,True
pm1_2019_2025,site_by_calendar_month_pearson,equal_per_observation,ndci,chlorophyll_a,Ipo Weir,0.44141538918136553,True,15,13,0.44534131777078118,0.30927612086018685,True
pm1_2019_2025,site_by_calendar_month_pearson,equal_per_observation,ndci,harmful_cyanobacteria,Ipo Weir,0.13606519691059435,True,13,13,0.13606519691059435,0.30927612086018685,True
pm1_2019_2025,site_by_calendar_month_pearson,equal_per_observation,ndci,chlorophyll_a,Juksan Weir,0.44524341364353803,True,15,12,0.45272113226460153,0.32096012809314811,True
pm1_2019_2025,site_by_calendar_month_pearson,equal_per_observation,ndci,harmful_cyanobacteria,Juksan Weir,0.13176100417145345,True,12,12,0.13176100417145345,0.32096012809314811,True
pm1_2019_2025,site_by_calendar_month_pearson,equal_per_observation,ndci,chlorophyll_a,Nakdan Weir,0.4392667451385292,True,15,12,0.44682705010014362,0.30322199215313139,True
pm1_2019_2025,site_by_calendar_month_pearson,equal_per_observation,ndci,harmful_cyanobacteria,Nakdan Weir,0.14360505794701225,True,12,12,0.14360505794701225,0.30322199215313139,True
pm1_2019_2025,site_by_calendar_month_pearson,equal_per_observation,ndci,chlorophyll_a,Sangju Weir,0.42912293251628414,True,15,12,0.43643647960029469,0.3088508209885068,True
pm1_2019_2025,site_by_calendar_month_pearson,equal_per_observation,ndci,harmful_cyanobacteria,Sangju Weir,0.12758565861178789,True,12,12,0.12758565861178789,0.3088508209885068,True
pm1_2019_2025,site_by_calendar_month_pearson,equal_per_observation,ndci,chlorophyll_a,Sejong Weir,0.43499680678955083,True,15,12,0.44223485645817606,0.28159857672425914,True
pm1_2019_2025,site_by_calendar_month_pearson,equal_per_observation,ndci,harmful_cyanobacteria,Sejong Weir,0.16063627973391692,True,12,12,0.16063627973391692,0.28159857672425914,True
pm1_2019_2025,site_by_calendar_month_pearson,equal_per_observation,ndci,chlorophyll_a,Seungchon Weir,0.43809019982518976,True,15,12,0.44530510375572385,0.30891747051785001,True
pm1_2019_2025,site_by_calendar_month_pearson,equal_per_observation,ndci,harmful_cyanobacteria,Seungchon Weir,0.13638763323787384,True,12,12,0.13638763323787384,0.30891747051785001,True
pm1_2019_2025,site_by_calendar_month_pearson,equal_per_observation,ndci,chlorophyll_a,Yeoju Weir,0.44081982113941887,True,15,13,0.44534131777078118,0.30927612086018685,True
pm1_2019_2025,site_by_calendar_month_pearson,equal_per_observation,ndci,harmful_cyanobacteria,Yeoju Weir,0.13606519691059435,True,13,13,0.13606519691059435,0.30927612086018685,True
pm1_2019_2025,site_by_calendar_month_pearson,equal_per_observation,fai,chlorophyll_a,Baekje Weir,0.18621981475645344,True,15,12,0.19026090322729897,,False
pm1_2019_2025,site_by_calendar_month_pearson,equal_per_observation,fai,harmful_cyanobacteria,Baekje Weir,0.10060055288001034,True,12,12,0.10060055288001034,,False
pm1_2019_2025,site_by_calendar_month_pearson,equal_per_observation,fai,chlorophyll_a,Changnyeong-Haman Weir,0.18532993012002177,True,15,12,0.18914413587043774,,False
pm1_2019_2025,site_by_calendar_month_pearson,equal_per_observation,fai,harmful_cyanobacteria,Changnyeong-Haman Weir,0.12782937355869106,True,12,12,0.12782937355869106,,False
pm1_2019_2025,site_by_calendar_month_pearson,equal_per_observation,fai,chlorophyll_a,Chilgok Weir,0.19122610627322248,True,15,12,0.19547476946439724,,False
pm1_2019_2025,site_by_calendar_month_pearson,equal_per_observation,fai,harmful_cyanobacteria,Chilgok Weir,0.11617149441781152,True,12,12,0.11617149441781152,,False
pm1_2019_2025,site_by_calendar_month_pearson,equal_per_observation,fai,chlorophyll_a,Dalseong Weir,0.18168095487503158,True,15,12,0.18553769627082686,,False
pm1_2019_2025,site_by_calendar_month_pearson,equal_per_observation,fai,harmful_cyanobacteria,Dalseong Weir,0.12403530210457316,True,12,12,0.12403530210457316,,False
pm1_2019_2025,site_by_calendar_month_pearson,equal_per_observation,fai,chlorophyll_a,Gangcheon Weir,0.18586175636030727,True,15,13,0.18976306389572783,,False
pm1_2019_2025,site_by_calendar_month_pearson,equal_per_observation,fai,harmful_cyanobacteria,Gangcheon Weir,0.13158343645327272,True,13,13,0.13158343645327272,,False
pm1_2019_2025,site_by_calendar_month_pearson,equal_per_observation,fai,chlorophyll_a,Gangjeong-Goryeong Weir,0.18680083676317927,True,15,12,0.1909183378370882,,False
pm1_2019_2025,site_by_calendar_month_pearson,equal_per_observation,fai,harmful_cyanobacteria,Gangjeong-Goryeong Weir,0.12734912186600211,True,12,12,0.12734912186600211,,False
pm1_2019_2025,site_by_calendar_month_pearson,equal_per_observation,fai,chlorophyll_a,Gongju Weir,0.17116749704779297,True,15,12,0.17461509583123352,,False
pm1_2019_2025,site_by_calendar_month_pearson,equal_per_observation,fai,harmful_cyanobacteria,Gongju Weir,0.1474652575833425,True,12,12,0.1474652575833425,,False
pm1_2019_2025,site_by_calendar_month_pearson,equal_per_observation,fai,chlorophyll_a,Gumi Weir,0.21804681758972197,True,15,12,0.22301046154220217,,False
pm1_2019_2025,site_by_calendar_month_pearson,equal_per_observation,fai,harmful_cyanobacteria,Gumi Weir,0.16342730728940233,True,12,12,0.16342730728940233,,False
pm1_2019_2025,site_by_calendar_month_pearson,equal_per_observation,fai,chlorophyll_a,Hapcheon-Changnyeong Weir,0.19485777854967329,True,15,12,0.19925967871460948,,False
pm1_2019_2025,site_by_calendar_month_pearson,equal_per_observation,fai,harmful_cyanobacteria,Hapcheon-Changnyeong Weir,0.11612062515094976,True,12,12,0.11612062515094976,,False
pm1_2019_2025,site_by_calendar_month_pearson,equal_per_observation,fai,chlorophyll_a,Ipo Weir,0.18804905188826979,True,15,13,0.18976306389572783,,False
pm1_2019_2025,site_by_calendar_month_pearson,equal_per_observation,fai,harmful_cyanobacteria,Ipo Weir,0.13158343645327272,True,13,13,0.13158343645327272,,False
pm1_2019_2025,site_by_calendar_month_pearson,equal_per_observation,fai,chlorophyll_a,Juksan Weir,0.19177387326092085,True,15,12,0.1956792473831479,,False
pm1_2019_2025,site_by_calendar_month_pearson,equal_per_observation,fai,harmful_cyanobacteria,Juksan Weir,0.1341733293565355,True,12,12,0.1341733293565355,,False
pm1_2019_2025,site_by_calendar_month_pearson,equal_per_observation,fai,chlorophyll_a,Nakdan Weir,0.17781984043301879,True,15,12,0.18147737849706241,,False
pm1_2019_2025,site_by_calendar_month_pearson,equal_per_observation,fai,harmful_cyanobacteria,Nakdan Weir,0.13340558271643627,True,12,12,0.13340558271643627,,False
pm1_2019_2025,site_by_calendar_month_pearson,equal_per_observation,fai,chlorophyll_a,Sangju Weir,0.17662774627331887,True,15,12,0.18036967276648552,,False
pm1_2019_2025,site_by_calendar_month_pearson,equal_per_observation,fai,harmful_cyanobacteria,Sangju Weir,0.13373150380120516,True,12,12,0.13373150380120516,,False
pm1_2019_2025,site_by_calendar_month_pearson,equal_per_observation,fai,chlorophyll_a,Sejong Weir,0.17261988882454637,True,15,12,0.17606704440557985,,False
pm1_2019_2025,site_by_calendar_month_pearson,equal_per_observation,fai,harmful_cyanobacteria,Sejong Weir,0.14996210566428972,True,12,12,0.14996210566428972,,False
pm1_2019_2025,site_by_calendar_month_pearson,equal_per_observation,fai,chlorophyll_a,Seungchon Weir,0.18951427212943511,True,15,12,0.19338487632338863,,False
pm1_2019_2025,site_by_calendar_month_pearson,equal_per_observation,fai,harmful_cyanobacteria,Seungchon Weir,0.14081464002691743,True,12,12,0.14081464002691743,,False
pm1_2019_2025,site_by_calendar_month_pearson,equal_per_observation,fai,chlorophyll_a,Yeoju Weir,0.18798918786275487,True,15,13,0.18976306389572783,,False
pm1_2019_2025,site_by_calendar_month_pearson,equal_per_observation,fai,harmful_cyanobacteria,Yeoju Weir,0.13158343645327272,True,13,13,0.13158343645327272,,False
