weir_name,station_code,year,harmful_cyanobacteria_total_mean,harmful_cyanobacteria_total_median,harmful_cyanobacteria_total_max,harmful_cyanobacteria_total_log1p_mean,harmful_cyanobacteria_total_n,first_snapshot_x,first_locator_x,season_scope,chlorophyll_a_mean,chlorophyll_a_median,chlorophyll_a_max,chlorophyll_a_log1p_mean,chlorophyll_a_n,first_snapshot_y,first_locator_y,ndci_mean,fai_mean,ndci_exceedance_share_gt_0p00_descriptive,fai_exceedance_share_gt_0p00_descriptive,weir_code,tau_days,gate0_group,tau_robustness_flag,opened,post_open,late_post,log1p_harmful_cyanobacteria_total_mean,log1p_chlorophyll_a_mean,river
강정고령보,2011A55,2017,5031.21568627451,353.0,69140.0,8.523615660393823,51,Round_6/log/source_snapshots/datagokr_algae_full_2017_2025_20260630_0951/all_2017_01.xml,all_2017_01.xml#item[138],annual_all_samples,12.429411764705884,12.3,29.9,2.597447209479534,51,Round_6/log/source_snapshots/datagokr_algae_full_2017_2025_20260630_0951/all_2017_01.xml,all_2017_01.xml#item[138],0.0184486356183178,-0.0039108212260415,0.5436182069133513,0.2025769794632622,2011602,7.77285,comparison_or_unresolved,robust_candidate_no_low_flow_flag,0,0,0,8.523615660393823,2.597447209479534,낙동강
강정고령보,2011A55,2018,6592.54347826087,316.0,110431.0,8.793846188335495,46,Round_6/log/source_snapshots/datagokr_algae_full_2017_2025_20260630_0951/all_2018_01.xml,all_2018_01.xml#item[133],annual_all_samples,18.41086956521739,12.75,47.2,2.9658331960340756,46,Round_6/log/source_snapshots/datagokr_algae_full_2017_2025_20260630_0951/all_2018_01.xml,all_2018_01.xml#item[133],-0.0165477637011365,-0.0318731688060956,0.2260609448359549,0.0728603859604323,2011602,4.9709,comparison_or_unresolved,robust_candidate_no_low_flow_flag,0,1,0,8.793846188335495,2.9658331960340756,낙동강
강정고령보,2011A55,2019,8257.14,152.0,100017.0,9.018954659559778,50,Round_6/log/source_snapshots/datagokr_algae_full_2017_2025_20260630_0951/all_2019_01.xml,all_2019_01.xml#item[166],annual_all_samples,16.402,14.25,41.9,2.8565851421438326,50,Round_6/log/source_snapshots/datagokr_algae_full_2017_2025_20260630_0951/all_2019_01.xml,all_2019_01.xml#item[166],0.0291832907848067,-0.0019028967351858,0.5593531533506362,0.2778443256070909,2011602,6.71121,comparison_or_unresolved,contains_near_zero_or_nonpositive_discharge,0,1,1,9.018954659559778,2.8565851421438326,낙동강
강정고령보,2011A55,2020,2177.387755102041,549.0,17108.0,7.68634032029254,49,Round_6/log/source_snapshots/datagokr_algae_full_2017_2025_20260630_0951/all_2020_01.xml,all_2020_01.xml#item[161],annual_all_samples,18.32857142857143,14.1,58.8,2.9615843861214293,49,Round_6/log/source_snapshots/datagokr_algae_full_2017_2025_20260630_0951/all_2020_01.xml,all_2020_01.xml#item[161],0.0310811496282302,9.673555900049069e-05,0.6067223473904261,0.3813521028252273,2011602,3.01295,comparison_or_unresolved,robust_candidate_no_low_flow_flag,0,1,1,7.68634032029254,2.9615843861214293,낙동강
강정고령보,2011A55,2021,5127.4375,482.5,89443.0,8.542556310873946,48,Round_6/log/source_snapshots/datagokr_algae_full_2017_2025_20260630_0951/all_2021_02.xml,all_2021_02.xml#item[137],annual_all_samples,19.508333333333333,16.4,49.0,3.0208313076090096,48,Round_6/log/source_snapshots/datagokr_algae_full_2017_2025_20260630_0951/all_2021_02.xml,all_2021_02.xml#item[137],0.0250199701916637,-0.0003285031698471,0.5650550372793843,0.2727663541366269,2011602,5.12046,comparison_or_unresolved,robust_candidate_no_low_flow_flag,0,1,1,8.542556310873946,3.0208313076090096,낙동강
강정고령보,2011A55,2022,13173.604166666666,772.0,114735.0,9.48604632868245,48,Round_6/log/source_snapshots/datagokr_algae_full_2017_2025_20260630_0951/all_2022_01.xml,all_2022_01.xml#item[138],annual_all_samples,17.358333333333334,12.3,65.0,2.910083604020297,48,Round_6/log/source_snapshots/datagokr_algae_full_2017_2025_20260630_0951/all_2022_01.xml,all_2022_01.xml#item[138],0.0348464452599031,0.0034790385328107,0.5836183176034441,0.343548356472146,2011602,8.53453,comparison_or_unresolved,robust_candidate_no_low_flow_flag,0,1,1,9.48604632868245,2.910083604020297,낙동강
강정고령보,2011A55,2023,2984.2083333333335,572.5,42606.0,8.001424816802757,48,Round_6/log/source_snapshots/datagokr_algae_full_2017_2025_20260630_0951/all_2023_01.xml,all_2023_01.xml#item[137],annual_all_samples,14.227083333333333,9.75,73.0,2.723075640578455,48,Round_6/log/source_snapshots/datagokr_algae_full_2017_2025_20260630_0951/all_2023_01.xml,all_2023_01.xml#item[137],0.0195264784362468,-0.0077638652508211,0.497617103739266,0.2639155341568453,2011602,2.77411,comparison_or_unresolved,mean_daily_tau_sensitive_to_low_flow,0,1,1,8.001424816802757,2.723075640578455,낙동강
강정고령보,2011A55,2024,27389.41176470588,670.0,954667.0,10.217948295539738,51,Round_6/log/source_snapshots/datagokr_algae_full_2017_2025_20260630_0951/all_2024_01.xml,all_2024_01.xml#item[135],annual_all_samples,24.41568627450981,17.5,166.1,3.23536655326929,51,Round_6/log/source_snapshots/datagokr_algae_full_2017_2025_20260630_0951/all_2024_01.xml,all_2024_01.xml#item[135],0.0533668627914494,-0.0017589708432633,0.6037963371180031,0.2826052925791987,2011602,3.75312,comparison_or_unresolved,robust_candidate_no_low_flow_flag,0,1,1,10.217948295539738,3.23536655326929,낙동강
강정고령보,2011A55,2025,11558.146341463416,522.0,145507.0,9.355232293605455,41,Round_6/log/source_snapshots/datagokr_algae_full_2017_2025_20260630_0951/all_2025_01.xml,all_2025_01.xml#item[169],annual_all_samples,18.73658536585366,17.7,42.7,2.9824740385892827,41,Round_6/log/source_snapshots/datagokr_algae_full_2017_2025_20260630_0951/all_2025_01.xml,all_2025_01.xml#item[169],0.0428825706375035,0.0046935064510642,0.6439773715650988,0.3105842744537447,2011602,5.60647,comparison_or_unresolved,robust_candidate_no_low_flow_flag,0,1,1,9.355232293605455,2.9824740385892827,낙동강
강천보,1007A20,2017,0.0,0.0,0.0,0.0,43,Round_6/log/source_snapshots/datagokr_algae_full_2017_2025_20260630_0951/all_2017_01.xml,all_2017_01.xml#item[108],annual_all_samples,6.667441860465116,5.3,19.2,2.036983034384123,43,Round_6/log/source_snapshots/datagokr_algae_full_2017_2025_20260630_0951/all_2017_01.xml,all_2017_01.xml#item[108],-0.0788111047708267,-0.005867886357397,0.153572489904045,0.1105586326266683,1007601,0.606912,stayed_closed_or_source_summary_examples,robust_candidate_no_low_flow_flag,0,0,0,0.0,2.036983034384123,한강(남한강)
강천보,1007A20,2018,17.934782608695652,0.0,480.0,2.941000580363408,46,Round_6/log/source_snapshots/datagokr_algae_full_2017_2025_20260630_0951/all_2018_01.xml,all_2018_01.xml#item[105],annual_all_samples,9.35531914893617,7.2,37.1,2.33750031512935,47,Round_6/log/source_snapshots/datagokr_algae_full_2017_2025_20260630_0951/all_2018_01.xml,all_2018_01.xml#item[105],-0.056949854289709,-0.0072596456653497,0.228173403395408,0.1097980027115619,1007601,0.53727,stayed_closed_or_source_summary_examples,robust_candidate_no_low_flow_flag,0,1,0,2.941000580363408,2.33750031512935,한강(남한강)
강천보,1007A20,2019,19.102040816326532,0.0,420.0,3.0008213430614625,49,Round_6/log/source_snapshots/datagokr_algae_full_2017_2025_20260630_0951/all_2019_01.xml,all_2019_01.xml#item[131],annual_all_samples,8.706122448979592,5.6,45.3,2.272756866706,49,Round_6/log/source_snapshots/datagokr_algae_full_2017_2025_20260630_0951/all_2019_01.xml,all_2019_01.xml#item[131],-0.0397457068193942,0.0036057146970624,0.2385090326382591,0.1959788717487613,1007601,0.917014,stayed_closed_or_source_summary_examples,robust_candidate_no_low_flow_flag,0,1,1,3.0008213430614625,2.272756866706,한강(남한강)
강천보,1007A20,2020,0.0,0.0,0.0,0.0,41,Round_6/log/source_snapshots/datagokr_algae_full_2017_2025_20260630_0951/all_2020_01.xml,all_2020_01.xml#item[130],annual_all_samples,5.529268292682927,4.3,15.5,1.876294883821999,41,Round_6/log/source_snapshots/datagokr_algae_full_2017_2025_20260630_0951/all_2020_01.xml,all_2020_01.xml#item[130],-0.0199393146656517,0.007136213409557,0.3533650861247192,0.303615222253334,1007601,0.346453,stayed_closed_or_source_summary_examples,robust_candidate_no_low_flow_flag,0,1,1,0.0,1.876294883821999,한강(남한강)
강천보,1007A20,2021,0.0,0.0,0.0,0.0,40,Round_6/log/source_snapshots/datagokr_algae_full_2017_2025_20260630_0951/all_2021_01.xml,all_2021_01.xml#item[109],annual_all_samples,7.68,5.25,21.9,2.1610215286722587,40,Round_6/log/source_snapshots/datagokr_algae_full_2017_2025_20260630_0951/all_2021_01.xml,all_2021_01.xml#item[109],-0.0155279608932339,0.0044695592052726,0.3555931555686008,0.2988699138815562,1007601,0.68242,stayed_closed_or_source_summary_examples,robust_candidate_no_low_flow_flag,0,1,1,0.0,2.1610215286722587,한강(남한강)
강천보,1007A20,2022,0.0,0.0,0.0,0.0,34,Round_6/log/source_snapshots/datagokr_algae_full_2017_2025_20260630_0951/all_2022_02.xml,all_2022_02.xml#item[110],annual_all_samples,5.797058823529412,4.0,19.7,1.9164899926641736,34,Round_6/log/source_snapshots/datagokr_algae_full_2017_2025_20260630_0951/all_2022_02.xml,all_2022_02.xml#item[110],-0.0403010640511842,0.0031323662537724,0.3236220578308569,0.2126791743689209,1007601,0.383628,stayed_closed_or_source_summary_examples,robust_candidate_no_low_flow_flag,0,1,1,0.0,1.9164899926641736,한강(남한강)
강천보,1007A20,2023,0.0,0.0,0.0,0.0,28,Round_6/log/source_snapshots/datagokr_algae_full_2017_2025_20260630_0951/all_2023_02.xml,all_2023_02.xml#item[109],annual_all_samples,8.925,9.7,20.8,2.295056826573254,28,Round_6/log/source_snapshots/datagokr_algae_full_2017_2025_20260630_0951/all_2023_02.xml,all_2023_02.xml#item[109],-0.0224372991958344,-0.006063973498527,0.2804544591779167,0.1719349969972374,1007601,0.367188,stayed_closed_or_source_summary_examples,robust_candidate_no_low_flow_flag,0,1,1,0.0,2.295056826573254,한강(남한강)
강천보,1007A20,2024,0.0,0.0,0.0,0.0,34,Round_6/log/source_snapshots/datagokr_algae_full_2017_2025_20260630_0951/all_2024_01.xml,all_2024_01.xml#item[107],annual_all_samples,6.694117647058824,3.9,28.2,2.040456094966882,34,Round_6/log/source_snapshots/datagokr_algae_full_2017_2025_20260630_0951/all_2024_01.xml,all_2024_01.xml#item[107],-0.0145816941962396,0.0024796415231265,0.3987901242491899,0.2330270170555608,1007601,0.423615,stayed_closed_or_source_summary_examples,robust_candidate_no_low_flow_flag,0,1,1,0.0,2.040456094966882,한강(남한강)
강천보,1007A20,2025,0.0,0.0,0.0,0.0,27,Round_6/log/source_snapshots/datagokr_algae_full_2017_2025_20260630_0951/all_2025_01.xml,all_2025_01.xml#item[134],annual_all_samples,7.0,7.6,13.7,2.0794415416798357,27,Round_6/log/source_snapshots/datagokr_algae_full_2017_2025_20260630_0951/all_2025_01.xml,all_2025_01.xml#item[134],-0.0863942794195626,0.0008210462217789,0.2886471979522078,0.2439322165684617,1007601,0.567365,stayed_closed_or_source_summary_examples,robust_candidate_no_low_flow_flag,0,1,1,0.0,2.0794415416798357,한강(남한강)
공주보,3012A32,2017,1206.5438596491229,0.0,13070.0,7.0963437075578595,57,Round_6/log/source_snapshots/datagokr_algae_full_2017_2025_20260630_0951/all_2017_01.xml,all_2017_01.xml#item[156],annual_all_samples,58.83157894736842,61.8,147.5,4.091533597616451,57,Round_6/log/source_snapshots/datagokr_algae_full_2017_2025_20260630_0951/all_2017_01.xml,all_2017_01.xml#item[156],-0.0129289410018394,0.0020288146353125,0.3688956666457763,0.3710369271692884,3012601,1.7962,documented_opened_examples,contains_near_zero_or_nonpositive_discharge,1,0,0,7.0963437075578595,4.091533597616451,금강
공주보,3012A32,2018,1876.888888888889,0.0,14130.0,7.537903493422009,54,Round_6/log/source_snapshots/datagokr_algae_full_2017_2025_20260630_0951/all_2018_01.xml,all_2018_01.xml#item[149],annual_all_samples,57.257407407407406,21.700000000000003,209.9,4.0648712501533275,54,Round_6/log/source_snapshots/datagokr_algae_full_2017_2025_20260630_0951/all_2018_01.xml,all_2018_01.xml#item[149],0.0301555056058219,0.0033398477263215,0.5399075253991797,0.2701121811610855,3012601,0.459468,documented_opened_examples,robust_candidate_no_low_flow_flag,1,1,0,7.537903493422009,4.0648712501533275,금강
공주보,3012A32,2019,257.0,0.0,4490.0,5.552959584921617,60,Round_6/log/source_snapshots/datagokr_algae_full_2017_2025_20260630_0951/all_2019_01.xml,all_2019_01.xml#item[185],annual_all_samples,68.40833333333333,53.1,265.1,4.240006937153295,60,Round_6/log/source_snapshots/datagokr_algae_full_2017_2025_20260630_0951/all_2019_01.xml,all_2019_01.xml#item[185],0.0713146207342048,0.0275139325159041,0.769796549450396,0.641706222499638,3012601,0.490024,documented_opened_examples,robust_candidate_no_low_flow_flag,1,1,1,5.552959584921617,4.240006937153295,금강
공주보,3012A32,2020,419.4117647058824,0.0,4930.0,6.041234623163763,51,Round_6/log/source_snapshots/datagokr_algae_full_2017_2025_20260630_0951/all_2020_01.xml,all_2020_01.xml#item[178],annual_all_samples,24.380392156862747,12.5,125.4,3.2339769135799017,51,Round_6/log/source_snapshots/datagokr_algae_full_2017_2025_20260630_0951/all_2020_01.xml,all_2020_01.xml#item[178],0.0639311679885431,0.0235250231253664,0.7984886841787963,0.6710349529167553,3012601,0.133039,documented_opened_examples,robust_candidate_no_low_flow_flag,1,1,1,6.041234623163763,3.2339769135799017,금강
공주보,3012A32,2021,331.2,0.0,6390.0,5.8057371971791945,50,Round_6/log/source_snapshots/datagokr_algae_full_2017_2025_20260630_0951/all_2021_01.xml,all_2021_01.xml#item[153],annual_all_samples,46.138000000000005,23.8,164.4,3.853079469794196,50,Round_6/log/source_snapshots/datagokr_algae_full_2017_2025_20260630_0951/all_2021_01.xml,all_2021_01.xml#item[153],0.0646291530667843,0.0179500597761662,0.7259426720194653,0.5386509272270411,3012601,0.298743,documented_opened_examples,robust_candidate_no_low_flow_flag,1,1,1,5.8057371971791945,3.853079469794196,금강
공주보,3012A32,2022,435.4807692307692,0.0,4600.0,6.078744317564042,52,Round_6/log/source_snapshots/datagokr_algae_full_2017_2025_20260630_0951/all_2022_01.xml,all_2022_01.xml#item[153],annual_all_samples,35.646153846153844,17.35,113.0,3.6013084800196085,52,Round_6/log/source_snapshots/datagokr_algae_full_2017_2025_20260630_0951/all_2022_01.xml,all_2022_01.xml#item[153],0.032924766382122,0.0071149142269511,0.5521602939503876,0.340808015393864,3012601,0.375461,documented_opened_examples,robust_candidate_no_low_flow_flag,1,1,1,6.078744317564042,3.6013084800196085,금강
공주보,3012A32,2023,689.4893617021277,0.0,9175.0,6.537400566071905,47,Round_6/log/source_snapshots/datagokr_algae_full_2017_2025_20260630_0951/all_2023_01.xml,all_2023_01.xml#item[153],annual_all_samples,42.4531914893617,22.0,197.9,3.7716843010130536,47,Round_6/log/source_snapshots/datagokr_algae_full_2017_2025_20260630_0951/all_2023_01.xml,all_2023_01.xml#item[153],0.0571714784810556,0.0177023857010662,0.7384441566218918,0.5277702340415161,3012601,0.306231,documented_opened_examples,robust_candidate_no_low_flow_flag,1,1,1,6.537400566071905,3.7716843010130536,금강
공주보,3012A32,2024,585.1,0.0,8720.0,6.373490423482384,50,Round_6/log/source_snapshots/datagokr_algae_full_2017_2025_20260630_0951/all_2024_01.xml,all_2024_01.xml#item[151],annual_all_samples,34.314,21.2,168.0,3.5642794858806064,50,Round_6/log/source_snapshots/datagokr_algae_full_2017_2025_20260630_0951/all_2024_01.xml,all_2024_01.xml#item[151],0.0718678707948114,0.0130425357717096,0.7305165602419545,0.4646001471608866,3012601,0.254768,documented_opened_examples,robust_candidate_no_low_flow_flag,1,1,1,6.373490423482384,3.5642794858806064,금강
공주보,3012A32,2025,319.3061224489796,0.0,5130.0,5.769277171165427,49,Round_6/log/source_snapshots/datagokr_algae_full_2017_2025_20260630_0951/all_2025_01.xml,all_2025_01.xml#item[187],annual_all_samples,38.00612244897959,21.4,127.7,3.6637186196799254,49,Round_6/log/source_snapshots/datagokr_algae_full_2017_2025_20260630_0951/all_2025_01.xml,all_2025_01.xml#item[187],0.0799334513222264,0.0105217616998217,0.7806205228754278,0.5490878379386603,3012601,0.199501,documented_opened_examples,robust_candidate_no_low_flow_flag,1,1,1,5.769277171165427,3.6637186196799254,금강
구미보,2009A30,2017,3535.52,383.5,32518.0,8.170898471768975,50,Round_6/log/source_snapshots/datagokr_algae_full_2017_2025_20260630_0951/all_2017_01.xml,all_2017_01.xml#item[128],annual_all_samples,16.112000000000002,13.1,39.2,2.8397799717801044,50,Round_6/log/source_snapshots/datagokr_algae_full_2017_2025_20260630_0951/all_2017_01.xml,all_2017_01.xml#item[128],0.0230616350643305,-6.5430142640546e-05,0.4429824126581279,0.1761477045908184,2009602,5.73241,comparison_or_unresolved,robust_candidate_no_low_flow_flag,0,0,0,8.170898471768975,2.8397799717801044,낙동강
구미보,2009A30,2018,1387.8863636363635,163.0,11553.0,7.236257527770702,44,Round_6/log/source_snapshots/datagokr_algae_full_2017_2025_20260630_0951/all_2018_03.xml,all_2018_03.xml#item[156],annual_all_samples,19.64090909090909,18.45,66.2,3.0272749847455898,44,Round_6/log/source_snapshots/datagokr_algae_full_2017_2025_20260630_0951/all_2018_03.xml,all_2018_03.xml#item[156],-0.0007886600906005,-0.0069314800735086,0.3694419934964529,0.2477082259322412,2009602,4.21905,comparison_or_unresolved,robust_candidate_no_low_flow_flag,0,1,0,7.236257527770702,3.0272749847455898,낙동강
구미보,2009A30,2019,3218.5576923076924,174.0,41079.0,8.07699926646598,52,Round_6/log/source_snapshots/datagokr_algae_full_2017_2025_20260630_0951/all_2019_01.xml,all_2019_01.xml#item[156],annual_all_samples,17.38076923076923,14.95,53.5,2.9113049675626304,52,Round_6/log/source_snapshots/datagokr_algae_full_2017_2025_20260630_0951/all_2019_01.xml,all_2019_01.xml#item[156],0.0353391155645274,0.010769222197916,0.5656329643903962,0.3633895649173694,2009602,6.0433,comparison_or_unresolved,contains_near_zero_or_nonpositive_discharge,0,1,1,8.07699926646598,2.9113049675626304,낙동강
구미보,2009A30,2020,1839.0833333333333,177.5,46000.0,7.517566139432549,48,Round_6/log/source_snapshots/datagokr_algae_full_2017_2025_20260630_0951/all_2020_01.xml,all_2020_01.xml#item[153],annual_all_samples,18.89375,14.65,59.9,2.990405612048266,48,Round_6/log/source_snapshots/datagokr_algae_full_2017_2025_20260630_0951/all_2020_01.xml,all_2020_01.xml#item[153],0.0317904864211178,0.0050366130572234,0.6314205440284788,0.356082402795682,2009602,2.43703,comparison_or_unresolved,robust_candidate_no_low_flow_flag,0,1,1,7.517566139432549,2.990405612048266,낙동강
구미보,2009A30,2021,1584.6458333333333,139.0,24388.0,7.368747069145172,48,Round_6/log/source_snapshots/datagokr_algae_full_2017_2025_20260630_0951/all_2021_02.xml,all_2021_02.xml#item[129],annual_all_samples,23.2625,19.95,74.9,3.1889319484951284,48,Round_6/log/source_snapshots/datagokr_algae_full_2017_2025_20260630_0951/all_2021_02.xml,all_2021_02.xml#item[129],0.0377855449848363,0.0069062546194726,0.6154783424854176,0.2380841681012211,2009602,4.02441,comparison_or_unresolved,contains_near_zero_or_nonpositive_discharge,0,1,1,7.368747069145172,3.1889319484951284,낙동강
구미보,2009A30,2022,7739.311111111111,959.0,132470.0,8.95419716100996,45,Round_6/log/source_snapshots/datagokr_algae_full_2017_2025_20260630_0951/all_2022_01.xml,all_2022_01.xml#item[129],annual_all_samples,18.62666666666667,13.5,65.2,2.976889185752511,45,Round_6/log/source_snapshots/datagokr_algae_full_2017_2025_20260630_0951/all_2022_01.xml,all_2022_01.xml#item[129],0.0424177736725531,0.017715560171034,0.6046634655633549,0.3903017640216268,2009602,6.07384,comparison_or_unresolved,contains_near_zero_or_nonpositive_discharge,0,1,1,8.95419716100996,2.976889185752511,낙동강
구미보,2009A30,2023,640.0,48.5,5511.0,6.46302945692067,42,Round_6/log/source_snapshots/datagokr_algae_full_2017_2025_20260630_0951/all_2023_02.xml,all_2023_02.xml#item[129],annual_all_samples,14.938095238095238,10.25,99.9,2.768712170493858,42,Round_6/log/source_snapshots/datagokr_algae_full_2017_2025_20260630_0951/all_2023_02.xml,all_2023_02.xml#item[129],7.326899207457607e-05,0.0040064868790748,0.5641054071710209,0.2940316213164446,2009602,2.30689,comparison_or_unresolved,contains_near_zero_or_nonpositive_discharge,0,1,1,6.46302945692067,2.768712170493858,낙동강
구미보,2009A30,2024,3176.125,226.0,32610.0,8.063731978789813,48,Round_6/log/source_snapshots/datagokr_algae_full_2017_2025_20260630_0951/all_2024_01.xml,all_2024_01.xml#item[127],annual_all_samples,26.85625,23.200000000000003,86.1,3.3270573577127287,48,Round_6/log/source_snapshots/datagokr_algae_full_2017_2025_20260630_0951/all_2024_01.xml,all_2024_01.xml#item[127],0.0494040842245394,0.0096789184690369,0.6204358834710513,0.3404629660957351,2009602,3.65501,comparison_or_unresolved,robust_candidate_no_low_flow_flag,0,1,1,8.063731978789813,3.3270573577127287,낙동강
구미보,2009A30,2025,3031.7380952380954,220.5,33852.0,8.017221152241659,42,Round_6/log/source_snapshots/datagokr_algae_full_2017_2025_20260630_0951/all_2025_01.xml,all_2025_01.xml#item[159],annual_all_samples,16.469047619047622,12.2,114.1,2.8604306074365806,42,Round_6/log/source_snapshots/datagokr_algae_full_2017_2025_20260630_0951/all_2025_01.xml,all_2025_01.xml#item[159],0.0226219617662919,0.0203132392778837,0.5446612873938413,0.3768251445870893,2009602,5.5383,comparison_or_unresolved,robust_candidate_no_low_flow_flag,0,1,1,8.017221152241659,2.8604306074365806,낙동강
낙단보,2009A05,2017,2830.0833333333335,174.5,35731.0,7.948414720684792,48,Round_6/log/source_snapshots/datagokr_algae_full_2017_2025_20260630_0951/all_2017_01.xml,all_2017_01.xml#item[126],annual_all_samples,16.833333333333332,16.0,42.0,2.8810693652338513,48,Round_6/log/source_snapshots/datagokr_algae_full_2017_2025_20260630_0951/all_2017_01.xml,all_2017_01.xml#item[126],-0.023232024201326,-0.0161213991977154,0.2269827878796385,0.0720240790678182,2009601,3.73901,comparison_or_unresolved,robust_candidate_no_low_flow_flag,0,0,0,7.948414720684792,2.8810693652338513,낙동강
낙단보,2009A05,2018,4635.260869565217,160.0,89200.0,8.441663473274541,46,Round_6/log/source_snapshots/datagokr_algae_full_2017_2025_20260630_0951/all_2018_03.xml,all_2018_03.xml#item[151],annual_all_samples,17.606521739130436,17.1,45.4,2.923512150398469,46,Round_6/log/source_snapshots/datagokr_algae_full_2017_2025_20260630_0951/all_2018_03.xml,all_2018_03.xml#item[151],-0.0174210734222258,-0.0144745494775372,0.3047583453040491,0.0744686586042724,2009601,2.66331,comparison_or_unresolved,robust_candidate_no_low_flow_flag,0,1,0,8.441663473274541,2.923512150398469,낙동강
낙단보,2009A05,2019,3963.877551020408,101.0,70714.0,8.285230251125595,49,Round_6/log/source_snapshots/datagokr_algae_full_2017_2025_20260630_0951/all_2019_02.xml,all_2019_02.xml#item[121],annual_all_samples,18.663265306122447,17.5,39.0,2.9787521897437945,49,Round_6/log/source_snapshots/datagokr_algae_full_2017_2025_20260630_0951/all_2019_02.xml,all_2019_02.xml#item[121],-0.0001071378728184,-0.0004676041983944,0.4794506929533587,0.2622810361233251,2009601,3.97859,comparison_or_unresolved,contains_near_zero_or_nonpositive_discharge,0,1,1,8.285230251125595,2.9787521897437945,낙동강
낙단보,2009A05,2020,994.8541666666666,58.5,16516.0,6.903600827854918,48,Round_6/log/source_snapshots/datagokr_algae_full_2017_2025_20260630_0951/all_2020_01.xml,all_2020_01.xml#item[149],annual_all_samples,18.477083333333333,14.5,47.8,2.969238560789379,48,Round_6/log/source_snapshots/datagokr_algae_full_2017_2025_20260630_0951/all_2020_01.xml,all_2020_01.xml#item[149],-0.0077747032003654,-0.0122451083501469,0.4433752842462289,0.1758447227307913,2009601,1.95107,comparison_or_unresolved,robust_candidate_no_low_flow_flag,0,1,1,6.903600827854918,2.969238560789379,낙동강
낙단보,2009A05,2021,1726.0681818181818,104.0,38354.0,7.454180557285249,44,Round_6/log/source_snapshots/datagokr_algae_full_2017_2025_20260630_0951/all_2021_02.xml,all_2021_02.xml#item[125],annual_all_samples,26.129545454545458,22.299999999999997,78.0,3.3006233721827316,44,Round_6/log/source_snapshots/datagokr_algae_full_2017_2025_20260630_0951/all_2021_02.xml,all_2021_02.xml#item[125],0.0206162086085832,-0.0039211122258255,0.5956925287534679,0.2202025961715031,2009601,3.23805,comparison_or_unresolved,robust_candidate_no_low_flow_flag,0,1,1,7.454180557285249,3.3006233721827316,낙동강
낙단보,2009A05,2022,5331.659090909091,132.5,61780.0,8.581605284107525,44,Round_6/log/source_snapshots/datagokr_algae_full_2017_2025_20260630_0951/all_2022_02.xml,all_2022_02.xml#item[125],annual_all_samples,20.161363636363635,14.0,59.6,3.052177048976223,44,Round_6/log/source_snapshots/datagokr_algae_full_2017_2025_20260630_0951/all_2022_02.xml,all_2022_02.xml#item[125],0.014434803846855,-0.0037294295031507,0.5723834956948612,0.1499686492010022,2009601,5.11141,comparison_or_unresolved,robust_candidate_no_low_flow_flag,0,1,1,8.581605284107525,3.052177048976223,낙동강
낙단보,2009A05,2023,885.6829268292682,170.0,15702.0,6.787487451468736,41,Round_6/log/source_snapshots/datagokr_algae_full_2017_2025_20260630_0951/all_2023_03.xml,all_2023_03.xml#item[156],annual_all_samples,16.514634146341464,12.2,64.1,2.863036768411964,41,Round_6/log/source_snapshots/datagokr_algae_full_2017_2025_20260630_0951/all_2023_03.xml,all_2023_03.xml#item[156],-0.0040149980590453,-0.0066407183848063,0.5113964994616944,0.1748382615461565,2009601,1.69665,comparison_or_unresolved,robust_candidate_no_low_flow_flag,0,1,1,6.787487451468736,2.863036768411964,낙동강
낙단보,2009A05,2024,4552.155555555555,240.0,72340.0,8.423575800258634,45,Round_6/log/source_snapshots/datagokr_algae_full_2017_2025_20260630_0951/all_2024_01.xml,all_2024_01.xml#item[124],annual_all_samples,25.93777777777778,27.4,48.7,3.293529679746865,45,Round_6/log/source_snapshots/datagokr_algae_full_2017_2025_20260630_0951/all_2024_01.xml,all_2024_01.xml#item[124],0.0269342716906968,-0.004081311727628,0.551265368256076,0.165008336992861,2009601,2.57419,comparison_or_unresolved,robust_candidate_no_low_flow_flag,0,1,1,8.423575800258634,3.293529679746865,낙동강
낙단보,2009A05,2025,7567.476190476191,295.0,92026.0,8.931747030326784,42,Round_6/log/source_snapshots/datagokr_algae_full_2017_2025_20260630_0951/all_2025_02.xml,all_2025_02.xml#item[121],annual_all_samples,20.6,13.55,120.3,3.0726933146901194,42,Round_6/log/source_snapshots/datagokr_algae_full_2017_2025_20260630_0951/all_2025_02.xml,all_2025_02.xml#item[121],-0.0049859891546685,-0.0016122189999757,0.5138623645040525,0.1380550955744697,2009601,4.34698,comparison_or_unresolved,robust_candidate_no_low_flow_flag,0,1,1,8.931747030326784,3.0726933146901194,낙동강
달성보,2014A25,2017,17347.383333333335,1541.5,263805.0,9.761254601398548,60,Round_6/log/source_snapshots/datagokr_algae_full_2017_2025_20260630_0951/all_2017_01.xml,all_2017_01.xml#item[143],annual_all_samples,20.153333333333332,17.8,48.3,3.0517974974869397,60,Round_6/log/source_snapshots/datagokr_algae_full_2017_2025_20260630_0951/all_2017_01.xml,all_2017_01.xml#item[143],-0.0182606075897623,-0.0127282399583679,0.3672295149639427,0.0818352026462844,2014601,4.86945,comparison_or_unresolved,contains_near_zero_or_nonpositive_discharge,0,0,0,9.761254601398548,3.0517974974869397,낙동강
달성보,2014A25,2018,13625.631578947368,250.0,159000.0,9.519781361275683,57,Round_6/log/source_snapshots/datagokr_algae_full_2017_2025_20260630_0951/all_2018_01.xml,all_2018_01.xml#item[137],annual_all_samples,22.712280701754384,19.9,53.2,3.165993087005585,57,Round_6/log/source_snapshots/datagokr_algae_full_2017_2025_20260630_0951/all_2018_01.xml,all_2018_01.xml#item[137],-0.0470076343591226,-0.036930711515515,0.1541930295165994,0.0205471227077532,2014601,3.15117,comparison_or_unresolved,robust_candidate_no_low_flow_flag,0,1,0,9.519781361275683,3.165993087005585,낙동강
달성보,2014A25,2019,12244.39393939394,509.0,94429.0,9.412905140317854,66,Round_6/log/source_snapshots/datagokr_algae_full_2017_2025_20260630_0951/all_2019_01.xml,all_2019_01.xml#item[171],annual_all_samples,21.734848484848484,16.35,150.4,3.1238989228539964,66,Round_6/log/source_snapshots/datagokr_algae_full_2017_2025_20260630_0951/all_2019_01.xml,all_2019_01.xml#item[171],0.0133996500292251,-0.0055352111424064,0.5136196701436441,0.2241815742035789,2014601,3.47368,comparison_or_unresolved,contains_near_zero_or_nonpositive_discharge,0,1,1,9.412905140317854,3.1238989228539964,낙동강
달성보,2014A25,2020,2113.12,499.0,33055.0,7.656393929246769,50,Round_6/log/source_snapshots/datagokr_algae_full_2017_2025_20260630_0951/all_2020_01.xml,all_2020_01.xml#item[165],annual_all_samples,22.368,22.3,54.5,3.15136756508544,50,Round_6/log/source_snapshots/datagokr_algae_full_2017_2025_20260630_0951/all_2020_01.xml,all_2020_01.xml#item[165],0.0241878627230923,-0.001767704085431,0.6657081817266203,0.339975816891284,2014601,1.85296,comparison_or_unresolved,robust_candidate_no_low_flow_flag,0,1,1,7.656393929246769,3.15136756508544,낙동강
달성보,2014A25,2021,3890.2,268.5,74942.0,8.266472872331793,50,Round_6/log/source_snapshots/datagokr_algae_full_2017_2025_20260630_0951/all_2021_01.xml,all_2021_01.xml#item[141],annual_all_samples,24.02,20.1,56.7,3.219675505038765,50,Round_6/log/source_snapshots/datagokr_algae_full_2017_2025_20260630_0951/all_2021_01.xml,all_2021_01.xml#item[141],-0.0007825113977834,-0.0056294011897609,0.4858495616049739,0.1601000478637438,2014601,3.18663,comparison_or_unresolved,robust_candidate_no_low_flow_flag,0,1,1,8.266472872331793,3.219675505038765,낙동강
달성보,2014A25,2022,14195.12,424.0,348349.0,9.560723966816036,50,Round_6/log/source_snapshots/datagokr_algae_full_2017_2025_20260630_0951/all_2022_01.xml,all_2022_01.xml#item[141],annual_all_samples,19.406,16.75,69.6,3.0158289752531133,50,Round_6/log/source_snapshots/datagokr_algae_full_2017_2025_20260630_0951/all_2022_01.xml,all_2022_01.xml#item[141],-0.0016797457289605,0.0009611997184394,0.5251879071063824,0.3054768795783633,2014601,5.24582,comparison_or_unresolved,robust_candidate_no_low_flow_flag,0,1,1,9.560723966816036,3.0158289752531133,낙동강
달성보,2014A25,2023,4271.466666666666,261.0,62952.0,8.35994661312588,45,Round_6/log/source_snapshots/datagokr_algae_full_2017_2025_20260630_0951/all_2023_01.xml,all_2023_01.xml#item[140],annual_all_samples,18.77777777777778,15.3,63.5,2.984558972955866,45,Round_6/log/source_snapshots/datagokr_algae_full_2017_2025_20260630_0951/all_2023_01.xml,all_2023_01.xml#item[140],0.0035849371137363,-0.0132222916588955,0.4880624028381631,0.1729646927520098,2014601,1.73363,comparison_or_unresolved,robust_candidate_no_low_flow_flag,0,1,1,8.35994661312588,2.984558972955866,낙동강
달성보,2014A25,2024,21183.354166666668,259.0,508400.0,9.96101817718963,48,Round_6/log/source_snapshots/datagokr_algae_full_2017_2025_20260630_0951/all_2024_01.xml,all_2024_01.xml#item[139],annual_all_samples,26.633333333333336,21.45,120.1,3.3190227734731397,48,Round_6/log/source_snapshots/datagokr_algae_full_2017_2025_20260630_0951/all_2024_01.xml,all_2024_01.xml#item[139],0.0352799864938475,-0.0077104702295909,0.5802146199980848,0.1999825893607847,2014601,2.53845,comparison_or_unresolved,robust_candidate_no_low_flow_flag,0,1,1,9.96101817718963,3.3190227734731397,낙동강
달성보,2014A25,2025,10651.15909090909,449.0,204281.0,9.273517882131069,44,Round_6/log/source_snapshots/datagokr_algae_full_2017_2025_20260630_0951/all_2025_01.xml,all_2025_01.xml#item[172],annual_all_samples,24.193181818181817,17.5,84.6,3.226573395138105,44,Round_6/log/source_snapshots/datagokr_algae_full_2017_2025_20260630_0951/all_2025_01.xml,all_2025_01.xml#item[172],0.0256781757272771,-0.0015965332772272,0.6053806784117587,0.1793161960056706,2014601,3.43566,comparison_or_unresolved,robust_candidate_no_low_flow_flag,0,1,1,9.273517882131069,3.226573395138105,낙동강
백제보,3012A42,2017,2157.191489361702,0.0,23054.0,7.677025876525371,47,Round_6/log/source_snapshots/datagokr_algae_full_2017_2025_20260630_0951/all_2017_01.xml,all_2017_01.xml#item[158],annual_all_samples,45.67872340425532,41.8,105.3,3.843288459234957,47,Round_6/log/source_snapshots/datagokr_algae_full_2017_2025_20260630_0951/all_2017_01.xml,all_2017_01.xml#item[158],0.0464343653421692,-0.005283742888505,0.7277645831132967,0.1582111736089859,3012602,2.38669,documented_opened_examples,robust_candidate_no_low_flow_flag,1,0,0,7.677025876525371,3.843288459234957,금강
백제보,3012A42,2018,21593.775510204083,0.0,398820.0,9.980206689888306,49,Round_6/log/source_snapshots/datagokr_algae_full_2017_2025_20260630_0951/all_2018_01.xml,all_2018_01.xml#item[152],annual_all_samples,42.046938775510206,32.1,123.0,3.762291119762599,49,Round_6/log/source_snapshots/datagokr_algae_full_2017_2025_20260630_0951/all_2018_01.xml,all_2018_01.xml#item[152],0.1252144119214139,0.0021274549685942,0.7561106406253478,0.1600002768321851,3012602,1.82184,documented_opened_examples,robust_candidate_no_low_flow_flag,1,1,0,9.980206689888306,3.762291119762599,금강
백제보,3012A42,2019,185.7,0.0,3475.0,5.2295030505476765,50,Round_6/log/source_snapshots/datagokr_algae_full_2017_2025_20260630_0951/all_2019_02.xml,all_2019_02.xml#item[153],annual_all_samples,59.738,53.8,177.7,4.10656953184467,50,Round_6/log/source_snapshots/datagokr_algae_full_2017_2025_20260630_0951/all_2019_02.xml,all_2019_02.xml#item[153],0.0886278429431606,0.009993253203855,0.9208190547893016,0.3173042509350721,3012602,2.81608,documented_opened_examples,robust_candidate_no_low_flow_flag,1,1,1,5.2295030505476765,4.10656953184467,금강
백제보,3012A42,2020,731.2,0.0,10140.0,6.596053700686136,50,Round_6/log/source_snapshots/datagokr_algae_full_2017_2025_20260630_0951/all_2020_01.xml,all_2020_01.xml#item[183],annual_all_samples,38.186,22.1,158.8,3.668319540148575,50,Round_6/log/source_snapshots/datagokr_algae_full_2017_2025_20260630_0951/all_2020_01.xml,all_2020_01.xml#item[183],0.0914213604882721,0.0059249184821225,0.8532109792776029,0.3552353871633074,3012602,0.715196,documented_opened_examples,robust_candidate_no_low_flow_flag,1,1,1,6.596053700686136,3.668319540148575,금강
백제보,3012A42,2021,595.3191489361702,0.0,10600.0,6.390776008536762,47,Round_6/log/source_snapshots/datagokr_algae_full_2017_2025_20260630_0951/all_2021_02.xml,all_2021_02.xml#item[157],annual_all_samples,62.43191489361703,44.5,185.1,4.149967124274423,47,Round_6/log/source_snapshots/datagokr_algae_full_2017_2025_20260630_0951/all_2021_02.xml,all_2021_02.xml#item[157],0.1233748724779559,0.0124861157178586,0.8810342002005124,0.3313678506803547,3012602,0.980027,documented_opened_examples,robust_candidate_no_low_flow_flag,1,1,1,6.390776008536762,4.149967124274423,금강
백제보,3012A42,2022,807.8260869565217,0.0,7320.0,6.695583921088838,46,Round_6/log/source_snapshots/datagokr_algae_full_2017_2025_20260630_0951/all_2022_01.xml,all_2022_01.xml#item[158],annual_all_samples,45.56521739130435,30.65,174.0,3.840853854518599,46,Round_6/log/source_snapshots/datagokr_algae_full_2017_2025_20260630_0951/all_2022_01.xml,all_2022_01.xml#item[158],0.077495083175028,0.0025081416760645,0.842747245796112,0.2198912306689101,3012602,1.37276,documented_opened_examples,robust_candidate_no_low_flow_flag,1,1,1,6.695583921088838,3.840853854518599,금강
백제보,3012A42,2023,992.4186046511628,0.0,14280.0,6.901152130755542,43,Round_6/log/source_snapshots/datagokr_algae_full_2017_2025_20260630_0951/all_2023_01.xml,all_2023_01.xml#item[157],annual_all_samples,46.246511627906976,39.2,112.9,3.855378823233527,43,Round_6/log/source_snapshots/datagokr_algae_full_2017_2025_20260630_0951/all_2023_01.xml,all_2023_01.xml#item[157],0.0494764217072393,0.0007540005890331,0.676400853606022,0.1964309937101926,3012602,0.73677,documented_opened_examples,robust_candidate_no_low_flow_flag,1,1,1,6.901152130755542,3.855378823233527,금강
백제보,3012A42,2024,1115.9183673469388,0.0,16590.0,7.018328714345703,49,Round_6/log/source_snapshots/datagokr_algae_full_2017_2025_20260630_0951/all_2024_01.xml,all_2024_01.xml#item[155],annual_all_samples,38.12244897959184,29.2,131.8,3.666696444935018,49,Round_6/log/source_snapshots/datagokr_algae_full_2017_2025_20260630_0951/all_2024_01.xml,all_2024_01.xml#item[155],0.1250755398900039,0.0157813695060606,0.8616920032897155,0.3049457291889437,3012602,1.02414,documented_opened_examples,robust_candidate_no_low_flow_flag,1,1,1,7.018328714345703,3.666696444935018,금강
백제보,3012A42,2025,730.5217391304348,120.0,9990.0,6.595126938583779,46,Round_6/log/source_snapshots/datagokr_algae_full_2017_2025_20260630_0951/all_2025_01.xml,all_2025_01.xml#item[194],annual_all_samples,48.81739130434782,30.75,167.2,3.908364146045328,46,Round_6/log/source_snapshots/datagokr_algae_full_2017_2025_20260630_0951/all_2025_01.xml,all_2025_01.xml#item[194],0.0728043787366367,0.0118378990254485,0.814718845965706,0.3816167486438306,3012602,1.368,documented_opened_examples,robust_candidate_no_low_flow_flag,1,1,1,6.595126938583779,3.908364146045328,금강
상주보,2007A25,2017,1095.4545454545455,121.0,9820.0,6.999837112784872,44,Round_6/log/source_snapshots/datagokr_algae_full_2017_2025_20260630_0951/all_2017_01.xml,all_2017_01.xml#item[121],annual_all_samples,17.229545454545455,16.15,41.5,2.903043654454618,44,Round_6/log/source_snapshots/datagokr_algae_full_2017_2025_20260630_0951/all_2017_01.xml,all_2017_01.xml#item[121],-0.056313408170475,-0.0100262948180766,0.1531882437003552,0.0814140752445848,2007601,3.61375,comparison_or_unresolved,robust_candidate_no_low_flow_flag,0,0,0,6.999837112784872,2.903043654454618,낙동강
상주보,2007A25,2018,5550.7441860465115,80.0,90263.0,8.62186742512484,43,Round_6/log/source_snapshots/datagokr_algae_full_2017_2025_20260630_0951/all_2018_03.xml,all_2018_03.xml#item[146],annual_all_samples,18.653488372093022,16.1,53.6,2.978254847856874,43,Round_6/log/source_snapshots/datagokr_algae_full_2017_2025_20260630_0951/all_2018_03.xml,all_2018_03.xml#item[146],-0.0001186476792232,-0.0098114562259008,0.3792766243060322,0.0886761966991593,2007601,2.9018,comparison_or_unresolved,robust_candidate_no_low_flow_flag,0,1,0,8.62186742512484,2.978254847856874,낙동강
상주보,2007A25,2019,2839.531914893617,38.0,46876.0,7.951746607594551,47,Round_6/log/source_snapshots/datagokr_algae_full_2017_2025_20260630_0951/all_2019_02.xml,all_2019_02.xml#item[117],annual_all_samples,18.57659574468085,19.7,42.5,2.974334758078257,47,Round_6/log/source_snapshots/datagokr_algae_full_2017_2025_20260630_0951/all_2019_02.xml,all_2019_02.xml#item[117],0.0003007335859229,-0.0030258367827845,0.4608566310120955,0.2222601731352789,2007601,4.02286,comparison_or_unresolved,contains_near_zero_or_nonpositive_discharge,0,1,1,7.951746607594551,2.974334758078257,낙동강
상주보,2007A25,2020,365.48936170212767,26.0,4441.0,5.9039694941718,47,Round_6/log/source_snapshots/datagokr_algae_full_2017_2025_20260630_0951/all_2020_01.xml,all_2020_01.xml#item[145],annual_all_samples,13.95744680851064,12.0,48.2,2.705209290100606,47,Round_6/log/source_snapshots/datagokr_algae_full_2017_2025_20260630_0951/all_2020_01.xml,all_2020_01.xml#item[145],-0.0042830471799474,-0.0121848503071176,0.471705414021598,0.1995012790736996,2007601,1.66265,comparison_or_unresolved,contains_near_zero_or_nonpositive_discharge,0,1,1,5.9039694941718,2.705209290100606,낙동강
상주보,2007A25,2021,959.5111111111112,93.0,7920.0,6.867465550190751,45,Round_6/log/source_snapshots/datagokr_algae_full_2017_2025_20260630_0951/all_2021_02.xml,all_2021_02.xml#item[121],annual_all_samples,22.06888888888889,20.4,51.0,3.13848490842888,45,Round_6/log/source_snapshots/datagokr_algae_full_2017_2025_20260630_0951/all_2021_02.xml,all_2021_02.xml#item[121],0.008832022822864,-0.002802755640044,0.491094838962642,0.2278820479761318,2007601,2.84595,comparison_or_unresolved,robust_candidate_no_low_flow_flag,0,1,1,6.867465550190751,3.13848490842888,낙동강
상주보,2007A25,2022,1655.4358974358977,128.0,16959.0,7.412423523397396,39,Round_6/log/source_snapshots/datagokr_algae_full_2017_2025_20260630_0951/all_2022_03.xml,all_2022_03.xml#item[149],annual_all_samples,17.21282051282051,13.7,63.3,2.9021257698741176,39,Round_6/log/source_snapshots/datagokr_algae_full_2017_2025_20260630_0951/all_2022_03.xml,all_2022_03.xml#item[149],-0.0020017645470661,-0.0018556371017045,0.4916361491156635,0.1847614306309304,2007601,4.32164,comparison_or_unresolved,robust_candidate_no_low_flow_flag,0,1,1,7.412423523397396,2.9021257698741176,낙동강
상주보,2007A25,2023,941.390243902439,46.0,16340.0,6.848419460448191,41,Round_6/log/source_snapshots/datagokr_algae_full_2017_2025_20260630_0951/all_2023_03.xml,all_2023_03.xml#item[151],annual_all_samples,17.16829268292683,9.3,89.0,2.899677914477923,41,Round_6/log/source_snapshots/datagokr_algae_full_2017_2025_20260630_0951/all_2023_03.xml,all_2023_03.xml#item[151],-0.0074262319856853,-0.0049208952120341,0.5047926145874337,0.2073084954404986,2007601,1.71982,comparison_or_unresolved,robust_candidate_no_low_flow_flag,0,1,1,6.848419460448191,2.899677914477923,낙동강
상주보,2007A25,2024,956.7659574468086,0.0,14606.0,6.864603444832519,47,Round_6/log/source_snapshots/datagokr_algae_full_2017_2025_20260630_0951/all_2024_01.xml,all_2024_01.xml#item[119],annual_all_samples,18.117021276595743,12.0,67.7,2.950579104513555,47,Round_6/log/source_snapshots/datagokr_algae_full_2017_2025_20260630_0951/all_2024_01.xml,all_2024_01.xml#item[119],0.0125426562941586,-0.0029154664194715,0.477795966252668,0.1709664338464559,2007601,2.76356,comparison_or_unresolved,robust_candidate_no_low_flow_flag,0,1,1,6.864603444832519,2.950579104513555,낙동강
상주보,2007A25,2025,5688.659090909091,103.0,61372.0,8.64640561160124,44,Round_6/log/source_snapshots/datagokr_algae_full_2017_2025_20260630_0951/all_2025_02.xml,all_2025_02.xml#item[117],annual_all_samples,14.590909090909092,14.45,33.6,2.7466879938076243,44,Round_6/log/source_snapshots/datagokr_algae_full_2017_2025_20260630_0951/all_2025_02.xml,all_2025_02.xml#item[117],0.000812198856137,0.0010106381621069,0.5339806230286546,0.1648951674295474,2007601,4.88116,comparison_or_unresolved,robust_candidate_no_low_flow_flag,0,1,1,8.64640561160124,2.7466879938076243,낙동강
세종보,3012A07,2017,436.1296296296296,0.0,6360.0,6.080229786416113,54,Round_6/log/source_snapshots/datagokr_algae_full_2017_2025_20260630_0951/all_2017_01.xml,all_2017_01.xml#item[153],annual_all_samples,43.56851851851851,34.95,129.0,3.797027746974084,54,Round_6/log/source_snapshots/datagokr_algae_full_2017_2025_20260630_0951/all_2017_01.xml,all_2017_01.xml#item[153],0.085476823922767,0.0142922912353347,0.7282608695652174,0.5608695652173913,3010601,0.643281,documented_opened_examples,robust_candidate_no_low_flow_flag,1,0,0,6.080229786416113,3.797027746974084,금강
세종보,3012A07,2018,1457.40350877193,0.0,17185.0,7.2850976292666125,57,Round_6/log/source_snapshots/datagokr_algae_full_2017_2025_20260630_0951/all_2018_01.xml,all_2018_01.xml#item[145],annual_all_samples,35.85087719298246,16.5,160.0,3.606879422774887,57,Round_6/log/source_snapshots/datagokr_algae_full_2017_2025_20260630_0951/all_2018_01.xml,all_2018_01.xml#item[145],0.1625989793108232,0.0290403370140326,0.8619565217391304,0.6543478260869565,3010601,0.127643,documented_opened_examples,robust_candidate_no_low_flow_flag,1,1,0,7.2850976292666125,3.606879422774887,금강
세종보,3012A07,2019,8.214285714285714,0.0,310.0,2.2207550747464135,56,Round_6/log/source_snapshots/datagokr_algae_full_2017_2025_20260630_0951/all_2019_01.xml,all_2019_01.xml#item[181],annual_all_samples,38.60892857142857,26.35,155.6,3.6790545618215944,56,Round_6/log/source_snapshots/datagokr_algae_full_2017_2025_20260630_0951/all_2019_01.xml,all_2019_01.xml#item[181],0.1413221021924045,0.0505455619828756,0.9264612199394804,0.8620361522535434,3010601,0.193909,documented_opened_examples,robust_candidate_no_low_flow_flag,1,1,1,2.2207550747464135,3.6790545618215944,금강
세종보,3012A07,2020,316.37254901960785,0.0,3160.0,5.760076317331322,51,Round_6/log/source_snapshots/datagokr_algae_full_2017_2025_20260630_0951/all_2020_01.xml,all_2020_01.xml#item[173],annual_all_samples,17.750980392156862,10.5,84.8,2.9312460386311714,51,Round_6/log/source_snapshots/datagokr_algae_full_2017_2025_20260630_0951/all_2020_01.xml,all_2020_01.xml#item[173],0.1153014374916791,0.0512732648117161,0.8806295154121245,0.8832995989517735,3010601,0.0739329,documented_opened_examples,robust_candidate_no_low_flow_flag,1,1,1,5.760076317331322,2.9312460386311714,금강
세종보,3012A07,2021,279.6078431372549,0.0,2250.0,5.63695811858655,51,Round_6/log/source_snapshots/datagokr_algae_full_2017_2025_20260630_0951/all_2021_01.xml,all_2021_01.xml#item[149],annual_all_samples,28.050980392156863,17.4,116.9,3.369052231167589,51,Round_6/log/source_snapshots/datagokr_algae_full_2017_2025_20260630_0951/all_2021_01.xml,all_2021_01.xml#item[149],0.1596912873591146,0.0507413185454731,0.8458410188844963,0.7854765041721556,3010601,0.13997,documented_opened_examples,robust_candidate_no_low_flow_flag,1,1,1,5.63695811858655,3.369052231167589,금강
세종보,3012A07,2022,415.1923076923077,0.0,5000.0,6.031147431550167,52,Round_6/log/source_snapshots/datagokr_algae_full_2017_2025_20260630_0951/all_2022_01.xml,all_2022_01.xml#item[149],annual_all_samples,24.298076923076923,20.7,57.3,3.23072838189892,52,Round_6/log/source_snapshots/datagokr_algae_full_2017_2025_20260630_0951/all_2022_01.xml,all_2022_01.xml#item[149],0.1178495818270557,0.0351857169695575,0.7836956521739129,0.6271739130434785,3010601,0.138053,documented_opened_examples,robust_candidate_no_low_flow_flag,1,1,1,6.031147431550167,3.23072838189892,금강
세종보,3012A07,2023,485.3191489361702,0.0,9150.0,6.186865093431061,47,Round_6/log/source_snapshots/datagokr_algae_full_2017_2025_20260630_0951/all_2023_01.xml,all_2023_01.xml#item[149],annual_all_samples,27.87872340425532,19.4,85.7,3.3631051095938607,47,Round_6/log/source_snapshots/datagokr_algae_full_2017_2025_20260630_0951/all_2023_01.xml,all_2023_01.xml#item[149],0.1021362837327776,0.0443020617667356,0.803804347826087,0.7581521739130435,3010601,0.0946669,documented_opened_examples,robust_candidate_no_low_flow_flag,1,1,1,6.186865093431061,3.3631051095938607,금강
세종보,3012A07,2024,410.0,0.0,4420.0,6.018593214496234,51,Round_6/log/source_snapshots/datagokr_algae_full_2017_2025_20260630_0951/all_2024_01.xml,all_2024_01.xml#item[147],annual_all_samples,27.04901960784314,17.3,105.9,3.3339536797658393,51,Round_6/log/source_snapshots/datagokr_algae_full_2017_2025_20260630_0951/all_2024_01.xml,all_2024_01.xml#item[147],0.1095353726959713,0.0472374773790354,0.7466183574879217,0.7021739130434786,3010601,0.0968494,documented_opened_examples,robust_candidate_no_low_flow_flag,1,1,1,6.018593214496234,3.3339536797658393,금강
세종보,3012A07,2025,340.53061224489795,140.0,2620.0,5.8334373155348,49,Round_6/log/source_snapshots/datagokr_algae_full_2017_2025_20260630_0951/all_2025_01.xml,all_2025_01.xml#item[182],annual_all_samples,27.76938775510204,16.8,102.8,3.359311896666253,49,Round_6/log/source_snapshots/datagokr_algae_full_2017_2025_20260630_0951/all_2025_01.xml,all_2025_01.xml#item[182],0.1165786131823622,0.0494539061969393,0.7859213250517602,0.6910973084886125,3010601,0.12354,documented_opened_examples,robust_candidate_no_low_flow_flag,1,1,1,5.8334373155348,3.359311896666253,금강
승촌보,5004A10,2017,1431.875,0.0,13840.0,7.267438194435174,56,Round_6/log/source_snapshots/datagokr_algae_full_2017_2025_20260630_0951/all_2017_01.xml,all_2017_01.xml#item[160],annual_all_samples,45.7625,40.65,177.9,3.845081599674264,56,Round_6/log/source_snapshots/datagokr_algae_full_2017_2025_20260630_0951/all_2017_01.xml,all_2017_01.xml#item[160],0.1609374677032039,0.0041252356997187,0.8344235364738788,0.2925700460291013,5004601,4.4117,documented_opened_examples,contains_near_zero_or_nonpositive_discharge,1,0,0,7.267438194435174,3.845081599674264,영산강
승촌보,5004A10,2018,128.82142857142858,0.0,1153.0,4.8661598797924155,56,Round_6/log/source_snapshots/datagokr_algae_full_2017_2025_20260630_0951/all_2018_01.xml,all_2018_01.xml#item[153],annual_all_samples,58.38909090909091,50.5,174.7,4.084110554772895,55,Round_6/log/source_snapshots/datagokr_algae_full_2017_2025_20260630_0951/all_2018_01.xml,all_2018_01.xml#item[153],0.0863414882415224,0.0064202238025545,0.7304922372190432,0.4083026510838257,5004601,1.67989,documented_opened_examples,contains_near_zero_or_nonpositive_discharge,1,1,0,4.8661598797924155,4.084110554772895,영산강
승촌보,5004A10,2019,179.21428571428572,0.0,4025.0,5.194146619025799,56,Round_6/log/source_snapshots/datagokr_algae_full_2017_2025_20260630_0951/all_2019_01.xml,all_2019_01.xml#item[189],annual_all_samples,57.18035714285714,60.900000000000006,148.2,4.063547791632902,56,Round_6/log/source_snapshots/datagokr_algae_full_2017_2025_20260630_0951/all_2019_01.xml,all_2019_01.xml#item[189],0.0632468577995502,0.0140395907637538,0.7151884326175362,0.4673261659227542,5004601,2.88546,documented_opened_examples,contains_near_zero_or_nonpositive_discharge,1,1,1,5.194146619025799,4.063547791632902,영산강
승촌보,5004A10,2020,27.37254901960784,0.0,332.0,3.345422093907158,51,Round_6/log/source_snapshots/datagokr_algae_full_2017_2025_20260630_0951/all_2020_01.xml,all_2020_01.xml#item[188],annual_all_samples,57.6078431372549,47.6,214.7,4.070868529559612,51,Round_6/log/source_snapshots/datagokr_algae_full_2017_2025_20260630_0951/all_2020_01.xml,all_2020_01.xml#item[188],0.0615516448976362,0.0159590500777449,0.728077987284381,0.5808357996501681,5004601,1.20277,documented_opened_examples,contains_near_zero_or_nonpositive_discharge,1,1,1,3.345422093907158,4.070868529559612,영산강
승촌보,5004A10,2021,156.02,0.0,2018.0,5.056373185770109,50,Round_6/log/source_snapshots/datagokr_algae_full_2017_2025_20260630_0951/all_2021_01.xml,all_2021_01.xml#item[161],annual_all_samples,76.096,64.65,234.1,4.3450513985489865,50,Round_6/log/source_snapshots/datagokr_algae_full_2017_2025_20260630_0951/all_2021_01.xml,all_2021_01.xml#item[161],0.1071555078104805,0.0185481161285997,0.8169992816906122,0.5266981581388339,5004601,2.6464,documented_opened_examples,robust_candidate_no_low_flow_flag,1,1,1,5.056373185770109,4.3450513985489865,영산강
승촌보,5004A10,2022,239.9795918367347,0.0,2650.0,5.484712248729627,49,Round_6/log/source_snapshots/datagokr_algae_full_2017_2025_20260630_0951/all_2022_01.xml,all_2022_01.xml#item[161],annual_all_samples,59.608163265306125,49.5,161.3,4.104429591351335,49,Round_6/log/source_snapshots/datagokr_algae_full_2017_2025_20260630_0951/all_2022_01.xml,all_2022_01.xml#item[161],0.1705931697220647,0.0231899273839646,0.8930640823424507,0.5854493966269764,5004601,4.93137,documented_opened_examples,contains_near_zero_or_nonpositive_discharge,1,1,1,5.484712248729627,4.104429591351335,영산강
승촌보,5004A10,2023,370.8863636363636,0.0,10765.0,5.918588333510634,44,Round_6/log/source_snapshots/datagokr_algae_full_2017_2025_20260630_0951/all_2023_01.xml,all_2023_01.xml#item[161],annual_all_samples,37.58636363636363,37.8,97.0,3.6528989403856063,44,Round_6/log/source_snapshots/datagokr_algae_full_2017_2025_20260630_0951/all_2023_01.xml,all_2023_01.xml#item[161],0.1316236978152728,0.0352958000363196,0.8880250254126142,0.6445685735866097,5004601,1.33429,documented_opened_examples,robust_candidate_no_low_flow_flag,1,1,1,5.918588333510634,3.6528989403856063,영산강
승촌보,5004A10,2024,305.7450980392157,0.0,10778.0,5.726017103151079,51,Round_6/log/source_snapshots/datagokr_algae_full_2017_2025_20260630_0951/all_2024_01.xml,all_2024_01.xml#item[159],annual_all_samples,28.34117647058824,20.5,79.3,3.3789918697496653,51,Round_6/log/source_snapshots/datagokr_algae_full_2017_2025_20260630_0951/all_2024_01.xml,all_2024_01.xml#item[159],0.1504670401360503,0.035128532325784,0.8407007246469347,0.5964328299036127,5004601,2.35029,documented_opened_examples,contains_near_zero_or_nonpositive_discharge,1,1,1,5.726017103151079,3.3789918697496653,영산강
승촌보,5004A10,2025,435.1428571428572,0.0,4861.0,6.077969843679565,49,Round_6/log/source_snapshots/datagokr_algae_full_2017_2025_20260630_0951/all_2025_01.xml,all_2025_01.xml#item[197],annual_all_samples,38.07142857142857,36.4,110.2,3.6653914728067223,49,Round_6/log/source_snapshots/datagokr_algae_full_2017_2025_20260630_0951/all_2025_01.xml,all_2025_01.xml#item[197],0.1147245412410312,0.0227749579367929,0.7725454631757334,0.5522574533589918,5004601,1.4027,documented_opened_examples,contains_near_zero_or_nonpositive_discharge,1,1,1,6.077969843679565,3.6653914728067223,영산강
여주보,1007A27,2017,0.0,0.0,0.0,0.0,43,Round_6/log/source_snapshots/datagokr_algae_full_2017_2025_20260630_0951/all_2017_01.xml,all_2017_01.xml#item[111],annual_all_samples,8.37906976744186,6.2,27.8,2.23848058618576,43,Round_6/log/source_snapshots/datagokr_algae_full_2017_2025_20260630_0951/all_2017_01.xml,all_2017_01.xml#item[111],-0.0629434639197673,-0.0073813739917699,0.1929269644431381,0.0997347698700985,1007602,0.687588,stayed_closed_or_source_summary_examples,robust_candidate_no_low_flow_flag,0,0,0,0.0,2.23848058618576,한강(남한강)
여주보,1007A27,2018,17.02127659574468,0.0,366.0,2.891553092941996,47,Round_6/log/source_snapshots/datagokr_algae_full_2017_2025_20260630_0951/all_2018_01.xml,all_2018_01.xml#item[109],annual_all_samples,12.810416666666669,7.65,51.2,2.625423138339455,48,Round_6/log/source_snapshots/datagokr_algae_full_2017_2025_20260630_0951/all_2018_01.xml,all_2018_01.xml#item[109],-0.0270410613332646,-0.0099798862065628,0.3554238065086014,0.1167619996576826,1007602,0.592571,stayed_closed_or_source_summary_examples,robust_candidate_no_low_flow_flag,0,1,0,2.891553092941996,2.625423138339455,한강(남한강)
여주보,1007A27,2019,30.137254901960784,0.0,940.0,3.4384050090827554,51,Round_6/log/source_snapshots/datagokr_algae_full_2017_2025_20260630_0951/all_2019_01.xml,all_2019_01.xml#item[136],annual_all_samples,11.250980392156862,4.8,40.3,2.5056059658011502,51,Round_6/log/source_snapshots/datagokr_algae_full_2017_2025_20260630_0951/all_2019_01.xml,all_2019_01.xml#item[136],-0.0141090255704014,0.0010385059371504,0.3300034942093294,0.1607932721211018,1007602,1.09355,stayed_closed_or_source_summary_examples,robust_candidate_no_low_flow_flag,0,1,1,3.4384050090827554,2.5056059658011502,한강(남한강)
여주보,1007A27,2020,0.0,0.0,0.0,0.0,41,Round_6/log/source_snapshots/datagokr_algae_full_2017_2025_20260630_0951/all_2020_01.xml,all_2020_01.xml#item[135],annual_all_samples,6.778048780487804,5.8,19.0,2.051305507311704,41,Round_6/log/source_snapshots/datagokr_algae_full_2017_2025_20260630_0951/all_2020_01.xml,all_2020_01.xml#item[135],-0.0082002462845828,0.002885139101598,0.364317332467115,0.2243092381592198,1007602,0.386433,stayed_closed_or_source_summary_examples,robust_candidate_no_low_flow_flag,0,1,1,0.0,2.051305507311704,한강(남한강)
여주보,1007A27,2021,0.5405405405405406,0.0,20.0,0.4321333551903257,37,Round_6/log/source_snapshots/datagokr_algae_full_2017_2025_20260630_0951/all_2021_01.xml,all_2021_01.xml#item[113],annual_all_samples,10.332432432432432,5.9,36.3,2.4276687415324925,37,Round_6/log/source_snapshots/datagokr_algae_full_2017_2025_20260630_0951/all_2021_01.xml,all_2021_01.xml#item[113],-0.0025355430323887,0.0049034540216835,0.4258528305033039,0.2658145101727859,1007602,0.773837,stayed_closed_or_source_summary_examples,robust_candidate_no_low_flow_flag,0,1,1,0.4321333551903257,2.4276687415324925,한강(남한강)
여주보,1007A27,2022,0.0,0.0,0.0,0.0,33,Round_6/log/source_snapshots/datagokr_algae_full_2017_2025_20260630_0951/all_2022_02.xml,all_2022_02.xml#item[114],annual_all_samples,6.981818181818182,4.3,22.3,2.0771662278427003,33,Round_6/log/source_snapshots/datagokr_algae_full_2017_2025_20260630_0951/all_2022_02.xml,all_2022_02.xml#item[114],-0.0096336784009964,0.0059116032493743,0.4113097262721553,0.21651530664259,1007602,0.492676,stayed_closed_or_source_summary_examples,robust_candidate_no_low_flow_flag,0,1,1,0.0,2.0771662278427003,한강(남한강)
여주보,1007A27,2023,0.0,0.0,0.0,0.0,26,Round_6/log/source_snapshots/datagokr_algae_full_2017_2025_20260630_0951/all_2023_03.xml,all_2023_03.xml#item[141],annual_all_samples,12.323076923076922,12.05,28.8,2.589497638666798,26,Round_6/log/source_snapshots/datagokr_algae_full_2017_2025_20260630_0951/all_2023_03.xml,all_2023_03.xml#item[141],-0.0063053876103964,-0.0059691550890861,0.3766634689818754,0.1661567429097469,1007602,0.448037,stayed_closed_or_source_summary_examples,robust_candidate_no_low_flow_flag,0,1,1,0.0,2.589497638666798,한강(남한강)
여주보,1007A27,2024,0.0,0.0,0.0,0.0,31,Round_6/log/source_snapshots/datagokr_algae_full_2017_2025_20260630_0951/all_2024_01.xml,all_2024_01.xml#item[111],annual_all_samples,6.096774193548387,2.9,28.6,1.9596403418672153,31,Round_6/log/source_snapshots/datagokr_algae_full_2017_2025_20260630_0951/all_2024_01.xml,all_2024_01.xml#item[111],0.0067461200977917,0.005006309713725,0.5308374169309278,0.2210957123352077,1007602,0.503294,stayed_closed_or_source_summary_examples,robust_candidate_no_low_flow_flag,0,1,1,0.0,1.9596403418672153,한강(남한강)
여주보,1007A27,2025,0.0,0.0,0.0,0.0,22,Round_6/log/source_snapshots/datagokr_algae_full_2017_2025_20260630_0951/all_2025_03.xml,all_2025_03.xml#item[111],annual_all_samples,9.527272727272727,8.45,29.5,2.3539692923405244,22,Round_6/log/source_snapshots/datagokr_algae_full_2017_2025_20260630_0951/all_2025_03.xml,all_2025_03.xml#item[111],-0.0109355552693448,0.0034798267033222,0.4046246699859174,0.2480030800746049,1007602,0.690838,stayed_closed_or_source_summary_examples,robust_candidate_no_low_flow_flag,0,1,1,0.0,2.3539692923405244,한강(남한강)
이포보,1007A60,2017,0.0,0.0,0.0,0.0,44,Round_6/log/source_snapshots/datagokr_algae_full_2017_2025_20260630_0951/all_2017_01.xml,all_2017_01.xml#item[115],annual_all_samples,11.345454545454546,11.45,42.8,2.513287942326225,44,Round_6/log/source_snapshots/datagokr_algae_full_2017_2025_20260630_0951/all_2017_01.xml,all_2017_01.xml#item[115],-0.0669186834312081,-0.0087919669556185,0.1494000477918612,0.0902138832410861,1007603,0.786497,comparison_or_unresolved,robust_candidate_no_low_flow_flag,0,0,0,0.0,2.513287942326225,한강(남한강)
이포보,1007A60,2018,42.82978723404256,0.0,823.0,3.780313660073568,47,Round_6/log/source_snapshots/datagokr_algae_full_2017_2025_20260630_0951/all_2018_01.xml,all_2018_01.xml#item[113],annual_all_samples,16.114583333333332,11.1,58.9,2.8399309265694317,48,Round_6/log/source_snapshots/datagokr_algae_full_2017_2025_20260630_0951/all_2018_01.xml,all_2018_01.xml#item[113],0.0003780151429466,-0.0132003225150215,0.4202398027890905,0.098721107894327,1007603,0.651081,comparison_or_unresolved,robust_candidate_no_low_flow_flag,0,1,0,3.780313660073568,2.8399309265694317,한강(남한강)
이포보,1007A60,2019,14.117647058823527,0.0,460.0,2.7158627408390035,51,Round_6/log/source_snapshots/datagokr_algae_full_2017_2025_20260630_0951/all_2019_01.xml,all_2019_01.xml#item[141],annual_all_samples,12.764705882352942,7.4,36.1,2.6221077713014855,51,Round_6/log/source_snapshots/datagokr_algae_full_2017_2025_20260630_0951/all_2019_01.xml,all_2019_01.xml#item[141],-0.0243805528784824,0.0010165587344986,0.3371925087143816,0.1480609447673576,1007603,1.22234,comparison_or_unresolved,robust_candidate_no_low_flow_flag,0,1,1,2.7158627408390035,2.6221077713014855,한강(남한강)
이포보,1007A60,2020,11.46341463414634,0.0,410.0,2.5227975234993965,41,Round_6/log/source_snapshots/datagokr_algae_full_2017_2025_20260630_0951/all_2020_01.xml,all_2020_01.xml#item[141],annual_all_samples,7.639024390243902,6.0,21.2,2.1562896586444253,41,Round_6/log/source_snapshots/datagokr_algae_full_2017_2025_20260630_0951/all_2020_01.xml,all_2020_01.xml#item[141],-0.0381959019705207,0.0035321568864858,0.2766871426897004,0.2422160579734005,1007603,0.455252,comparison_or_unresolved,robust_candidate_no_low_flow_flag,0,1,1,2.5227975234993965,2.1562896586444253,한강(남한강)
이포보,1007A60,2021,0.0,0.0,0.0,0.0,36,Round_6/log/source_snapshots/datagokr_algae_full_2017_2025_20260630_0951/all_2021_01.xml,all_2021_01.xml#item[119],annual_all_samples,12.51388888888889,4.9,47.6,2.6037179631699496,36,Round_6/log/source_snapshots/datagokr_algae_full_2017_2025_20260630_0951/all_2021_01.xml,all_2021_01.xml#item[119],-0.0247783191501521,0.0016707274171401,0.3722648639345347,0.2351955344416624,1007603,0.926131,comparison_or_unresolved,robust_candidate_no_low_flow_flag,0,1,1,0.0,2.6037179631699496,한강(남한강)
이포보,1007A60,2022,0.0,0.0,0.0,0.0,33,Round_6/log/source_snapshots/datagokr_algae_full_2017_2025_20260630_0951/all_2022_02.xml,all_2022_02.xml#item[118],annual_all_samples,7.715151515151515,4.6,24.3,2.165063064380411,33,Round_6/log/source_snapshots/datagokr_algae_full_2017_2025_20260630_0951/all_2022_02.xml,all_2022_02.xml#item[118],-0.0423641635172,0.0103150407240116,0.3263602572959955,0.2650828320206787,1007603,0.555803,comparison_or_unresolved,robust_candidate_no_low_flow_flag,0,1,1,0.0,2.165063064380411,한강(남한강)
이포보,1007A60,2023,0.0,0.0,0.0,0.0,27,Round_6/log/source_snapshots/datagokr_algae_full_2017_2025_20260630_0951/all_2023_02.xml,all_2023_02.xml#item[118],annual_all_samples,19.81111111111111,20.5,58.8,3.035487032113823,27,Round_6/log/source_snapshots/datagokr_algae_full_2017_2025_20260630_0951/all_2023_02.xml,all_2023_02.xml#item[118],-0.0076267742476715,-0.0087117291563105,0.3761991684149899,0.1786492014742236,1007603,0.525841,comparison_or_unresolved,robust_candidate_no_low_flow_flag,0,1,1,0.0,3.035487032113823,한강(남한강)
이포보,1007A60,2024,0.0,0.0,0.0,0.0,32,Round_6/log/source_snapshots/datagokr_algae_full_2017_2025_20260630_0951/all_2024_01.xml,all_2024_01.xml#item[115],annual_all_samples,10.25625,4.55,46.3,2.420923529942129,32,Round_6/log/source_snapshots/datagokr_algae_full_2017_2025_20260630_0951/all_2024_01.xml,all_2024_01.xml#item[115],0.0049169739281583,0.0039632517283535,0.5472473405838773,0.2048878009548342,1007603,0.59458,comparison_or_unresolved,robust_candidate_no_low_flow_flag,0,1,1,0.0,2.420923529942129,한강(남한강)
이포보,1007A60,2025,0.0,0.0,0.0,0.0,21,Round_6/log/source_snapshots/datagokr_algae_full_2017_2025_20260630_0951/all_2025_03.xml,all_2025_03.xml#item[115],annual_all_samples,18.876190476190477,17.2,43.3,2.9895225569196775,21,Round_6/log/source_snapshots/datagokr_algae_full_2017_2025_20260630_0951/all_2025_03.xml,all_2025_03.xml#item[115],-0.0195049735671819,0.0022869974382043,0.3811783745953757,0.2253607034353614,1007603,0.772848,comparison_or_unresolved,robust_candidate_no_low_flow_flag,0,1,1,0.0,2.9895225569196775,한강(남한강)
죽산보,5004A35,2017,14189.09090909091,0.0,357600.0,9.560299176693883,66,Round_6/log/source_snapshots/datagokr_algae_full_2017_2025_20260630_0951/all_2017_01.xml,all_2017_01.xml#item[164],annual_all_samples,43.86666666666667,29.5,146.1,3.803695128542518,66,Round_6/log/source_snapshots/datagokr_algae_full_2017_2025_20260630_0951/all_2017_01.xml,all_2017_01.xml#item[164],0.1133068358305992,-0.0064548732411043,0.8967149108431519,0.099100381238248,5004602,7.70832,documented_opened_examples,robust_candidate_no_low_flow_flag,1,0,0,9.560299176693883,3.803695128542518,영산강
죽산보,5004A35,2018,15643.64406779661,0.0,259700.0,9.65788390530386,59,Round_6/log/source_snapshots/datagokr_algae_full_2017_2025_20260630_0951/all_2018_01.xml,all_2018_01.xml#item[157],annual_all_samples,56.1948275862069,48.7,174.2,4.046463467482437,58,Round_6/log/source_snapshots/datagokr_algae_full_2017_2025_20260630_0951/all_2018_01.xml,all_2018_01.xml#item[157],,,,,5004602,2.78489,documented_opened_examples,contains_near_zero_or_nonpositive_discharge,1,1,0,9.65788390530386,4.046463467482437,영산강
죽산보,5004A35,2019,119.14285714285714,0.0,2280.0,4.788681510917635,56,Round_6/log/source_snapshots/datagokr_algae_full_2017_2025_20260630_0951/all_2019_01.xml,all_2019_01.xml#item[194],annual_all_samples,60.941071428571426,52.0,205.0,4.1261834722412924,56,Round_6/log/source_snapshots/datagokr_algae_full_2017_2025_20260630_0951/all_2019_01.xml,all_2019_01.xml#item[194],0.1629385432797343,0.0346116793802675,0.8968439309515986,0.5661945889524417,5004602,3.60632,documented_opened_examples,contains_near_zero_or_nonpositive_discharge,1,1,1,4.788681510917635,4.1261834722412924,영산강
죽산보,5004A35,2020,267.44444444444446,0.0,3842.0,5.592643981718486,54,Round_6/log/source_snapshots/datagokr_algae_full_2017_2025_20260630_0951/all_2020_01.xml,all_2020_01.xml#item[192],annual_all_samples,64.12222222222222,50.5,238.5,4.176265846146164,54,Round_6/log/source_snapshots/datagokr_algae_full_2017_2025_20260630_0951/all_2020_01.xml,all_2020_01.xml#item[192],0.1541450373098748,0.0465235775188392,0.8924733170191954,0.6194939440812225,5004602,1.76758,documented_opened_examples,contains_near_zero_or_nonpositive_discharge,1,1,1,5.592643981718486,4.176265846146164,영산강
죽산보,5004A35,2021,1702.4897959183672,0.0,33791.0,7.440434247014614,49,Round_6/log/source_snapshots/datagokr_algae_full_2017_2025_20260630_0951/all_2021_01.xml,all_2021_01.xml#item[165],annual_all_samples,71.2795918367347,65.5,174.3,4.280541818734297,49,Round_6/log/source_snapshots/datagokr_algae_full_2017_2025_20260630_0951/all_2021_01.xml,all_2021_01.xml#item[165],0.2136740441622915,0.0477463005588275,0.9785951556493788,0.5929177039932361,5004602,3.97403,documented_opened_examples,robust_candidate_no_low_flow_flag,1,1,1,7.440434247014614,4.280541818734297,영산강
죽산보,5004A35,2022,2570.9795918367345,275.0,24650.0,7.85243115058137,49,Round_6/log/source_snapshots/datagokr_algae_full_2017_2025_20260630_0951/all_2022_01.xml,all_2022_01.xml#item[165],annual_all_samples,41.91836734693877,38.1,108.5,3.759299877592073,49,Round_6/log/source_snapshots/datagokr_algae_full_2017_2025_20260630_0951/all_2022_01.xml,all_2022_01.xml#item[165],0.2108791880246822,0.0291882847815806,0.9576785293288956,0.4821430158334368,5004602,7.69144,documented_opened_examples,robust_candidate_no_low_flow_flag,1,1,1,7.85243115058137,3.759299877592073,영산강
죽산보,5004A35,2023,1671.5333333333333,0.0,17810.0,7.422094722047924,45,Round_6/log/source_snapshots/datagokr_algae_full_2017_2025_20260630_0951/all_2023_01.xml,all_2023_01.xml#item[165],annual_all_samples,28.555555555555557,19.8,123.2,3.3862717314454795,45,Round_6/log/source_snapshots/datagokr_algae_full_2017_2025_20260630_0951/all_2023_01.xml,all_2023_01.xml#item[165],0.2028558144379291,0.0490299530884475,0.9309408189434584,0.6106572047128639,5004602,1.90442,documented_opened_examples,mean_daily_tau_sensitive_to_low_flow,1,1,1,7.422094722047924,3.3862717314454795,영산강
죽산보,5004A35,2024,3920.9607843137255,0.0,77808.0,8.274347007806181,51,Round_6/log/source_snapshots/datagokr_algae_full_2017_2025_20260630_0951/all_2024_01.xml,all_2024_01.xml#item[163],annual_all_samples,34.67254901960784,27.1,88.3,3.574381457978432,51,Round_6/log/source_snapshots/datagokr_algae_full_2017_2025_20260630_0951/all_2024_01.xml,all_2024_01.xml#item[163],0.2505494579007654,0.0951728736810434,0.980009724156595,0.6322132965640709,5004602,3.32552,documented_opened_examples,contains_near_zero_or_nonpositive_discharge,1,1,1,8.274347007806181,3.574381457978432,영산강
죽산보,5004A35,2025,2130.1020408163267,0.0,38700.0,7.664394514958,49,Round_6/log/source_snapshots/datagokr_algae_full_2017_2025_20260630_0951/all_2025_01.xml,all_2025_01.xml#item[202],annual_all_samples,52.28367346938776,46.2,143.2,3.975629970352951,49,Round_6/log/source_snapshots/datagokr_algae_full_2017_2025_20260630_0951/all_2025_01.xml,all_2025_01.xml#item[202],0.2296669934290879,0.0729068281640274,0.9222991951476148,0.6444844934468712,5004602,2.24905,documented_opened_examples,robust_candidate_no_low_flow_flag,1,1,1,7.664394514958,3.975629970352951,영산강
창녕함안보,2020A32,2017,24739.98113207547,3271.0,324367.0,10.116216302883474,53,Round_6/log/source_snapshots/datagokr_algae_full_2017_2025_20260630_0951/all_2017_01.xml,all_2017_01.xml#item[45],annual_all_samples,24.156603773584905,21.4,58.9,3.225120437569291,53,Round_6/log/source_snapshots/datagokr_algae_full_2017_2025_20260630_0951/all_2017_01.xml,all_2017_01.xml#item[45],,,,,2017601,5.52492,comparison_or_unresolved,robust_candidate_no_low_flow_flag,0,0,0,10.116216302883474,3.225120437569291,낙동강
창녕함안보,2020A32,2018,34960.510204081635,836.0,715993.0,10.462003026893717,49,Round_6/log/source_snapshots/datagokr_algae_full_2017_2025_20260630_0951/all_2018_01.xml,all_2018_01.xml#item[45],annual_all_samples,31.991836734693877,29.8,97.9,3.496260159189118,49,Round_6/log/source_snapshots/datagokr_algae_full_2017_2025_20260630_0951/all_2018_01.xml,all_2018_01.xml#item[45],-0.007710162444305,-0.0317863431049017,0.3299235529831009,0.125878356119439,2017601,3.20671,comparison_or_unresolved,robust_candidate_no_low_flow_flag,0,1,0,10.462003026893717,3.496260159189118,낙동강
창녕함안보,2020A32,2019,18873.980392156864,455.0,223562.0,9.84559253529056,51,Round_6/log/source_snapshots/datagokr_algae_full_2017_2025_20260630_0951/all_2019_01.xml,all_2019_01.xml#item[56],annual_all_samples,23.384313725490195,20.3,51.1,3.193940045460273,51,Round_6/log/source_snapshots/datagokr_algae_full_2017_2025_20260630_0951/all_2019_01.xml,all_2019_01.xml#item[56],0.0777499200994676,0.0193370475268733,0.6270104471794785,0.4013140651346887,2017601,4.04752,comparison_or_unresolved,robust_candidate_no_low_flow_flag,0,1,1,9.84559253529056,3.193940045460273,낙동강
창녕함안보,2020A32,2020,3719.6875,1239.0,47793.0,8.221663742019548,48,Round_6/log/source_snapshots/datagokr_algae_full_2017_2025_20260630_0951/all_2020_01.xml,all_2020_01.xml#item[56],annual_all_samples,22.520833333333332,17.25,83.8,3.157886553241771,48,Round_6/log/source_snapshots/datagokr_algae_full_2017_2025_20260630_0951/all_2020_01.xml,all_2020_01.xml#item[56],0.1133560078766175,0.0133017562449351,0.7606555556340988,0.2987041984500743,2017601,2.03598,comparison_or_unresolved,robust_candidate_no_low_flow_flag,0,1,1,8.221663742019548,3.157886553241771,낙동강
창녕함안보,2020A32,2021,4265.469387755102,812.0,43366.0,8.358541922925726,49,Round_6/log/source_snapshots/datagokr_algae_full_2017_2025_20260630_0951/all_2021_01.xml,all_2021_01.xml#item[49],annual_all_samples,26.093877551020405,25.4,50.6,3.299307781735193,49,Round_6/log/source_snapshots/datagokr_algae_full_2017_2025_20260630_0951/all_2021_01.xml,all_2021_01.xml#item[49],0.1237866578736041,0.0242903897346239,0.694085659573498,0.4241026870352689,2017601,3.17242,comparison_or_unresolved,robust_candidate_no_low_flow_flag,0,1,1,8.358541922925726,3.299307781735193,낙동강
창녕함안보,2020A32,2022,15806.244897959185,1472.0,151711.0,9.668223651764224,49,Round_6/log/source_snapshots/datagokr_algae_full_2017_2025_20260630_0951/all_2022_01.xml,all_2022_01.xml#item[49],annual_all_samples,23.406122448979595,15.9,81.7,3.1948340208641355,49,Round_6/log/source_snapshots/datagokr_algae_full_2017_2025_20260630_0951/all_2022_01.xml,all_2022_01.xml#item[49],0.1313460796525273,0.0233023858334255,0.6856088011472622,0.2724642739806865,2017601,5.46544,comparison_or_unresolved,robust_candidate_no_low_flow_flag,0,1,1,9.668223651764224,3.1948340208641355,낙동강
창녕함안보,2020A32,2023,8236.833333333334,785.0,168823.0,9.016492643343604,42,Round_6/log/source_snapshots/datagokr_algae_full_2017_2025_20260630_0951/all_2023_01.xml,all_2023_01.xml#item[49],annual_all_samples,19.51666666666667,15.85,58.9,3.021237563962353,42,Round_6/log/source_snapshots/datagokr_algae_full_2017_2025_20260630_0951/all_2023_01.xml,all_2023_01.xml#item[49],0.0866303307847359,0.0182684312673456,0.5503294211575778,0.2847096381906098,2017601,2.00175,comparison_or_unresolved,robust_candidate_no_low_flow_flag,0,1,1,9.016492643343604,3.021237563962353,낙동강
창녕함안보,2020A32,2024,17007.78846153846,1319.0,238240.0,9.741485457782057,52,Round_6/log/source_snapshots/datagokr_algae_full_2017_2025_20260630_0951/all_2024_01.xml,all_2024_01.xml#item[49],annual_all_samples,28.398076923076925,25.0,67.2,3.3809292614255613,52,Round_6/log/source_snapshots/datagokr_algae_full_2017_2025_20260630_0951/all_2024_01.xml,all_2024_01.xml#item[49],0.1191648024038516,0.0180887445177497,0.6858690563132369,0.2766322754580856,2017601,2.70046,comparison_or_unresolved,robust_candidate_no_low_flow_flag,0,1,1,9.741485457782057,3.3809292614255613,낙동강
창녕함안보,2020A32,2025,7691.27027027027,522.0,70886.0,8.947971242631994,37,Round_6/log/source_snapshots/datagokr_algae_full_2017_2025_20260630_0951/all_2025_01.xml,all_2025_01.xml#item[63],annual_all_samples,28.116216216216216,22.3,96.9,3.3712952772559226,37,Round_6/log/source_snapshots/datagokr_algae_full_2017_2025_20260630_0951/all_2025_01.xml,all_2025_01.xml#item[63],0.0888745348841034,0.0480157995128782,0.5747810231594129,0.3481516013764128,2017601,3.71217,comparison_or_unresolved,robust_candidate_no_low_flow_flag,0,1,1,8.947971242631994,3.3712952772559226,낙동강
칠곡보,2011A25,2017,2474.183673469388,319.0,23125.0,7.814069883752036,49,Round_6/log/source_snapshots/datagokr_algae_full_2017_2025_20260630_0951/all_2017_01.xml,all_2017_01.xml#item[134],annual_all_samples,15.348979591836736,14.7,32.8,2.7941654851104447,49,Round_6/log/source_snapshots/datagokr_algae_full_2017_2025_20260630_0951/all_2017_01.xml,all_2017_01.xml#item[134],-0.0114554330399652,-0.0066494494101682,0.3718984017252537,0.2135456190366578,2011601,8.52069,stayed_closed_or_source_summary_examples,robust_candidate_no_low_flow_flag,0,0,0,7.814069883752036,2.7941654851104447,낙동강
칠곡보,2011A25,2018,1615.3720930232555,308.0,23100.0,7.38793946815999,43,Round_6/log/source_snapshots/datagokr_algae_full_2017_2025_20260630_0951/all_2018_03.xml,all_2018_03.xml#item[161],annual_all_samples,22.206976744186047,18.7,72.3,3.1444529551967046,43,Round_6/log/source_snapshots/datagokr_algae_full_2017_2025_20260630_0951/all_2018_03.xml,all_2018_03.xml#item[161],-0.0710513243660182,-0.041701075326304,0.0601612425449379,0.0306175932861517,2011601,5.35045,stayed_closed_or_source_summary_examples,robust_candidate_no_low_flow_flag,0,1,0,7.38793946815999,3.1444529551967046,낙동강
칠곡보,2011A25,2019,2196.0408163265306,72.0,24809.0,7.694866650421655,49,Round_6/log/source_snapshots/datagokr_algae_full_2017_2025_20260630_0951/all_2019_01.xml,all_2019_01.xml#item[161],annual_all_samples,19.73673469387755,17.9,71.1,3.031906750381209,49,Round_6/log/source_snapshots/datagokr_algae_full_2017_2025_20260630_0951/all_2019_01.xml,all_2019_01.xml#item[161],0.0156789201349799,0.00383394497151,0.5599939964624066,0.3599731574386325,2011601,8.85746,stayed_closed_or_source_summary_examples,robust_candidate_no_low_flow_flag,0,1,1,7.694866650421655,3.031906750381209,낙동강
칠곡보,2011A25,2020,928.938775510204,205.0,16637.0,6.835118751195502,49,Round_6/log/source_snapshots/datagokr_algae_full_2017_2025_20260630_0951/all_2020_01.xml,all_2020_01.xml#item[157],annual_all_samples,24.124489795918365,18.3,88.4,3.2238430595429426,49,Round_6/log/source_snapshots/datagokr_algae_full_2017_2025_20260630_0951/all_2020_01.xml,all_2020_01.xml#item[157],0.0044768866046357,-0.0071214246785899,0.5536427227612241,0.2843387973363172,2011601,3.04183,stayed_closed_or_source_summary_examples,robust_candidate_no_low_flow_flag,0,1,1,6.835118751195502,3.2238430595429426,낙동강
칠곡보,2011A25,2021,2602.7291666666665,307.5,51350.0,7.864699991262967,48,Round_6/log/source_snapshots/datagokr_algae_full_2017_2025_20260630_0951/all_2021_02.xml,all_2021_02.xml#item[133],annual_all_samples,23.672916666666666,19.35,54.1,3.2057061508195583,48,Round_6/log/source_snapshots/datagokr_algae_full_2017_2025_20260630_0951/all_2021_02.xml,all_2021_02.xml#item[133],0.008367779931222,-0.0061438503459332,0.5114939405583702,0.1890178201203714,2011601,5.43001,stayed_closed_or_source_summary_examples,robust_candidate_no_low_flow_flag,0,1,1,7.864699991262967,3.2057061508195583,낙동강
칠곡보,2011A25,2022,4788.266666666666,428.0,127406.0,8.474132581955164,45,Round_6/log/source_snapshots/datagokr_algae_full_2017_2025_20260630_0951/all_2022_02.xml,all_2022_02.xml#item[133],annual_all_samples,19.186666666666667,15.5,104.8,3.005022320461084,45,Round_6/log/source_snapshots/datagokr_algae_full_2017_2025_20260630_0951/all_2022_02.xml,all_2022_02.xml#item[133],0.010202436462912,0.0043288197117667,0.5044597796954754,0.3215118228940719,2011601,8.23453,stayed_closed_or_source_summary_examples,robust_candidate_no_low_flow_flag,0,1,1,8.474132581955164,3.005022320461084,낙동강
칠곡보,2011A25,2023,1927.093023255814,88.0,22114.0,7.564286722583232,43,Round_6/log/source_snapshots/datagokr_algae_full_2017_2025_20260630_0951/all_2023_01.xml,all_2023_01.xml#item[133],annual_all_samples,15.372093023255816,10.3,104.1,2.79557824046448,43,Round_6/log/source_snapshots/datagokr_algae_full_2017_2025_20260630_0951/all_2023_01.xml,all_2023_01.xml#item[133],-0.0078324280985491,-0.0024035698620112,0.4626065259688064,0.352223809197376,2011601,2.90223,stayed_closed_or_source_summary_examples,robust_candidate_no_low_flow_flag,0,1,1,7.564286722583232,2.79557824046448,낙동강
칠곡보,2011A25,2024,10877.522727272728,267.5,148875.0,9.29454573244785,44,Round_6/log/source_snapshots/datagokr_algae_full_2017_2025_20260630_0951/all_2024_01.xml,all_2024_01.xml#item[132],annual_all_samples,30.995454545454542,24.0,106.3,3.46559384725577,44,Round_6/log/source_snapshots/datagokr_algae_full_2017_2025_20260630_0951/all_2024_01.xml,all_2024_01.xml#item[132],0.0442855577384567,0.0014654977503445,0.6150345997103684,0.2878301383740986,2011601,4.40766,stayed_closed_or_source_summary_examples,robust_candidate_no_low_flow_flag,0,1,1,9.29454573244785,3.46559384725577,낙동강
칠곡보,2011A25,2025,5381.634146341464,186.0,41908.0,8.590933151610994,41,Round_6/log/source_snapshots/datagokr_algae_full_2017_2025_20260630_0951/all_2025_01.xml,all_2025_01.xml#item[164],annual_all_samples,15.62439024390244,12.8,50.0,2.810870908810798,41,Round_6/log/source_snapshots/datagokr_algae_full_2017_2025_20260630_0951/all_2025_01.xml,all_2025_01.xml#item[164],0.0292418364719706,0.0038479140290627,0.5919368804936702,0.2949969303732102,2011601,6.59594,stayed_closed_or_source_summary_examples,robust_candidate_no_low_flow_flag,0,1,1,8.590933151610994,2.810870908810798,낙동강
합천창녕보,2014A70,2017,20918.671875,3238.5,204220.0,9.94844523330442,64,Round_6/log/source_snapshots/datagokr_algae_full_2017_2025_20260630_0951/all_2017_01.xml,all_2017_01.xml#item[148],annual_all_samples,21.940625,21.35,46.6,3.132909356317009,64,Round_6/log/source_snapshots/datagokr_algae_full_2017_2025_20260630_0951/all_2017_01.xml,all_2017_01.xml#item[148],-0.0205710191124734,-0.0011701465777209,0.3942895110169339,0.3074397974392587,2014602,4.77764,comparison_or_unresolved,robust_candidate_no_low_flow_flag,0,0,0,9.94844523330442,3.132909356317009,낙동강
합천창녕보,2014A70,2018,59712.25862068965,315.5,1264052.0,10.997309362171665,58,Round_6/log/source_snapshots/datagokr_algae_full_2017_2025_20260630_0951/all_2018_01.xml,all_2018_01.xml#item[141],annual_all_samples,29.67413793103448,23.2,149.1,3.4234198868943104,58,Round_6/log/source_snapshots/datagokr_algae_full_2017_2025_20260630_0951/all_2018_01.xml,all_2018_01.xml#item[141],-0.0363261073396543,-0.0329816946054196,0.2880980567564614,0.0610633007068562,2014602,2.61063,comparison_or_unresolved,contains_near_zero_or_nonpositive_discharge,0,1,0,10.997309362171665,3.4234198868943104,낙동강
합천창녕보,2014A70,2019,23431.39393939394,721.0,286378.0,10.06187470039228,66,Round_6/log/source_snapshots/datagokr_algae_full_2017_2025_20260630_0951/all_2019_01.xml,all_2019_01.xml#item[176],annual_all_samples,20.486363636363635,17.15,62.8,3.067418484440875,66,Round_6/log/source_snapshots/datagokr_algae_full_2017_2025_20260630_0951/all_2019_01.xml,all_2019_01.xml#item[176],0.0861522319931442,0.0226467470506837,0.6774472339134431,0.4977990893505448,2014602,3.1629,comparison_or_unresolved,contains_near_zero_or_nonpositive_discharge,0,1,1,10.06187470039228,3.067418484440875,낙동강
합천창녕보,2014A70,2020,2282.0,655.0,27176.0,7.733245646529795,49,Round_6/log/source_snapshots/datagokr_algae_full_2017_2025_20260630_0951/all_2020_01.xml,all_2020_01.xml#item[169],annual_all_samples,19.512244897959185,14.7,64.6,3.0210220199200677,49,Round_6/log/source_snapshots/datagokr_algae_full_2017_2025_20260630_0951/all_2020_01.xml,all_2020_01.xml#item[169],0.1010952603792091,0.0208537040874776,0.7150066074625823,0.4844391815123184,2014602,1.69332,comparison_or_unresolved,robust_candidate_no_low_flow_flag,0,1,1,7.733245646529795,3.0210220199200677,낙동강
합천창녕보,2014A70,2021,9443.21568627451,213.0,188054.0,9.153157736389604,51,Round_6/log/source_snapshots/datagokr_algae_full_2017_2025_20260630_0951/all_2021_01.xml,all_2021_01.xml#item[145],annual_all_samples,22.99607843137255,17.0,64.0,3.1778904183041146,51,Round_6/log/source_snapshots/datagokr_algae_full_2017_2025_20260630_0951/all_2021_01.xml,all_2021_01.xml#item[145],0.0894661619974618,0.0212961432596005,0.6161390978184226,0.4455273281158992,2014602,2.66951,comparison_or_unresolved,contains_near_zero_or_nonpositive_discharge,0,1,1,9.153157736389604,3.1778904183041146,낙동강
합천창녕보,2014A70,2022,21445.875,772.0,165744.0,9.973334226097,48,Round_6/log/source_snapshots/datagokr_algae_full_2017_2025_20260630_0951/all_2022_01.xml,all_2022_01.xml#item[145],annual_all_samples,24.885416666666668,17.55,105.9,3.253679747062893,48,Round_6/log/source_snapshots/datagokr_algae_full_2017_2025_20260630_0951/all_2022_01.xml,all_2022_01.xml#item[145],0.1130305237808626,0.0221391485094667,0.7327758772436166,0.5071123802610661,2014602,4.24624,comparison_or_unresolved,contains_near_zero_or_nonpositive_discharge,0,1,1,9.973334226097,3.253679747062893,낙동강
합천창녕보,2014A70,2023,6240.863636363636,317.0,102214.0,8.739034076447211,44,Round_6/log/source_snapshots/datagokr_algae_full_2017_2025_20260630_0951/all_2023_01.xml,all_2023_01.xml#item[144],annual_all_samples,15.225,11.95,68.3,2.7865532625901537,44,Round_6/log/source_snapshots/datagokr_algae_full_2017_2025_20260630_0951/all_2023_01.xml,all_2023_01.xml#item[144],0.0717773391808332,0.0069560001194642,0.575422476750972,0.3695605814317025,2014602,1.40973,comparison_or_unresolved,contains_near_zero_or_nonpositive_discharge,0,1,1,8.739034076447211,2.7865532625901537,낙동강
합천창녕보,2014A70,2024,24265.425531914894,254.0,556500.0,10.096849008595658,47,Round_6/log/source_snapshots/datagokr_algae_full_2017_2025_20260630_0951/all_2024_01.xml,all_2024_01.xml#item[143],annual_all_samples,28.289361702127657,22.4,130.5,3.377224368254206,47,Round_6/log/source_snapshots/datagokr_algae_full_2017_2025_20260630_0951/all_2024_01.xml,all_2024_01.xml#item[143],0.1008883599312393,0.0154892055452642,0.6117438575853803,0.3331994101676752,2014602,2.3499,comparison_or_unresolved,robust_candidate_no_low_flow_flag,0,1,1,10.096849008595658,3.377224368254206,낙동강
합천창녕보,2014A70,2025,20447.79069767442,1910.0,429226.0,9.92567902513438,43,Round_6/log/source_snapshots/datagokr_algae_full_2017_2025_20260630_0951/all_2025_01.xml,all_2025_01.xml#item[178],annual_all_samples,23.286046511627905,17.9,107.3,3.18990196779194,43,Round_6/log/source_snapshots/datagokr_algae_full_2017_2025_20260630_0951/all_2025_01.xml,all_2025_01.xml#item[178],0.0716146029503145,0.0254924569832666,0.6115851261308373,0.3933730129163678,2014602,3.14339,comparison_or_unresolved,robust_candidate_no_low_flow_flag,0,1,1,9.92567902513438,3.18990196779194,낙동강
강정고령보,2011A55,2017,11706.809523809525,7130.0,69140.0,9.368011378787186,21,Round_6/log/source_snapshots/datagokr_algae_full_2017_2025_20260630_0951/all_2017_06.xml,all_2017_06.xml#item[175],bloom_season_06_10,14.257142857142856,13.8,29.9,2.725047777470781,21,Round_6/log/source_snapshots/datagokr_algae_full_2017_2025_20260630_0951/all_2017_06.xml,all_2017_06.xml#item[175],0.0184486356183178,-0.0039108212260415,0.5436182069133513,0.2025769794632622,2011602,7.77285,comparison_or_unresolved,robust_candidate_no_low_flow_flag,0,0,0,9.368011378787186,2.725047777470781,낙동강
강정고령보,2011A55,2018,13990.190476190475,2756.0,110431.0,9.546183158834772,21,Round_6/log/source_snapshots/datagokr_algae_full_2017_2025_20260630_0951/all_2018_06.xml,all_2018_06.xml#item[135],bloom_season_06_10,10.842857142857142,7.8,47.2,2.471724913085936,21,Round_6/log/source_snapshots/datagokr_algae_full_2017_2025_20260630_0951/all_2018_06.xml,all_2018_06.xml#item[135],-0.0165477637011365,-0.0318731688060956,0.2260609448359549,0.0728603859604323,2011602,4.9709,comparison_or_unresolved,robust_candidate_no_low_flow_flag,0,1,0,9.546183158834772,2.471724913085936,낙동강
강정고령보,2011A55,2019,18617.227272727272,10369.5,100017.0,9.831896340752388,22,Round_6/log/source_snapshots/datagokr_algae_full_2017_2025_20260630_0951/all_2019_06.xml,all_2019_06.xml#item[133],bloom_season_06_10,16.645454545454545,12.75,41.9,2.870478217376594,22,Round_6/log/source_snapshots/datagokr_algae_full_2017_2025_20260630_0951/all_2019_06.xml,all_2019_06.xml#item[133],0.0291832907848067,-0.0019028967351858,0.5593531533506362,0.2778443256070909,2011602,6.71121,comparison_or_unresolved,contains_near_zero_or_nonpositive_discharge,0,1,1,9.831896340752388,2.870478217376594,낙동강
강정고령보,2011A55,2020,3674.315789473684,1355.0,17108.0,8.209394337063728,19,Round_6/log/source_snapshots/datagokr_algae_full_2017_2025_20260630_0951/all_2020_06.xml,all_2020_06.xml#item[137],bloom_season_06_10,19.778947368421058,14.1,58.8,3.033940328392886,19,Round_6/log/source_snapshots/datagokr_algae_full_2017_2025_20260630_0951/all_2020_06.xml,all_2020_06.xml#item[137],0.0310811496282302,9.673555900049069e-05,0.6067223473904261,0.3813521028252273,2011602,3.01295,comparison_or_unresolved,robust_candidate_no_low_flow_flag,0,1,1,8.209394337063728,3.033940328392886,낙동강
강정고령보,2011A55,2021,11195.90476190476,1341.0,89443.0,9.323392658544355,21,Round_6/log/source_snapshots/datagokr_algae_full_2017_2025_20260630_0951/all_2021_06.xml,all_2021_06.xml#item[137],bloom_season_06_10,18.96666666666667,15.1,49.0,2.9940642164532942,21,Round_6/log/source_snapshots/datagokr_algae_full_2017_2025_20260630_0951/all_2021_06.xml,all_2021_06.xml#item[137],0.0250199701916637,-0.0003285031698471,0.5650550372793843,0.2727663541366269,2011602,5.12046,comparison_or_unresolved,robust_candidate_no_low_flow_flag,0,1,1,9.323392658544355,2.9940642164532942,낙동강
강정고령보,2011A55,2022,30203.45,5676.0,114735.0,10.315744543501248,20,Round_6/log/source_snapshots/datagokr_algae_full_2017_2025_20260630_0951/all_2022_06.xml,all_2022_06.xml#item[195],bloom_season_06_10,25.74,22.4,65.0,3.286160571673797,20,Round_6/log/source_snapshots/datagokr_algae_full_2017_2025_20260630_0951/all_2022_06.xml,all_2022_06.xml#item[195],0.0348464452599031,0.0034790385328107,0.5836183176034441,0.343548356472146,2011602,8.53453,comparison_or_unresolved,robust_candidate_no_low_flow_flag,0,1,1,10.315744543501248,3.286160571673797,낙동강
강정고령보,2011A55,2023,6709.05,1096.5,42606.0,8.811361681502794,20,Round_6/log/source_snapshots/datagokr_algae_full_2017_2025_20260630_0951/all_2023_06.xml,all_2023_06.xml#item[208],bloom_season_06_10,19.135,12.3,73.0,3.0024595943034176,20,Round_6/log/source_snapshots/datagokr_algae_full_2017_2025_20260630_0951/all_2023_06.xml,all_2023_06.xml#item[208],0.0195264784362468,-0.0077638652508211,0.497617103739266,0.2639155341568453,2011602,2.77411,comparison_or_unresolved,mean_daily_tau_sensitive_to_low_flow,0,1,1,8.811361681502794,3.0024595943034176,낙동강
강정고령보,2011A55,2024,65763.90476190476,1905.0,954667.0,11.093841612744068,21,Round_6/log/source_snapshots/datagokr_algae_full_2017_2025_20260630_0951/all_2024_06.xml,all_2024_06.xml#item[137],bloom_season_06_10,30.82857142857143,19.3,166.1,3.4603643589978157,21,Round_6/log/source_snapshots/datagokr_algae_full_2017_2025_20260630_0951/all_2024_06.xml,all_2024_06.xml#item[137],0.0533668627914494,-0.0017589708432633,0.6037963371180031,0.2826052925791987,2011602,3.75312,comparison_or_unresolved,robust_candidate_no_low_flow_flag,0,1,1,11.093841612744068,3.4603643589978157,낙동강
강정고령보,2011A55,2025,24588.473684210527,9260.0,145507.0,10.110073731329711,19,Round_6/log/source_snapshots/datagokr_algae_full_2017_2025_20260630_0951/all_2025_06.xml,all_2025_06.xml#item[137],bloom_season_06_10,24.74736842105263,22.6,42.7,3.248332424646577,19,Round_6/log/source_snapshots/datagokr_algae_full_2017_2025_20260630_0951/all_2025_06.xml,all_2025_06.xml#item[137],0.0428825706375035,0.0046935064510642,0.6439773715650988,0.3105842744537447,2011602,5.60647,comparison_or_unresolved,robust_candidate_no_low_flow_flag,0,1,1,10.110073731329711,3.248332424646577,낙동강
강천보,1007A20,2017,0.0,0.0,0.0,0.0,18,Round_6/log/source_snapshots/datagokr_algae_full_2017_2025_20260630_0951/all_2017_06.xml,all_2017_06.xml#item[136],bloom_season_06_10,6.638888888888889,4.95,19.2,2.0332521592104613,18,Round_6/log/source_snapshots/datagokr_algae_full_2017_2025_20260630_0951/all_2017_06.xml,all_2017_06.xml#item[136],-0.0788111047708267,-0.005867886357397,0.153572489904045,0.1105586326266683,1007601,0.606912,stayed_closed_or_source_summary_examples,robust_candidate_no_low_flow_flag,0,0,0,0.0,2.0332521592104613,한강(남한강)
강천보,1007A20,2018,39.285714285714285,0.0,480.0,3.6959969218828,21,Round_6/log/source_snapshots/datagokr_algae_full_2017_2025_20260630_0951/all_2018_06.xml,all_2018_06.xml#item[106],bloom_season_06_10,12.55909090909091,9.9,37.1,2.607057238162387,22,Round_6/log/source_snapshots/datagokr_algae_full_2017_2025_20260630_0951/all_2018_06.xml,all_2018_06.xml#item[106],-0.056949854289709,-0.0072596456653497,0.228173403395408,0.1097980027115619,1007601,0.53727,stayed_closed_or_source_summary_examples,robust_candidate_no_low_flow_flag,0,1,0,3.6959969218828,2.607057238162387,한강(남한강)
강천보,1007A20,2019,42.54545454545455,0.0,420.0,3.7738053246125447,22,Round_6/log/source_snapshots/datagokr_algae_full_2017_2025_20260630_0951/all_2019_06.xml,all_2019_06.xml#item[105],bloom_season_06_10,12.96818181818182,11.1,45.3,2.636782015778123,22,Round_6/log/source_snapshots/datagokr_algae_full_2017_2025_20260630_0951/all_2019_06.xml,all_2019_06.xml#item[105],-0.0397457068193942,0.0036057146970624,0.2385090326382591,0.1959788717487613,1007601,0.917014,stayed_closed_or_source_summary_examples,robust_candidate_no_low_flow_flag,0,1,1,3.7738053246125447,2.636782015778123,한강(남한강)
강천보,1007A20,2020,0.0,0.0,0.0,0.0,14,Round_6/log/source_snapshots/datagokr_algae_full_2017_2025_20260630_0951/all_2020_06.xml,all_2020_06.xml#item[109],bloom_season_06_10,7.021428571428571,6.15,15.5,2.082116532129139,14,Round_6/log/source_snapshots/datagokr_algae_full_2017_2025_20260630_0951/all_2020_06.xml,all_2020_06.xml#item[109],-0.0199393146656517,0.007136213409557,0.3533650861247192,0.303615222253334,1007601,0.346453,stayed_closed_or_source_summary_examples,robust_candidate_no_low_flow_flag,0,1,1,0.0,2.082116532129139,한강(남한강)
강천보,1007A20,2021,0.0,0.0,0.0,0.0,15,Round_6/log/source_snapshots/datagokr_algae_full_2017_2025_20260630_0951/all_2021_06.xml,all_2021_06.xml#item[110],bloom_season_06_10,5.053333333333333,2.9,13.0,1.8006090845050375,15,Round_6/log/source_snapshots/datagokr_algae_full_2017_2025_20260630_0951/all_2021_06.xml,all_2021_06.xml#item[110],-0.0155279608932339,0.0044695592052726,0.3555931555686008,0.2988699138815562,1007601,0.68242,stayed_closed_or_source_summary_examples,robust_candidate_no_low_flow_flag,0,1,1,0.0,1.8006090845050375,한강(남한강)
강천보,1007A20,2022,0.0,0.0,0.0,0.0,13,Round_6/log/source_snapshots/datagokr_algae_full_2017_2025_20260630_0951/all_2022_06.xml,all_2022_06.xml#item[159],bloom_season_06_10,5.153846153846154,3.8,19.7,1.817077277212345,13,Round_6/log/source_snapshots/datagokr_algae_full_2017_2025_20260630_0951/all_2022_06.xml,all_2022_06.xml#item[159],-0.0403010640511842,0.0031323662537724,0.3236220578308569,0.2126791743689209,1007601,0.383628,stayed_closed_or_source_summary_examples,robust_candidate_no_low_flow_flag,0,1,1,0.0,1.817077277212345,한강(남한강)
강천보,1007A20,2023,0.0,0.0,0.0,0.0,10,Round_6/log/source_snapshots/datagokr_algae_full_2017_2025_20260630_0951/all_2023_06.xml,all_2023_06.xml#item[174],bloom_season_06_10,7.639999999999999,4.1,20.8,2.1564025828159643,10,Round_6/log/source_snapshots/datagokr_algae_full_2017_2025_20260630_0951/all_2023_06.xml,all_2023_06.xml#item[174],-0.0224372991958344,-0.006063973498527,0.2804544591779167,0.1719349969972374,1007601,0.367188,stayed_closed_or_source_summary_examples,robust_candidate_no_low_flow_flag,0,1,1,0.0,2.1564025828159643,한강(남한강)
강천보,1007A20,2024,0.0,0.0,0.0,0.0,11,Round_6/log/source_snapshots/datagokr_algae_full_2017_2025_20260630_0951/all_2024_06.xml,all_2024_06.xml#item[110],bloom_season_06_10,11.28181818181818,9.7,28.2,2.5081199721677825,11,Round_6/log/source_snapshots/datagokr_algae_full_2017_2025_20260630_0951/all_2024_06.xml,all_2024_06.xml#item[110],-0.0145816941962396,0.0024796415231265,0.3987901242491899,0.2330270170555608,1007601,0.423615,stayed_closed_or_source_summary_examples,robust_candidate_no_low_flow_flag,0,1,1,0.0,2.5081199721677825,한강(남한강)
강천보,1007A20,2025,0.0,0.0,0.0,0.0,11,Round_6/log/source_snapshots/datagokr_algae_full_2017_2025_20260630_0951/all_2025_06.xml,all_2025_06.xml#item[110],bloom_season_06_10,7.909090909090909,8.1,12.2,2.187072205872201,11,Round_6/log/source_snapshots/datagokr_algae_full_2017_2025_20260630_0951/all_2025_06.xml,all_2025_06.xml#item[110],-0.0863942794195626,0.0008210462217789,0.2886471979522078,0.2439322165684617,1007601,0.567365,stayed_closed_or_source_summary_examples,robust_candidate_no_low_flow_flag,0,1,1,0.0,2.187072205872201,한강(남한강)
공주보,3012A32,2017,2747.72,2070.0,13070.0,7.918890627757571,25,Round_6/log/source_snapshots/datagokr_algae_full_2017_2025_20260630_0951/all_2017_06.xml,all_2017_06.xml#item[204],bloom_season_06_10,65.928,67.2,111.1,4.203617414699843,25,Round_6/log/source_snapshots/datagokr_algae_full_2017_2025_20260630_0951/all_2017_06.xml,all_2017_06.xml#item[204],-0.0129289410018394,0.0020288146353125,0.3688956666457763,0.3710369271692884,3012601,1.7962,documented_opened_examples,contains_near_zero_or_nonpositive_discharge,1,0,0,7.918890627757571,4.203617414699843,금강
공주보,3012A32,2018,3494.896551724138,160.0,14130.0,8.159345145869695,29,Round_6/log/source_snapshots/datagokr_algae_full_2017_2025_20260630_0951/all_2018_03.xml,all_2018_03.xml#item[186],bloom_season_06_10,90.13448275862068,81.0,209.9,4.512336248109364,29,Round_6/log/source_snapshots/datagokr_algae_full_2017_2025_20260630_0951/all_2018_03.xml,all_2018_03.xml#item[186],0.0301555056058219,0.0033398477263215,0.5399075253991797,0.2701121811610855,3012601,0.459468,documented_opened_examples,robust_candidate_no_low_flow_flag,1,1,0,8.159345145869695,4.512336248109364,금강
공주보,3012A32,2019,373.57142857142856,0.0,4490.0,5.925782515268332,28,Round_6/log/source_snapshots/datagokr_algae_full_2017_2025_20260630_0951/all_2019_06.xml,all_2019_06.xml#item[155],bloom_season_06_10,99.01071428571429,95.2,265.1,4.605277323105848,28,Round_6/log/source_snapshots/datagokr_algae_full_2017_2025_20260630_0951/all_2019_06.xml,all_2019_06.xml#item[155],0.0713146207342048,0.0275139325159041,0.769796549450396,0.641706222499638,3012601,0.490024,documented_opened_examples,robust_candidate_no_low_flow_flag,1,1,1,5.925782515268332,4.605277323105848,금강
공주보,3012A32,2020,965.2380952380952,0.0,4930.0,6.873410279244201,21,Round_6/log/source_snapshots/datagokr_algae_full_2017_2025_20260630_0951/all_2020_06.xml,all_2020_06.xml#item[153],bloom_season_06_10,37.285714285714285,20.7,125.4,3.645076831455543,21,Round_6/log/source_snapshots/datagokr_algae_full_2017_2025_20260630_0951/all_2020_06.xml,all_2020_06.xml#item[153],0.0639311679885431,0.0235250231253664,0.7984886841787963,0.6710349529167553,3012601,0.133039,documented_opened_examples,robust_candidate_no_low_flow_flag,1,1,1,6.873410279244201,3.645076831455543,금강
공주보,3012A32,2021,662.8571428571429,0.0,6390.0,6.498066980029665,21,Round_6/log/source_snapshots/datagokr_algae_full_2017_2025_20260630_0951/all_2021_06.xml,all_2021_06.xml#item[153],bloom_season_06_10,65.54285714285714,35.9,164.4,4.197846208394927,21,Round_6/log/source_snapshots/datagokr_algae_full_2017_2025_20260630_0951/all_2021_06.xml,all_2021_06.xml#item[153],0.0646291530667843,0.0179500597761662,0.7259426720194653,0.5386509272270411,3012601,0.298743,documented_opened_examples,robust_candidate_no_low_flow_flag,1,1,1,6.498066980029665,4.197846208394927,금강
공주보,3012A32,2022,1010.681818181818,337.5,4600.0,6.91936939149932,22,Round_6/log/source_snapshots/datagokr_algae_full_2017_2025_20260630_0951/all_2022_06.xml,all_2022_06.xml#item[214],bloom_season_06_10,44.6,49.1,95.9,3.819907716520341,22,Round_6/log/source_snapshots/datagokr_algae_full_2017_2025_20260630_0951/all_2022_06.xml,all_2022_06.xml#item[214],0.032924766382122,0.0071149142269511,0.5521602939503876,0.340808015393864,3012601,0.375461,documented_opened_examples,robust_candidate_no_low_flow_flag,1,1,1,6.91936939149932,3.819907716520341,금강
공주보,3012A32,2023,1714.5,225.0,9175.0,7.447459862298504,18,Round_6/log/source_snapshots/datagokr_algae_full_2017_2025_20260630_0951/all_2023_06.xml,all_2023_06.xml#item[228],bloom_season_06_10,48.03888888888889,36.05,133.8,3.8926136341300226,18,Round_6/log/source_snapshots/datagokr_algae_full_2017_2025_20260630_0951/all_2023_06.xml,all_2023_06.xml#item[228],0.0571714784810556,0.0177023857010662,0.7384441566218918,0.5277702340415161,3012601,0.306231,documented_opened_examples,robust_candidate_no_low_flow_flag,1,1,1,7.447459862298504,3.8926136341300226,금강
공주보,3012A32,2024,1424.2105263157894,730.0,8720.0,7.2620748195560685,19,Round_6/log/source_snapshots/datagokr_algae_full_2017_2025_20260630_0951/all_2024_06.xml,all_2024_06.xml#item[153],bloom_season_06_10,58.321052631578944,46.7,168.0,4.0829642620815925,19,Round_6/log/source_snapshots/datagokr_algae_full_2017_2025_20260630_0951/all_2024_06.xml,all_2024_06.xml#item[153],0.0718678707948114,0.0130425357717096,0.7305165602419545,0.4646001471608866,3012601,0.254768,documented_opened_examples,robust_candidate_no_low_flow_flag,1,1,1,7.2620748195560685,4.0829642620815925,금강
공주보,3012A32,2025,593.1428571428571,30.0,5130.0,6.387119790687598,21,Round_6/log/source_snapshots/datagokr_algae_full_2017_2025_20260630_0951/all_2025_06.xml,all_2025_06.xml#item[153],bloom_season_06_10,41.76190476190476,37.2,103.7,3.755647630578777,21,Round_6/log/source_snapshots/datagokr_algae_full_2017_2025_20260630_0951/all_2025_06.xml,all_2025_06.xml#item[153],0.0799334513222264,0.0105217616998217,0.7806205228754278,0.5490878379386603,3012601,0.199501,documented_opened_examples,robust_candidate_no_low_flow_flag,1,1,1,6.387119790687598,3.755647630578777,금강
구미보,2009A30,2017,6704.923076923077,1909.5,32518.0,8.81074645617647,26,Round_6/log/source_snapshots/datagokr_algae_full_2017_2025_20260630_0951/all_2017_06.xml,all_2017_06.xml#item[162],bloom_season_06_10,17.2,13.35,35.3,2.9014215940827497,26,Round_6/log/source_snapshots/datagokr_algae_full_2017_2025_20260630_0951/all_2017_06.xml,all_2017_06.xml#item[162],0.0230616350643305,-6.5430142640546e-05,0.4429824126581279,0.1761477045908184,2009602,5.73241,comparison_or_unresolved,robust_candidate_no_low_flow_flag,0,0,0,8.81074645617647,2.9014215940827497,낙동강
구미보,2009A30,2018,2556.217391304348,1117.0,11553.0,7.84667498978621,23,Round_6/log/source_snapshots/datagokr_algae_full_2017_2025_20260630_0951/all_2018_06.xml,all_2018_06.xml#item[126],bloom_season_06_10,15.530434782608696,12.7,66.2,2.805203214125179,23,Round_6/log/source_snapshots/datagokr_algae_full_2017_2025_20260630_0951/all_2018_06.xml,all_2018_06.xml#item[126],-0.0007886600906005,-0.0069314800735086,0.3694419934964529,0.2477082259322412,2009602,4.21905,comparison_or_unresolved,robust_candidate_no_low_flow_flag,0,1,0,7.84667498978621,2.805203214125179,낙동강
구미보,2009A30,2019,6392.384615384615,3532.5,41079.0,8.763019080913054,26,Round_6/log/source_snapshots/datagokr_algae_full_2017_2025_20260630_0951/all_2019_06.xml,all_2019_06.xml#item[125],bloom_season_06_10,16.46923076923077,13.95,53.5,2.860441091649976,26,Round_6/log/source_snapshots/datagokr_algae_full_2017_2025_20260630_0951/all_2019_06.xml,all_2019_06.xml#item[125],0.0353391155645274,0.010769222197916,0.5656329643903962,0.3633895649173694,2009602,6.0433,comparison_or_unresolved,contains_near_zero_or_nonpositive_discharge,0,1,1,8.763019080913054,2.860441091649976,낙동강
구미보,2009A30,2020,4221.45,874.0,46000.0,8.348170807285618,20,Round_6/log/source_snapshots/datagokr_algae_full_2017_2025_20260630_0951/all_2020_06.xml,all_2020_06.xml#item[129],bloom_season_06_10,19.615,17.75,59.2,3.0260189661588632,20,Round_6/log/source_snapshots/datagokr_algae_full_2017_2025_20260630_0951/all_2020_06.xml,all_2020_06.xml#item[129],0.0317904864211178,0.0050366130572234,0.6314205440284788,0.356082402795682,2009602,2.43703,comparison_or_unresolved,robust_candidate_no_low_flow_flag,0,1,1,8.348170807285618,3.0260189661588632,낙동강
구미보,2009A30,2021,3489.6666666666665,1077.0,24388.0,8.157848018921626,21,Round_6/log/source_snapshots/datagokr_algae_full_2017_2025_20260630_0951/all_2021_06.xml,all_2021_06.xml#item[129],bloom_season_06_10,21.895238095238096,19.1,58.8,3.130928945497575,21,Round_6/log/source_snapshots/datagokr_algae_full_2017_2025_20260630_0951/all_2021_06.xml,all_2021_06.xml#item[129],0.0377855449848363,0.0069062546194726,0.6154783424854176,0.2380841681012211,2009602,4.02441,comparison_or_unresolved,contains_near_zero_or_nonpositive_discharge,0,1,1,8.157848018921626,3.130928945497575,낙동강
구미보,2009A30,2022,16865.65,3001.0,132470.0,9.733093578464668,20,Round_6/log/source_snapshots/datagokr_algae_full_2017_2025_20260630_0951/all_2022_06.xml,all_2022_06.xml#item[185],bloom_season_06_10,26.18,24.9,65.2,3.3024814087229974,20,Round_6/log/source_snapshots/datagokr_algae_full_2017_2025_20260630_0951/all_2022_06.xml,all_2022_06.xml#item[185],0.0424177736725531,0.017715560171034,0.6046634655633549,0.3903017640216268,2009602,6.07384,comparison_or_unresolved,contains_near_zero_or_nonpositive_discharge,0,1,1,9.733093578464668,3.3024814087229974,낙동강
구미보,2009A30,2023,1448.2777777777778,635.0,5511.0,7.278820627038247,18,Round_6/log/source_snapshots/datagokr_algae_full_2017_2025_20260630_0951/all_2023_06.xml,all_2023_06.xml#item[198],bloom_season_06_10,21.23888888888889,14.6,99.9,3.1018425081023633,18,Round_6/log/source_snapshots/datagokr_algae_full_2017_2025_20260630_0951/all_2023_06.xml,all_2023_06.xml#item[198],7.326899207457607e-05,0.0040064868790748,0.5641054071710209,0.2940316213164446,2009602,2.30689,comparison_or_unresolved,contains_near_zero_or_nonpositive_discharge,0,1,1,7.278820627038247,3.1018425081023633,낙동강
구미보,2009A30,2024,7814.0526315789475,1076.0,32610.0,8.963806977519905,19,Round_6/log/source_snapshots/datagokr_algae_full_2017_2025_20260630_0951/all_2024_06.xml,all_2024_06.xml#item[129],bloom_season_06_10,27.76842105263158,24.9,86.1,3.359278294327527,19,Round_6/log/source_snapshots/datagokr_algae_full_2017_2025_20260630_0951/all_2024_06.xml,all_2024_06.xml#item[129],0.0494040842245394,0.0096789184690369,0.6204358834710513,0.3404629660957351,2009602,3.65501,comparison_or_unresolved,robust_candidate_no_low_flow_flag,0,1,1,8.963806977519905,3.359278294327527,낙동강
구미보,2009A30,2025,6550.368421052632,2750.0,33852.0,8.787429226053387,19,Round_6/log/source_snapshots/datagokr_algae_full_2017_2025_20260630_0951/all_2025_06.xml,all_2025_06.xml#item[129],bloom_season_06_10,19.57894736842105,11.4,114.1,3.024268580818925,19,Round_6/log/source_snapshots/datagokr_algae_full_2017_2025_20260630_0951/all_2025_06.xml,all_2025_06.xml#item[129],0.0226219617662919,0.0203132392778837,0.5446612873938413,0.3768251445870893,2009602,5.5383,comparison_or_unresolved,robust_candidate_no_low_flow_flag,0,1,1,8.787429226053387,3.024268580818925,낙동강
낙단보,2009A05,2017,5620.666666666667,899.5,35731.0,8.63438345882764,24,Round_6/log/source_snapshots/datagokr_algae_full_2017_2025_20260630_0951/all_2017_06.xml,all_2017_06.xml#item[156],bloom_season_06_10,16.875,13.45,42.0,2.883403088580071,24,Round_6/log/source_snapshots/datagokr_algae_full_2017_2025_20260630_0951/all_2017_06.xml,all_2017_06.xml#item[156],-0.023232024201326,-0.0161213991977154,0.2269827878796385,0.0720240790678182,2009601,3.73901,comparison_or_unresolved,robust_candidate_no_low_flow_flag,0,0,0,8.63438345882764,2.883403088580071,낙동강
낙단보,2009A05,2018,8470.96,787.0,89200.0,9.04451716583478,25,Round_6/log/source_snapshots/datagokr_algae_full_2017_2025_20260630_0951/all_2018_06.xml,all_2018_06.xml#item[122],bloom_season_06_10,15.884,14.8,45.4,2.8263664279202523,25,Round_6/log/source_snapshots/datagokr_algae_full_2017_2025_20260630_0951/all_2018_06.xml,all_2018_06.xml#item[122],-0.0174210734222258,-0.0144745494775372,0.3047583453040491,0.0744686586042724,2009601,2.66331,comparison_or_unresolved,robust_candidate_no_low_flow_flag,0,1,0,9.04451716583478,2.8263664279202523,낙동강
낙단보,2009A05,2019,7734.56,2135.0,70714.0,8.95358315857659,25,Round_6/log/source_snapshots/datagokr_algae_full_2017_2025_20260630_0951/all_2019_06.xml,all_2019_06.xml#item[121],bloom_season_06_10,16.988,14.6,39.0,2.889704868908461,25,Round_6/log/source_snapshots/datagokr_algae_full_2017_2025_20260630_0951/all_2019_06.xml,all_2019_06.xml#item[121],-0.0001071378728184,-0.0004676041983944,0.4794506929533587,0.2622810361233251,2009601,3.97859,comparison_or_unresolved,contains_near_zero_or_nonpositive_discharge,0,1,1,8.95358315857659,2.889704868908461,낙동강
낙단보,2009A05,2020,2312.45,490.0,16516.0,7.746495195837733,20,Round_6/log/source_snapshots/datagokr_algae_full_2017_2025_20260630_0951/all_2020_06.xml,all_2020_06.xml#item[125],bloom_season_06_10,21.45,15.7,47.8,3.1112906141882632,20,Round_6/log/source_snapshots/datagokr_algae_full_2017_2025_20260630_0951/all_2020_06.xml,all_2020_06.xml#item[125],-0.0077747032003654,-0.0122451083501469,0.4433752842462289,0.1758447227307913,2009601,1.95107,comparison_or_unresolved,robust_candidate_no_low_flow_flag,0,1,1,7.746495195837733,3.1112906141882632,낙동강
낙단보,2009A05,2021,3552.095238095238,1043.0,38354.0,8.175574400642146,21,Round_6/log/source_snapshots/datagokr_algae_full_2017_2025_20260630_0951/all_2021_06.xml,all_2021_06.xml#item[125],bloom_season_06_10,26.85238095238095,21.7,78.0,3.3269184547255573,21,Round_6/log/source_snapshots/datagokr_algae_full_2017_2025_20260630_0951/all_2021_06.xml,all_2021_06.xml#item[125],0.0206162086085832,-0.0039211122258255,0.5956925287534679,0.2202025961715031,2009601,3.23805,comparison_or_unresolved,robust_candidate_no_low_flow_flag,0,1,1,8.175574400642146,3.3269184547255573,낙동강
낙단보,2009A05,2022,11676.35,4165.5,61780.0,9.365406347078606,20,Round_6/log/source_snapshots/datagokr_algae_full_2017_2025_20260630_0951/all_2022_06.xml,all_2022_06.xml#item[179],bloom_season_06_10,27.785000000000004,25.9,59.6,3.359854418127773,20,Round_6/log/source_snapshots/datagokr_algae_full_2017_2025_20260630_0951/all_2022_06.xml,all_2022_06.xml#item[179],0.014434803846855,-0.0037294295031507,0.5723834956948612,0.1499686492010022,2009601,5.11141,comparison_or_unresolved,robust_candidate_no_low_flow_flag,0,1,1,9.365406347078606,3.359854418127773,낙동강
낙단보,2009A05,2023,1763.25,630.5,15702.0,7.475480949880939,20,Round_6/log/source_snapshots/datagokr_algae_full_2017_2025_20260630_0951/all_2023_06.xml,all_2023_06.xml#item[193],bloom_season_06_10,20.125,15.95,64.1,3.0504571732432377,20,Round_6/log/source_snapshots/datagokr_algae_full_2017_2025_20260630_0951/all_2023_06.xml,all_2023_06.xml#item[193],-0.0040149980590453,-0.0066407183848063,0.5113964994616944,0.1748382615461565,2009601,1.69665,comparison_or_unresolved,robust_candidate_no_low_flow_flag,0,1,1,7.475480949880939,3.0504571732432377,낙동강
낙단보,2009A05,2024,10585.473684210529,1535.0,72340.0,9.267332397705392,19,Round_6/log/source_snapshots/datagokr_algae_full_2017_2025_20260630_0951/all_2024_06.xml,all_2024_06.xml#item[125],bloom_season_06_10,28.331578947368417,29.9,47.0,3.37866471540905,19,Round_6/log/source_snapshots/datagokr_algae_full_2017_2025_20260630_0951/all_2024_06.xml,all_2024_06.xml#item[125],0.0269342716906968,-0.004081311727628,0.551265368256076,0.165008336992861,2009601,2.57419,comparison_or_unresolved,robust_candidate_no_low_flow_flag,0,1,1,9.267332397705392,3.37866471540905,낙동강
낙단보,2009A05,2025,15019.57142857143,2070.0,92026.0,9.617175969106531,21,Round_6/log/source_snapshots/datagokr_algae_full_2017_2025_20260630_0951/all_2025_06.xml,all_2025_06.xml#item[125],bloom_season_06_10,23.442857142857143,16.2,120.3,3.1963380318428345,21,Round_6/log/source_snapshots/datagokr_algae_full_2017_2025_20260630_0951/all_2025_06.xml,all_2025_06.xml#item[125],-0.0049859891546685,-0.0016122189999757,0.5138623645040525,0.1380550955744697,2009601,4.34698,comparison_or_unresolved,robust_candidate_no_low_flow_flag,0,1,1,9.617175969106531,3.1963380318428345,낙동강
달성보,2014A25,2017,34232.63333333333,9182.0,263805.0,10.440963870598653,30,Round_6/log/source_snapshots/datagokr_algae_full_2017_2025_20260630_0951/all_2017_06.xml,all_2017_06.xml#item[180],bloom_season_06_10,20.52,18.0,37.2,3.0689827352935835,30,Round_6/log/source_snapshots/datagokr_algae_full_2017_2025_20260630_0951/all_2017_06.xml,all_2017_06.xml#item[180],-0.0182606075897623,-0.0127282399583679,0.3672295149639427,0.0818352026462844,2014601,4.86945,comparison_or_unresolved,contains_near_zero_or_nonpositive_discharge,0,0,0,10.440963870598653,3.0689827352935835,낙동강
달성보,2014A25,2018,27588.178571428572,2316.5,159000.0,10.225178894076148,28,Round_6/log/source_snapshots/datagokr_algae_full_2017_2025_20260630_0951/all_2018_06.xml,all_2018_06.xml#item[139],bloom_season_06_10,17.035714285714285,10.8,52.9,2.892353919100156,28,Round_6/log/source_snapshots/datagokr_algae_full_2017_2025_20260630_0951/all_2018_06.xml,all_2018_06.xml#item[139],-0.0470076343591226,-0.036930711515515,0.1541930295165994,0.0205471227077532,2014601,3.15117,comparison_or_unresolved,robust_candidate_no_low_flow_flag,0,1,0,10.225178894076148,2.892353919100156,낙동강
달성보,2014A25,2019,21722.675675675677,13763.0,94429.0,9.986157989733574,37,Round_6/log/source_snapshots/datagokr_algae_full_2017_2025_20260630_0951/all_2019_06.xml,all_2019_06.xml#item[137],bloom_season_06_10,20.6027027027027,16.2,68.1,3.072818431987749,37,Round_6/log/source_snapshots/datagokr_algae_full_2017_2025_20260630_0951/all_2019_06.xml,all_2019_06.xml#item[137],0.0133996500292251,-0.0055352111424064,0.5136196701436441,0.2241815742035789,2014601,3.47368,comparison_or_unresolved,contains_near_zero_or_nonpositive_discharge,0,1,1,9.986157989733574,3.072818431987749,낙동강
달성보,2014A25,2020,4179.4,1231.0,33055.0,8.338162214720349,20,Round_6/log/source_snapshots/datagokr_algae_full_2017_2025_20260630_0951/all_2020_06.xml,all_2020_06.xml#item[141],bloom_season_06_10,23.64,23.55,49.8,3.204371138665319,20,Round_6/log/source_snapshots/datagokr_algae_full_2017_2025_20260630_0951/all_2020_06.xml,all_2020_06.xml#item[141],0.0241878627230923,-0.001767704085431,0.6657081817266203,0.339975816891284,2014601,1.85296,comparison_or_unresolved,robust_candidate_no_low_flow_flag,0,1,1,8.338162214720349,3.204371138665319,낙동강
달성보,2014A25,2021,9025.380952380952,705.0,74942.0,9.107906785609847,21,Round_6/log/source_snapshots/datagokr_algae_full_2017_2025_20260630_0951/all_2021_06.xml,all_2021_06.xml#item[141],bloom_season_06_10,19.50952380952381,14.1,50.6,3.0208893543366417,21,Round_6/log/source_snapshots/datagokr_algae_full_2017_2025_20260630_0951/all_2021_06.xml,all_2021_06.xml#item[141],-0.0007825113977834,-0.0056294011897609,0.4858495616049739,0.1601000478637438,2014601,3.18663,comparison_or_unresolved,robust_candidate_no_low_flow_flag,0,1,1,9.107906785609847,3.0208893543366417,낙동강
달성보,2014A25,2022,31568.75,5178.5,348349.0,10.359954662610324,20,Round_6/log/source_snapshots/datagokr_algae_full_2017_2025_20260630_0951/all_2022_06.xml,all_2022_06.xml#item[200],bloom_season_06_10,26.135,23.9,69.6,3.300824407515368,20,Round_6/log/source_snapshots/datagokr_algae_full_2017_2025_20260630_0951/all_2022_06.xml,all_2022_06.xml#item[200],-0.0016797457289605,0.0009611997184394,0.5251879071063824,0.3054768795783633,2014601,5.24582,comparison_or_unresolved,robust_candidate_no_low_flow_flag,0,1,1,10.359954662610324,3.300824407515368,낙동강
달성보,2014A25,2023,11582.25,2084.0,62952.0,9.357315368054346,16,Round_6/log/source_snapshots/datagokr_algae_full_2017_2025_20260630_0951/all_2023_06.xml,all_2023_06.xml#item[213],bloom_season_06_10,22.06875,19.25,63.5,3.138478887796172,16,Round_6/log/source_snapshots/datagokr_algae_full_2017_2025_20260630_0951/all_2023_06.xml,all_2023_06.xml#item[213],0.0035849371137363,-0.0132222916588955,0.4880624028381631,0.1729646927520098,2014601,1.73363,comparison_or_unresolved,robust_candidate_no_low_flow_flag,0,1,1,9.357315368054346,3.138478887796172,낙동강
달성보,2014A25,2024,58858.58823529412,1802.0,508400.0,10.982910026100305,17,Round_6/log/source_snapshots/datagokr_algae_full_2017_2025_20260630_0951/all_2024_06.xml,all_2024_06.xml#item[141],bloom_season_06_10,32.2764705882353,21.5,120.1,3.504850558292894,17,Round_6/log/source_snapshots/datagokr_algae_full_2017_2025_20260630_0951/all_2024_06.xml,all_2024_06.xml#item[141],0.0352799864938475,-0.0077104702295909,0.5802146199980848,0.1999825893607847,2014601,2.53845,comparison_or_unresolved,robust_candidate_no_low_flow_flag,0,1,1,10.982910026100305,3.504850558292894,낙동강
달성보,2014A25,2025,24354.894736842107,12100.0,204281.0,10.100529182861765,19,Round_6/log/source_snapshots/datagokr_algae_full_2017_2025_20260630_0951/all_2025_06.xml,all_2025_06.xml#item[142],bloom_season_06_10,30.92105263157895,16.1,84.6,3.4632657492176646,19,Round_6/log/source_snapshots/datagokr_algae_full_2017_2025_20260630_0951/all_2025_06.xml,all_2025_06.xml#item[142],0.0256781757272771,-0.0015965332772272,0.6053806784117587,0.1793161960056706,2014601,3.43566,comparison_or_unresolved,robust_candidate_no_low_flow_flag,0,1,1,10.100529182861765,3.4632657492176646,낙동강
백제보,3012A42,2017,4668.0,3368.0,23054.0,8.448700194970938,21,Round_6/log/source_snapshots/datagokr_algae_full_2017_2025_20260630_0951/all_2017_06.xml,all_2017_06.xml#item[211],bloom_season_06_10,39.42380952380952,35.8,85.0,3.6994189560204993,21,Round_6/log/source_snapshots/datagokr_algae_full_2017_2025_20260630_0951/all_2017_06.xml,all_2017_06.xml#item[211],0.0464343653421692,-0.005283742888505,0.7277645831132967,0.1582111736089859,3012602,2.38669,documented_opened_examples,robust_candidate_no_low_flow_flag,1,0,0,8.448700194970938,3.6994189560204993,금강
백제보,3012A42,2018,37789.107142857145,340.0,398820.0,10.539802631556691,28,Round_6/log/source_snapshots/datagokr_algae_full_2017_2025_20260630_0951/all_2018_06.xml,all_2018_06.xml#item[159],bloom_season_06_10,49.496428571428574,32.55,123.0,3.921902612422591,28,Round_6/log/source_snapshots/datagokr_algae_full_2017_2025_20260630_0951/all_2018_06.xml,all_2018_06.xml#item[159],0.1252144119214139,0.0021274549685942,0.7561106406253478,0.1600002768321851,3012602,1.82184,documented_opened_examples,robust_candidate_no_low_flow_flag,1,1,0,10.539802631556691,3.921902612422591,금강
백제보,3012A42,2019,386.875,0.0,3475.0,5.960683122768544,24,Round_6/log/source_snapshots/datagokr_algae_full_2017_2025_20260630_0951/all_2019_06.xml,all_2019_06.xml#item[161],bloom_season_06_10,78.87916666666666,75.65,177.7,4.3805150761780585,24,Round_6/log/source_snapshots/datagokr_algae_full_2017_2025_20260630_0951/all_2019_06.xml,all_2019_06.xml#item[161],0.0886278429431606,0.009993253203855,0.9208190547893016,0.3173042509350721,3012602,2.81608,documented_opened_examples,robust_candidate_no_low_flow_flag,1,1,1,5.960683122768544,4.3805150761780585,금강
백제보,3012A42,2020,1651.428571428571,0.0,10140.0,7.410001346240088,21,Round_6/log/source_snapshots/datagokr_algae_full_2017_2025_20260630_0951/all_2020_06.xml,all_2020_06.xml#item[157],bloom_season_06_10,54.60952380952381,49.6,158.8,4.018354478126014,21,Round_6/log/source_snapshots/datagokr_algae_full_2017_2025_20260630_0951/all_2020_06.xml,all_2020_06.xml#item[157],0.0914213604882721,0.0059249184821225,0.8532109792776029,0.3552353871633074,3012602,0.715196,documented_opened_examples,robust_candidate_no_low_flow_flag,1,1,1,7.410001346240088,4.018354478126014,금강
백제보,3012A42,2021,1327.142857142857,0.0,10600.0,7.191536897400544,21,Round_6/log/source_snapshots/datagokr_algae_full_2017_2025_20260630_0951/all_2021_06.xml,all_2021_06.xml#item[157],bloom_season_06_10,72.38571428571429,64.8,185.1,4.295729288417909,21,Round_6/log/source_snapshots/datagokr_algae_full_2017_2025_20260630_0951/all_2021_06.xml,all_2021_06.xml#item[157],0.1233748724779559,0.0124861157178586,0.8810342002005124,0.3313678506803547,3012602,0.980027,documented_opened_examples,robust_candidate_no_low_flow_flag,1,1,1,7.191536897400544,4.295729288417909,금강
백제보,3012A42,2022,1654.7727272727273,1197.5,7320.0,7.412023083541594,22,Round_6/log/source_snapshots/datagokr_algae_full_2017_2025_20260630_0951/all_2022_06.xml,all_2022_06.xml#item[219],bloom_season_06_10,50.22727272727273,49.8,120.6,3.936272060681461,22,Round_6/log/source_snapshots/datagokr_algae_full_2017_2025_20260630_0951/all_2022_06.xml,all_2022_06.xml#item[219],0.077495083175028,0.0025081416760645,0.842747245796112,0.2198912306689101,3012602,1.37276,documented_opened_examples,robust_candidate_no_low_flow_flag,1,1,1,7.412023083541594,3.936272060681461,금강
백제보,3012A42,2023,2143.764705882353,730.0,14280.0,7.670785131117924,17,Round_6/log/source_snapshots/datagokr_algae_full_2017_2025_20260630_0951/all_2023_06.xml,all_2023_06.xml#item[233],bloom_season_06_10,49.923529411764704,39.2,112.9,3.930325084165512,17,Round_6/log/source_snapshots/datagokr_algae_full_2017_2025_20260630_0951/all_2023_06.xml,all_2023_06.xml#item[233],0.0494764217072393,0.0007540005890331,0.676400853606022,0.1964309937101926,3012602,0.73677,documented_opened_examples,robust_candidate_no_low_flow_flag,1,1,1,7.670785131117924,3.930325084165512,금강
백제보,3012A42,2024,2783.684210526316,920.0,16590.0,7.931889756534229,19,Round_6/log/source_snapshots/datagokr_algae_full_2017_2025_20260630_0951/all_2024_06.xml,all_2024_06.xml#item[157],bloom_season_06_10,53.15263157894736,52.2,131.8,3.991806570215324,19,Round_6/log/source_snapshots/datagokr_algae_full_2017_2025_20260630_0951/all_2024_06.xml,all_2024_06.xml#item[157],0.1250755398900039,0.0157813695060606,0.8616920032897155,0.3049457291889437,3012602,1.02414,documented_opened_examples,robust_candidate_no_low_flow_flag,1,1,1,7.931889756534229,3.991806570215324,금강
백제보,3012A42,2025,1297.904761904762,644.0,9990.0,7.169276697512271,21,Round_6/log/source_snapshots/datagokr_algae_full_2017_2025_20260630_0951/all_2025_06.xml,all_2025_06.xml#item[157],bloom_season_06_10,47.82380952380952,42.3,167.2,3.8882180939526223,21,Round_6/log/source_snapshots/datagokr_algae_full_2017_2025_20260630_0951/all_2025_06.xml,all_2025_06.xml#item[157],0.0728043787366367,0.0118378990254485,0.814718845965706,0.3816167486438306,3012602,1.368,documented_opened_examples,robust_candidate_no_low_flow_flag,1,1,1,7.169276697512271,3.8882180939526223,금강
상주보,2007A25,2017,2014.904761904762,700.0,9820.0,7.608823386956693,21,Round_6/log/source_snapshots/datagokr_algae_full_2017_2025_20260630_0951/all_2017_06.xml,all_2017_06.xml#item[151],bloom_season_06_10,18.9,19.2,41.5,2.990719731730447,21,Round_6/log/source_snapshots/datagokr_algae_full_2017_2025_20260630_0951/all_2017_06.xml,all_2017_06.xml#item[151],-0.056313408170475,-0.0100262948180766,0.1531882437003552,0.0814140752445848,2007601,3.61375,comparison_or_unresolved,robust_candidate_no_low_flow_flag,0,0,0,7.608823386956693,2.990719731730447,낙동강
상주보,2007A25,2018,9909.25,248.5,90263.0,9.201324854049227,24,Round_6/log/source_snapshots/datagokr_algae_full_2017_2025_20260630_0951/all_2018_06.xml,all_2018_06.xml#item[118],bloom_season_06_10,20.8875,21.15,53.6,3.0859156976119704,24,Round_6/log/source_snapshots/datagokr_algae_full_2017_2025_20260630_0951/all_2018_06.xml,all_2018_06.xml#item[118],-0.0001186476792232,-0.0098114562259008,0.3792766243060322,0.0886761966991593,2007601,2.9018,comparison_or_unresolved,robust_candidate_no_low_flow_flag,0,1,0,9.201324854049227,3.0859156976119704,낙동강
상주보,2007A25,2019,5536.166666666667,1243.0,46876.0,8.619238216905744,24,Round_6/log/source_snapshots/datagokr_algae_full_2017_2025_20260630_0951/all_2019_06.xml,all_2019_06.xml#item[117],bloom_season_06_10,19.083333333333332,17.25,42.5,2.9998902837026544,24,Round_6/log/source_snapshots/datagokr_algae_full_2017_2025_20260630_0951/all_2019_06.xml,all_2019_06.xml#item[117],0.0003007335859229,-0.0030258367827845,0.4608566310120955,0.2222601731352789,2007601,4.02286,comparison_or_unresolved,contains_near_zero_or_nonpositive_discharge,0,1,1,8.619238216905744,2.9998902837026544,낙동강
상주보,2007A25,2020,732.2,208.5,4441.0,6.59741851596555,20,Round_6/log/source_snapshots/datagokr_algae_full_2017_2025_20260630_0951/all_2020_06.xml,all_2020_06.xml#item[121],bloom_season_06_10,15.14,12.5,44.5,2.7813006628418027,20,Round_6/log/source_snapshots/datagokr_algae_full_2017_2025_20260630_0951/all_2020_06.xml,all_2020_06.xml#item[121],-0.0042830471799474,-0.0121848503071176,0.471705414021598,0.1995012790736996,2007601,1.66265,comparison_or_unresolved,contains_near_zero_or_nonpositive_discharge,0,1,1,6.59741851596555,2.7813006628418027,낙동강
상주보,2007A25,2021,1971.047619047619,1212.0,7920.0,7.586827682461103,21,Round_6/log/source_snapshots/datagokr_algae_full_2017_2025_20260630_0951/all_2021_06.xml,all_2021_06.xml#item[121],bloom_season_06_10,25.02857142857143,21.4,51.0,3.2591948357705447,21,Round_6/log/source_snapshots/datagokr_algae_full_2017_2025_20260630_0951/all_2021_06.xml,all_2021_06.xml#item[121],0.008832022822864,-0.002802755640044,0.491094838962642,0.2278820479761318,2007601,2.84595,comparison_or_unresolved,robust_candidate_no_low_flow_flag,0,1,1,7.586827682461103,3.2591948357705447,낙동강
상주보,2007A25,2022,3189.7,581.0,16959.0,8.067995607443068,20,Round_6/log/source_snapshots/datagokr_algae_full_2017_2025_20260630_0951/all_2022_06.xml,all_2022_06.xml#item[174],bloom_season_06_10,22.0,17.9,63.3,3.1354942159291497,20,Round_6/log/source_snapshots/datagokr_algae_full_2017_2025_20260630_0951/all_2022_06.xml,all_2022_06.xml#item[174],-0.0020017645470661,-0.0018556371017045,0.4916361491156635,0.1847614306309304,2007601,4.32164,comparison_or_unresolved,robust_candidate_no_low_flow_flag,0,1,1,8.067995607443068,3.1354942159291497,낙동강
상주보,2007A25,2023,1896.9,701.5,16340.0,7.548503290742874,20,Round_6/log/source_snapshots/datagokr_algae_full_2017_2025_20260630_0951/all_2023_06.xml,all_2023_06.xml#item[188],bloom_season_06_10,22.255000000000003,14.15,89.0,3.1465201626760604,20,Round_6/log/source_snapshots/datagokr_algae_full_2017_2025_20260630_0951/all_2023_06.xml,all_2023_06.xml#item[188],-0.0074262319856853,-0.0049208952120341,0.5047926145874337,0.2073084954404986,2007601,1.71982,comparison_or_unresolved,robust_candidate_no_low_flow_flag,0,1,1,7.548503290742874,3.1465201626760604,낙동강
상주보,2007A25,2024,2345.5789473684213,433.0,14606.0,7.76071377940254,19,Round_6/log/source_snapshots/datagokr_algae_full_2017_2025_20260630_0951/all_2024_06.xml,all_2024_06.xml#item[121],bloom_season_06_10,20.426315789473687,12.5,67.7,3.0646198763424928,19,Round_6/log/source_snapshots/datagokr_algae_full_2017_2025_20260630_0951/all_2024_06.xml,all_2024_06.xml#item[121],0.0125426562941586,-0.0029154664194715,0.477795966252668,0.1709664338464559,2007601,2.76356,comparison_or_unresolved,robust_candidate_no_low_flow_flag,0,1,1,7.76071377940254,3.0646198763424928,낙동강
상주보,2007A25,2025,11812.380952380952,800.0,61372.0,9.37698814700054,21,Round_6/log/source_snapshots/datagokr_algae_full_2017_2025_20260630_0951/all_2025_06.xml,all_2025_06.xml#item[121],bloom_season_06_10,15.571428571428571,14.2,33.6,2.8076800420510515,21,Round_6/log/source_snapshots/datagokr_algae_full_2017_2025_20260630_0951/all_2025_06.xml,all_2025_06.xml#item[121],0.000812198856137,0.0010106381621069,0.5339806230286546,0.1648951674295474,2007601,4.88116,comparison_or_unresolved,robust_candidate_no_low_flow_flag,0,1,1,9.37698814700054,2.8076800420510515,낙동강
세종보,3012A07,2017,1163.8,190.0,6360.0,7.060304677442422,20,Round_6/log/source_snapshots/datagokr_algae_full_2017_2025_20260630_0951/all_2017_06.xml,all_2017_06.xml#item[198],bloom_season_06_10,40.08,38.650000000000006,102.9,3.715521385060357,20,Round_6/log/source_snapshots/datagokr_algae_full_2017_2025_20260630_0951/all_2017_06.xml,all_2017_06.xml#item[198],0.085476823922767,0.0142922912353347,0.7282608695652174,0.5608695652173913,3010601,0.643281,documented_opened_examples,robust_candidate_no_low_flow_flag,1,0,0,7.060304677442422,3.715521385060357,금강
세종보,3012A07,2018,3066.740740740741,175.0,17185.0,8.028696654594663,27,Round_6/log/source_snapshots/datagokr_algae_full_2017_2025_20260630_0951/all_2018_06.xml,all_2018_06.xml#item[150],bloom_season_06_10,58.66296296296296,47.5,160.0,4.088711441999591,27,Round_6/log/source_snapshots/datagokr_algae_full_2017_2025_20260630_0951/all_2018_06.xml,all_2018_06.xml#item[150],0.1625989793108232,0.0290403370140326,0.8619565217391304,0.6543478260869565,3010601,0.127643,documented_opened_examples,robust_candidate_no_low_flow_flag,1,1,0,8.028696654594663,4.088711441999591,금강
세종보,3012A07,2019,11.923076923076923,0.0,310.0,2.559014621941722,26,Round_6/log/source_snapshots/datagokr_algae_full_2017_2025_20260630_0951/all_2019_06.xml,all_2019_06.xml#item[150],bloom_season_06_10,57.39615384615384,48.45,155.6,4.06725002886666,26,Round_6/log/source_snapshots/datagokr_algae_full_2017_2025_20260630_0951/all_2019_06.xml,all_2019_06.xml#item[150],0.1413221021924045,0.0505455619828756,0.9264612199394804,0.8620361522535434,3010601,0.193909,documented_opened_examples,robust_candidate_no_low_flow_flag,1,1,1,2.559014621941722,4.06725002886666,금강
세종보,3012A07,2020,705.0,0.0,3160.0,6.559615237493242,21,Round_6/log/source_snapshots/datagokr_algae_full_2017_2025_20260630_0951/all_2020_06.xml,all_2020_06.xml#item[149],bloom_season_06_10,25.176190476190477,13.9,84.8,3.264850237143192,21,Round_6/log/source_snapshots/datagokr_algae_full_2017_2025_20260630_0951/all_2020_06.xml,all_2020_06.xml#item[149],0.1153014374916791,0.0512732648117161,0.8806295154121245,0.8832995989517735,3010601,0.0739329,documented_opened_examples,robust_candidate_no_low_flow_flag,1,1,1,6.559615237493242,3.264850237143192,금강
세종보,3012A07,2021,496.9047619047619,0.0,2250.0,6.210408817580635,21,Round_6/log/source_snapshots/datagokr_algae_full_2017_2025_20260630_0951/all_2021_06.xml,all_2021_06.xml#item[149],bloom_season_06_10,36.90952380952381,23.6,116.9,3.6352023683711097,21,Round_6/log/source_snapshots/datagokr_algae_full_2017_2025_20260630_0951/all_2021_06.xml,all_2021_06.xml#item[149],0.1596912873591146,0.0507413185454731,0.8458410188844963,0.7854765041721556,3010601,0.13997,documented_opened_examples,robust_candidate_no_low_flow_flag,1,1,1,6.210408817580635,3.6352023683711097,금강
세종보,3012A07,2022,740.2272727272727,262.5,3770.0,6.608307289102961,22,Round_6/log/source_snapshots/datagokr_algae_full_2017_2025_20260630_0951/all_2022_06.xml,all_2022_06.xml#item[209],bloom_season_06_10,30.59090909090909,31.0,57.3,3.4528693922064764,22,Round_6/log/source_snapshots/datagokr_algae_full_2017_2025_20260630_0951/all_2022_06.xml,all_2022_06.xml#item[209],0.1178495818270557,0.0351857169695575,0.7836956521739129,0.6271739130434785,3010601,0.138053,documented_opened_examples,robust_candidate_no_low_flow_flag,1,1,1,6.608307289102961,3.4528693922064764,금강
세종보,3012A07,2023,1040.5555555555557,0.0,9150.0,6.948470601146433,18,Round_6/log/source_snapshots/datagokr_algae_full_2017_2025_20260630_0951/all_2023_06.xml,all_2023_06.xml#item[223],bloom_season_06_10,33.78333333333333,26.0,85.7,3.5491383448551,18,Round_6/log/source_snapshots/datagokr_algae_full_2017_2025_20260630_0951/all_2023_06.xml,all_2023_06.xml#item[223],0.1021362837327776,0.0443020617667356,0.803804347826087,0.7581521739130435,3010601,0.0946669,documented_opened_examples,robust_candidate_no_low_flow_flag,1,1,1,6.948470601146433,3.5491383448551,금강
세종보,3012A07,2024,969.0,50.0,4420.0,6.877296071497429,20,Round_6/log/source_snapshots/datagokr_algae_full_2017_2025_20260630_0951/all_2024_06.xml,all_2024_06.xml#item[149],bloom_season_06_10,39.875,29.7,94.4,3.7105186292174177,20,Round_6/log/source_snapshots/datagokr_algae_full_2017_2025_20260630_0951/all_2024_06.xml,all_2024_06.xml#item[149],0.1095353726959713,0.0472374773790354,0.7466183574879217,0.7021739130434786,3010601,0.0968494,documented_opened_examples,robust_candidate_no_low_flow_flag,1,1,1,6.877296071497429,3.7105186292174177,금강
세종보,3012A07,2025,551.5238095238095,480.0,2620.0,6.314496526624122,21,Round_6/log/source_snapshots/datagokr_algae_full_2017_2025_20260630_0951/all_2025_06.xml,all_2025_06.xml#item[149],bloom_season_06_10,29.6,16.8,97.6,3.4210000089583352,21,Round_6/log/source_snapshots/datagokr_algae_full_2017_2025_20260630_0951/all_2025_06.xml,all_2025_06.xml#item[149],0.1165786131823622,0.0494539061969393,0.7859213250517602,0.6910973084886125,3010601,0.12354,documented_opened_examples,robust_candidate_no_low_flow_flag,1,1,1,6.314496526624122,3.4210000089583352,금강
승촌보,5004A10,2017,3285.8333333333335,562.5,13840.0,8.097679867582015,24,Round_6/log/source_snapshots/datagokr_algae_full_2017_2025_20260630_0951/all_2017_06.xml,all_2017_06.xml#item[216],bloom_season_06_10,33.42916666666667,31.2,94.6,3.538904073359193,24,Round_6/log/source_snapshots/datagokr_algae_full_2017_2025_20260630_0951/all_2017_06.xml,all_2017_06.xml#item[216],0.1609374677032039,0.0041252356997187,0.8344235364738788,0.2925700460291013,5004601,4.4117,documented_opened_examples,contains_near_zero_or_nonpositive_discharge,1,0,0,8.097679867582015,3.538904073359193,영산강
승촌보,5004A10,2018,255.34615384615384,160.5,1153.0,5.546528694591327,26,Round_6/log/source_snapshots/datagokr_algae_full_2017_2025_20260630_0951/all_2018_06.xml,all_2018_06.xml#item[164],bloom_season_06_10,64.91538461538461,39.099999999999994,174.7,4.188371868213537,26,Round_6/log/source_snapshots/datagokr_algae_full_2017_2025_20260630_0951/all_2018_06.xml,all_2018_06.xml#item[164],0.0863414882415224,0.0064202238025545,0.7304922372190432,0.4083026510838257,5004601,1.67989,documented_opened_examples,contains_near_zero_or_nonpositive_discharge,1,1,0,5.546528694591327,4.188371868213537,영산강
승촌보,5004A10,2019,454.6363636363636,31.0,4025.0,6.1216950432175885,22,Round_6/log/source_snapshots/datagokr_algae_full_2017_2025_20260630_0951/all_2019_06.xml,all_2019_06.xml#item[166],bloom_season_06_10,42.89545454545455,42.25,106.9,3.781810773614557,22,Round_6/log/source_snapshots/datagokr_algae_full_2017_2025_20260630_0951/all_2019_06.xml,all_2019_06.xml#item[166],0.0632468577995502,0.0140395907637538,0.7151884326175362,0.4673261659227542,5004601,2.88546,documented_opened_examples,contains_near_zero_or_nonpositive_discharge,1,1,1,6.1216950432175885,3.781810773614557,영산강
승촌보,5004A10,2020,63.04761904761905,28.0,332.0,4.159626854312516,21,Round_6/log/source_snapshots/datagokr_algae_full_2017_2025_20260630_0951/all_2020_06.xml,all_2020_06.xml#item[161],bloom_season_06_10,64.02857142857142,45.9,214.7,4.174826733756808,21,Round_6/log/source_snapshots/datagokr_algae_full_2017_2025_20260630_0951/all_2020_06.xml,all_2020_06.xml#item[161],0.0615516448976362,0.0159590500777449,0.728077987284381,0.5808357996501681,5004601,1.20277,documented_opened_examples,contains_near_zero_or_nonpositive_discharge,1,1,1,4.159626854312516,4.174826733756808,영산강
승촌보,5004A10,2021,390.05,93.5,2018.0,5.968835429047621,20,Round_6/log/source_snapshots/datagokr_algae_full_2017_2025_20260630_0951/all_2021_06.xml,all_2021_06.xml#item[161],bloom_season_06_10,75.08,69.45,136.4,4.331785418237135,20,Round_6/log/source_snapshots/datagokr_algae_full_2017_2025_20260630_0951/all_2021_06.xml,all_2021_06.xml#item[161],0.1071555078104805,0.0185481161285997,0.8169992816906122,0.5266981581388339,5004601,2.6464,documented_opened_examples,robust_candidate_no_low_flow_flag,1,1,1,5.968835429047621,4.331785418237135,영산강
승촌보,5004A10,2022,473.7142857142857,150.0,2650.0,6.162713119299281,21,Round_6/log/source_snapshots/datagokr_algae_full_2017_2025_20260630_0951/all_2022_06.xml,all_2022_06.xml#item[224],bloom_season_06_10,45.74285714285715,38.2,96.7,3.844661455673279,21,Round_6/log/source_snapshots/datagokr_algae_full_2017_2025_20260630_0951/all_2022_06.xml,all_2022_06.xml#item[224],0.1705931697220647,0.0231899273839646,0.8930640823424507,0.5854493966269764,5004601,4.93137,documented_opened_examples,contains_near_zero_or_nonpositive_discharge,1,1,1,6.162713119299281,3.844661455673279,영산강
승촌보,5004A10,2023,941.7647058823528,57.0,10765.0,6.848816734937359,17,Round_6/log/source_snapshots/datagokr_algae_full_2017_2025_20260630_0951/all_2023_06.xml,all_2023_06.xml#item[238],bloom_season_06_10,29.45294117647059,30.1,61.2,3.4161825798516396,17,Round_6/log/source_snapshots/datagokr_algae_full_2017_2025_20260630_0951/all_2023_06.xml,all_2023_06.xml#item[238],0.1316236978152728,0.0352958000363196,0.8880250254126142,0.6445685735866097,5004601,1.33429,documented_opened_examples,robust_candidate_no_low_flow_flag,1,1,1,6.848816734937359,3.4161825798516396,영산강
승촌보,5004A10,2024,705.5,0.0,10778.0,6.560323202124582,22,Round_6/log/source_snapshots/datagokr_algae_full_2017_2025_20260630_0951/all_2024_06.xml,all_2024_06.xml#item[161],bloom_season_06_10,32.49090909090909,26.0,79.3,3.511274031582781,22,Round_6/log/source_snapshots/datagokr_algae_full_2017_2025_20260630_0951/all_2024_06.xml,all_2024_06.xml#item[161],0.1504670401360503,0.035128532325784,0.8407007246469347,0.5964328299036127,5004601,2.35029,documented_opened_examples,contains_near_zero_or_nonpositive_discharge,1,1,1,6.560323202124582,3.511274031582781,영산강
승촌보,5004A10,2025,1008.3,182.0,4861.0,6.917012300244814,20,Round_6/log/source_snapshots/datagokr_algae_full_2017_2025_20260630_0951/all_2025_06.xml,all_2025_06.xml#item[161],bloom_season_06_10,28.67,12.8,110.2,3.3901364343027303,20,Round_6/log/source_snapshots/datagokr_algae_full_2017_2025_20260630_0951/all_2025_06.xml,all_2025_06.xml#item[161],0.1147245412410312,0.0227749579367929,0.7725454631757334,0.5522574533589918,5004601,1.4027,documented_opened_examples,contains_near_zero_or_nonpositive_discharge,1,1,1,6.917012300244814,3.3901364343027303,영산강
여주보,1007A27,2017,0.0,0.0,0.0,0.0,18,Round_6/log/source_snapshots/datagokr_algae_full_2017_2025_20260630_0951/all_2017_06.xml,all_2017_06.xml#item[141],bloom_season_06_10,8.65,6.95,27.8,2.2669579153508947,18,Round_6/log/source_snapshots/datagokr_algae_full_2017_2025_20260630_0951/all_2017_06.xml,all_2017_06.xml#item[141],-0.0629434639197673,-0.0073813739917699,0.1929269644431381,0.0997347698700985,1007602,0.687588,stayed_closed_or_source_summary_examples,robust_candidate_no_low_flow_flag,0,0,0,0.0,2.2669579153508947,한강(남한강)
여주보,1007A27,2018,38.095238095238095,0.0,366.0,3.666000671729005,21,Round_6/log/source_snapshots/datagokr_algae_full_2017_2025_20260630_0951/all_2018_06.xml,all_2018_06.xml#item[110],bloom_season_06_10,18.240909090909092,11.25,51.2,2.957038694168562,22,Round_6/log/source_snapshots/datagokr_algae_full_2017_2025_20260630_0951/all_2018_06.xml,all_2018_06.xml#item[110],-0.0270410613332646,-0.0099798862065628,0.3554238065086014,0.1167619996576826,1007602,0.592571,stayed_closed_or_source_summary_examples,robust_candidate_no_low_flow_flag,0,1,0,3.666000671729005,2.957038694168562,한강(남한강)
여주보,1007A27,2019,69.86363636363636,0.0,940.0,4.2607574156994605,22,Round_6/log/source_snapshots/datagokr_algae_full_2017_2025_20260630_0951/all_2019_06.xml,all_2019_06.xml#item[109],bloom_season_06_10,16.972727272727273,15.4,40.3,2.8888554573782006,22,Round_6/log/source_snapshots/datagokr_algae_full_2017_2025_20260630_0951/all_2019_06.xml,all_2019_06.xml#item[109],-0.0141090255704014,0.0010385059371504,0.3300034942093294,0.1607932721211018,1007602,1.09355,stayed_closed_or_source_summary_examples,robust_candidate_no_low_flow_flag,0,1,1,4.2607574156994605,2.8888554573782006,한강(남한강)
여주보,1007A27,2020,0.0,0.0,0.0,0.0,14,Round_6/log/source_snapshots/datagokr_algae_full_2017_2025_20260630_0951/all_2020_06.xml,all_2020_06.xml#item[113],bloom_season_06_10,8.014285714285714,7.5,15.6,2.1988106204918543,14,Round_6/log/source_snapshots/datagokr_algae_full_2017_2025_20260630_0951/all_2020_06.xml,all_2020_06.xml#item[113],-0.0082002462845828,0.002885139101598,0.364317332467115,0.2243092381592198,1007602,0.386433,stayed_closed_or_source_summary_examples,robust_candidate_no_low_flow_flag,0,1,1,0.0,2.1988106204918543,한강(남한강)
여주보,1007A27,2021,0.0,0.0,0.0,0.0,13,Round_6/log/source_snapshots/datagokr_algae_full_2017_2025_20260630_0951/all_2021_06.xml,all_2021_06.xml#item[114],bloom_season_06_10,4.392307692307693,1.8,15.2,1.6849734365790077,13,Round_6/log/source_snapshots/datagokr_algae_full_2017_2025_20260630_0951/all_2021_06.xml,all_2021_06.xml#item[114],-0.0025355430323887,0.0049034540216835,0.4258528305033039,0.2658145101727859,1007602,0.773837,stayed_closed_or_source_summary_examples,robust_candidate_no_low_flow_flag,0,1,1,0.0,1.6849734365790077,한강(남한강)
여주보,1007A27,2022,0.0,0.0,0.0,0.0,13,Round_6/log/source_snapshots/datagokr_algae_full_2017_2025_20260630_0951/all_2022_06.xml,all_2022_06.xml#item[164],bloom_season_06_10,5.6461538461538465,4.0,22.3,1.8940383183484732,13,Round_6/log/source_snapshots/datagokr_algae_full_2017_2025_20260630_0951/all_2022_06.xml,all_2022_06.xml#item[164],-0.0096336784009964,0.0059116032493743,0.4113097262721553,0.21651530664259,1007602,0.492676,stayed_closed_or_source_summary_examples,robust_candidate_no_low_flow_flag,0,1,1,0.0,1.8940383183484732,한강(남한강)
여주보,1007A27,2023,0.0,0.0,0.0,0.0,10,Round_6/log/source_snapshots/datagokr_algae_full_2017_2025_20260630_0951/all_2023_06.xml,all_2023_06.xml#item[179],bloom_season_06_10,11.12,7.6,28.8,2.4948569806411687,10,Round_6/log/source_snapshots/datagokr_algae_full_2017_2025_20260630_0951/all_2023_06.xml,all_2023_06.xml#item[179],-0.0063053876103964,-0.0059691550890861,0.3766634689818754,0.1661567429097469,1007602,0.448037,stayed_closed_or_source_summary_examples,robust_candidate_no_low_flow_flag,0,1,1,0.0,2.4948569806411687,한강(남한강)
여주보,1007A27,2024,0.0,0.0,0.0,0.0,10,Round_6/log/source_snapshots/datagokr_algae_full_2017_2025_20260630_0951/all_2024_06.xml,all_2024_06.xml#item[114],bloom_season_06_10,9.92,6.1,28.6,2.390595970316759,10,Round_6/log/source_snapshots/datagokr_algae_full_2017_2025_20260630_0951/all_2024_06.xml,all_2024_06.xml#item[114],0.0067461200977917,0.005006309713725,0.5308374169309278,0.2210957123352077,1007602,0.503294,stayed_closed_or_source_summary_examples,robust_candidate_no_low_flow_flag,0,1,1,0.0,2.390595970316759,한강(남한강)
여주보,1007A27,2025,0.0,0.0,0.0,0.0,9,Round_6/log/source_snapshots/datagokr_algae_full_2017_2025_20260630_0951/all_2025_07.xml,all_2025_07.xml#item[144],bloom_season_06_10,12.11111111111111,9.5,29.5,2.5734600471294455,9,Round_6/log/source_snapshots/datagokr_algae_full_2017_2025_20260630_0951/all_2025_07.xml,all_2025_07.xml#item[144],-0.0109355552693448,0.0034798267033222,0.4046246699859174,0.2480030800746049,1007602,0.690838,stayed_closed_or_source_summary_examples,robust_candidate_no_low_flow_flag,0,1,1,0.0,2.5734600471294455,한강(남한강)
이포보,1007A60,2017,0.0,0.0,0.0,0.0,18,Round_6/log/source_snapshots/datagokr_algae_full_2017_2025_20260630_0951/all_2017_06.xml,all_2017_06.xml#item[146],bloom_season_06_10,13.827777777777778,12.8,42.8,2.696502298514314,18,Round_6/log/source_snapshots/datagokr_algae_full_2017_2025_20260630_0951/all_2017_06.xml,all_2017_06.xml#item[146],-0.0669186834312081,-0.0087919669556185,0.1494000477918612,0.0902138832410861,1007603,0.786497,comparison_or_unresolved,robust_candidate_no_low_flow_flag,0,0,0,0.0,2.696502298514314,한강(남한강)
이포보,1007A60,2018,95.85714285714286,0.0,823.0,4.573237138885082,21,Round_6/log/source_snapshots/datagokr_algae_full_2017_2025_20260630_0951/all_2018_06.xml,all_2018_06.xml#item[114],bloom_season_06_10,23.518181818181816,16.65,58.9,3.199414957347314,22,Round_6/log/source_snapshots/datagokr_algae_full_2017_2025_20260630_0951/all_2018_06.xml,all_2018_06.xml#item[114],0.0003780151429466,-0.0132003225150215,0.4202398027890905,0.098721107894327,1007603,0.651081,comparison_or_unresolved,robust_candidate_no_low_flow_flag,0,1,0,4.573237138885082,3.199414957347314,한강(남한강)
이포보,1007A60,2019,32.72727272727273,0.0,460.0,3.5183067898090647,22,Round_6/log/source_snapshots/datagokr_algae_full_2017_2025_20260630_0951/all_2019_06.xml,all_2019_06.xml#item[113],bloom_season_06_10,17.900000000000002,19.65,36.1,2.9391619220655967,22,Round_6/log/source_snapshots/datagokr_algae_full_2017_2025_20260630_0951/all_2019_06.xml,all_2019_06.xml#item[113],-0.0243805528784824,0.0010165587344986,0.3371925087143816,0.1480609447673576,1007603,1.22234,comparison_or_unresolved,robust_candidate_no_low_flow_flag,0,1,1,3.5183067898090647,2.9391619220655967,한강(남한강)
이포보,1007A60,2020,0.0,0.0,0.0,0.0,14,Round_6/log/source_snapshots/datagokr_algae_full_2017_2025_20260630_0951/all_2020_06.xml,all_2020_06.xml#item[117],bloom_season_06_10,10.642857142857142,10.55,21.2,2.4546928711915035,14,Round_6/log/source_snapshots/datagokr_algae_full_2017_2025_20260630_0951/all_2020_06.xml,all_2020_06.xml#item[117],-0.0381959019705207,0.0035321568864858,0.2766871426897004,0.2422160579734005,1007603,0.455252,comparison_or_unresolved,robust_candidate_no_low_flow_flag,0,1,1,0.0,2.4546928711915035,한강(남한강)
이포보,1007A60,2021,0.0,0.0,0.0,0.0,13,Round_6/log/source_snapshots/datagokr_algae_full_2017_2025_20260630_0951/all_2021_06.xml,all_2021_06.xml#item[118],bloom_season_06_10,3.4384615384615387,3.1,12.8,1.4903078160525172,13,Round_6/log/source_snapshots/datagokr_algae_full_2017_2025_20260630_0951/all_2021_06.xml,all_2021_06.xml#item[118],-0.0247783191501521,0.0016707274171401,0.3722648639345347,0.2351955344416624,1007603,0.926131,comparison_or_unresolved,robust_candidate_no_low_flow_flag,0,1,1,0.0,1.4903078160525172,한강(남한강)
이포보,1007A60,2022,0.0,0.0,0.0,0.0,13,Round_6/log/source_snapshots/datagokr_algae_full_2017_2025_20260630_0951/all_2022_06.xml,all_2022_06.xml#item[169],bloom_season_06_10,5.384615384615385,3.5,18.3,1.8538912503350613,13,Round_6/log/source_snapshots/datagokr_algae_full_2017_2025_20260630_0951/all_2022_06.xml,all_2022_06.xml#item[169],-0.0423641635172,0.0103150407240116,0.3263602572959955,0.2650828320206787,1007603,0.555803,comparison_or_unresolved,robust_candidate_no_low_flow_flag,0,1,1,0.0,1.8538912503350613,한강(남한강)
이포보,1007A60,2023,0.0,0.0,0.0,0.0,10,Round_6/log/source_snapshots/datagokr_algae_full_2017_2025_20260630_0951/all_2023_06.xml,all_2023_06.xml#item[184],bloom_season_06_10,18.76,14.75,58.8,2.983659692319722,10,Round_6/log/source_snapshots/datagokr_algae_full_2017_2025_20260630_0951/all_2023_06.xml,all_2023_06.xml#item[184],-0.0076267742476715,-0.0087117291563105,0.3761991684149899,0.1786492014742236,1007603,0.525841,comparison_or_unresolved,robust_candidate_no_low_flow_flag,0,1,1,0.0,2.983659692319722,한강(남한강)
이포보,1007A60,2024,0.0,0.0,0.0,0.0,11,Round_6/log/source_snapshots/datagokr_algae_full_2017_2025_20260630_0951/all_2024_06.xml,all_2024_06.xml#item[118],bloom_season_06_10,18.236363636363635,15.9,46.3,2.9568024271857736,11,Round_6/log/source_snapshots/datagokr_algae_full_2017_2025_20260630_0951/all_2024_06.xml,all_2024_06.xml#item[118],0.0049169739281583,0.0039632517283535,0.5472473405838773,0.2048878009548342,1007603,0.59458,comparison_or_unresolved,robust_candidate_no_low_flow_flag,0,1,1,0.0,2.9568024271857736,한강(남한강)
이포보,1007A60,2025,0.0,0.0,0.0,0.0,9,Round_6/log/source_snapshots/datagokr_algae_full_2017_2025_20260630_0951/all_2025_07.xml,all_2025_07.xml#item[149],bloom_season_06_10,27.577777777777776,30.5,43.3,3.352629415027245,9,Round_6/log/source_snapshots/datagokr_algae_full_2017_2025_20260630_0951/all_2025_07.xml,all_2025_07.xml#item[149],-0.0195049735671819,0.0022869974382043,0.3811783745953757,0.2253607034353614,1007603,0.772848,comparison_or_unresolved,robust_candidate_no_low_flow_flag,0,1,1,0.0,3.352629415027245,한강(남한강)
죽산보,5004A35,2017,31115.833333333332,4570.0,357600.0,10.34550421647381,30,Round_6/log/source_snapshots/datagokr_algae_full_2017_2025_20260630_0951/all_2017_06.xml,all_2017_06.xml#item[222],bloom_season_06_10,29.526666666666664,19.05,116.4,3.4186006185608395,30,Round_6/log/source_snapshots/datagokr_algae_full_2017_2025_20260630_0951/all_2017_06.xml,all_2017_06.xml#item[222],0.1133068358305992,-0.0064548732411043,0.8967149108431519,0.099100381238248,5004602,7.70832,documented_opened_examples,robust_candidate_no_low_flow_flag,1,0,0,10.34550421647381,3.4186006185608395,영산강
죽산보,5004A35,2018,34184.25925925926,1094.0,259700.0,10.43954981432555,27,Round_6/log/source_snapshots/datagokr_algae_full_2017_2025_20260630_0951/all_2018_06.xml,all_2018_06.xml#item[168],bloom_season_06_10,42.785185185185185,36.4,135.5,3.77929552238594,27,Round_6/log/source_snapshots/datagokr_algae_full_2017_2025_20260630_0951/all_2018_06.xml,all_2018_06.xml#item[168],,,,,5004602,2.78489,documented_opened_examples,contains_near_zero_or_nonpositive_discharge,1,1,0,10.43954981432555,3.77929552238594,영산강
죽산보,5004A35,2019,262.77272727272725,60.5,2280.0,5.5750878508322925,22,Round_6/log/source_snapshots/datagokr_algae_full_2017_2025_20260630_0951/all_2019_06.xml,all_2019_06.xml#item[170],bloom_season_06_10,39.345454545454544,34.0,102.4,3.697478737700123,22,Round_6/log/source_snapshots/datagokr_algae_full_2017_2025_20260630_0951/all_2019_06.xml,all_2019_06.xml#item[170],0.1629385432797343,0.0346116793802675,0.8968439309515986,0.5661945889524417,5004602,3.60632,documented_opened_examples,contains_near_zero_or_nonpositive_discharge,1,1,1,5.5750878508322925,3.697478737700123,영산강
죽산보,5004A35,2020,628.4761904761905,33.0,3842.0,6.444888029855977,21,Round_6/log/source_snapshots/datagokr_algae_full_2017_2025_20260630_0951/all_2020_06.xml,all_2020_06.xml#item[165],bloom_season_06_10,66.76190476190476,36.7,238.5,4.21600016036643,21,Round_6/log/source_snapshots/datagokr_algae_full_2017_2025_20260630_0951/all_2020_06.xml,all_2020_06.xml#item[165],0.1541450373098748,0.0465235775188392,0.8924733170191954,0.6194939440812225,5004602,1.76758,documented_opened_examples,contains_near_zero_or_nonpositive_discharge,1,1,1,6.444888029855977,4.21600016036643,영산강
죽산보,5004A35,2021,4099.8,718.0,33791.0,8.318937355609807,20,Round_6/log/source_snapshots/datagokr_algae_full_2017_2025_20260630_0951/all_2021_06.xml,all_2021_06.xml#item[165],bloom_season_06_10,68.9,68.2,118.0,4.247065649239764,20,Round_6/log/source_snapshots/datagokr_algae_full_2017_2025_20260630_0951/all_2021_06.xml,all_2021_06.xml#item[165],0.2136740441622915,0.0477463005588275,0.9785951556493788,0.5929177039932361,5004602,3.97403,documented_opened_examples,robust_candidate_no_low_flow_flag,1,1,1,8.318937355609807,4.247065649239764,영산강
죽산보,5004A35,2022,4605.857142857143,2550.0,24650.0,8.435301155741689,21,Round_6/log/source_snapshots/datagokr_algae_full_2017_2025_20260630_0951/all_2022_06.xml,all_2022_06.xml#item[229],bloom_season_06_10,40.07142857142857,39.8,76.2,3.715312711182092,21,Round_6/log/source_snapshots/datagokr_algae_full_2017_2025_20260630_0951/all_2022_06.xml,all_2022_06.xml#item[229],0.2108791880246822,0.0291882847815806,0.9576785293288956,0.4821430158334368,5004602,7.69144,documented_opened_examples,robust_candidate_no_low_flow_flag,1,1,1,8.435301155741689,3.715312711182092,영산강
죽산보,5004A35,2023,3732.277777777778,1391.5,17810.0,8.225041887551972,18,Round_6/log/source_snapshots/datagokr_algae_full_2017_2025_20260630_0951/all_2023_06.xml,all_2023_06.xml#item[243],bloom_season_06_10,23.044444444444444,22.25,65.8,3.179903969636107,18,Round_6/log/source_snapshots/datagokr_algae_full_2017_2025_20260630_0951/all_2023_06.xml,all_2023_06.xml#item[243],0.2028558144379291,0.0490299530884475,0.9309408189434584,0.6106572047128639,5004602,1.90442,documented_opened_examples,mean_daily_tau_sensitive_to_low_flow,1,1,1,8.225041887551972,3.179903969636107,영산강
죽산보,5004A35,2024,9041.59090909091,50.5,77808.0,9.10970101731079,22,Round_6/log/source_snapshots/datagokr_algae_full_2017_2025_20260630_0951/all_2024_06.xml,all_2024_06.xml#item[165],bloom_season_06_10,36.63181818181818,32.95,88.3,3.627849920786444,22,Round_6/log/source_snapshots/datagokr_algae_full_2017_2025_20260630_0951/all_2024_06.xml,all_2024_06.xml#item[165],0.2505494579007654,0.0951728736810434,0.980009724156595,0.6322132965640709,5004602,3.32552,documented_opened_examples,contains_near_zero_or_nonpositive_discharge,1,1,1,9.10970101731079,3.627849920786444,영산강
죽산보,5004A35,2025,5216.8,1031.5,38700.0,8.559831136100472,20,Round_6/log/source_snapshots/datagokr_algae_full_2017_2025_20260630_0951/all_2025_06.xml,all_2025_06.xml#item[165],bloom_season_06_10,33.345,27.0,120.3,3.536456447665845,20,Round_6/log/source_snapshots/datagokr_algae_full_2017_2025_20260630_0951/all_2025_06.xml,all_2025_06.xml#item[165],0.2296669934290879,0.0729068281640274,0.9222991951476148,0.6444844934468712,5004602,2.24905,documented_opened_examples,robust_candidate_no_low_flow_flag,1,1,1,8.559831136100472,3.536456447665845,영산강
창녕함안보,2020A32,2017,51808.82608695652,23333.0,324367.0,10.85533510305656,23,Round_6/log/source_snapshots/datagokr_algae_full_2017_2025_20260630_0951/all_2017_06.xml,all_2017_06.xml#item[56],bloom_season_06_10,31.317391304347822,25.5,58.9,3.475605515802098,23,Round_6/log/source_snapshots/datagokr_algae_full_2017_2025_20260630_0951/all_2017_06.xml,all_2017_06.xml#item[56],,,,,2017601,5.52492,comparison_or_unresolved,robust_candidate_no_low_flow_flag,0,0,0,10.85533510305656,3.475605515802098,낙동강
창녕함안보,2020A32,2018,84739.4,2748.0,715993.0,11.347347744490392,20,Round_6/log/source_snapshots/datagokr_algae_full_2017_2025_20260630_0951/all_2018_06.xml,all_2018_06.xml#item[45],bloom_season_06_10,29.225,22.15,97.9,3.4086693965008563,20,Round_6/log/source_snapshots/datagokr_algae_full_2017_2025_20260630_0951/all_2018_06.xml,all_2018_06.xml#item[45],-0.007710162444305,-0.0317863431049017,0.3299235529831009,0.125878356119439,2017601,3.20671,comparison_or_unresolved,robust_candidate_no_low_flow_flag,0,1,0,11.347347744490392,3.4086693965008563,낙동강
창녕함안보,2020A32,2019,43452.86363636364,21039.0,223562.0,10.67945504817556,22,Round_6/log/source_snapshots/datagokr_algae_full_2017_2025_20260630_0951/all_2019_06.xml,all_2019_06.xml#item[45],bloom_season_06_10,26.527272727272727,24.45,45.6,3.315177248764923,22,Round_6/log/source_snapshots/datagokr_algae_full_2017_2025_20260630_0951/all_2019_06.xml,all_2019_06.xml#item[45],0.0777499200994676,0.0193370475268733,0.6270104471794785,0.4013140651346887,2017601,4.04752,comparison_or_unresolved,robust_candidate_no_low_flow_flag,0,1,1,10.67945504817556,3.315177248764923,낙동강
창녕함안보,2020A32,2020,8366.111111111111,3196.5,47793.0,9.032063955890838,18,Round_6/log/source_snapshots/datagokr_algae_full_2017_2025_20260630_0951/all_2020_06.xml,all_2020_06.xml#item[49],bloom_season_06_10,26.23888888888889,18.2,83.8,3.304645690761023,18,Round_6/log/source_snapshots/datagokr_algae_full_2017_2025_20260630_0951/all_2020_06.xml,all_2020_06.xml#item[49],0.1133560078766175,0.0133017562449351,0.7606555556340988,0.2987041984500743,2017601,2.03598,comparison_or_unresolved,robust_candidate_no_low_flow_flag,0,1,1,9.032063955890838,3.304645690761023,낙동강
창녕함안보,2020A32,2021,9335.666666666666,2106.0,43366.0,9.141704579586044,21,Round_6/log/source_snapshots/datagokr_algae_full_2017_2025_20260630_0951/all_2021_06.xml,all_2021_06.xml#item[49],bloom_season_06_10,25.29047619047619,25.4,50.6,3.269206751566576,21,Round_6/log/source_snapshots/datagokr_algae_full_2017_2025_20260630_0951/all_2021_06.xml,all_2021_06.xml#item[49],0.1237866578736041,0.0242903897346239,0.694085659573498,0.4241026870352689,2017601,3.17242,comparison_or_unresolved,robust_candidate_no_low_flow_flag,0,1,1,9.141704579586044,3.269206751566576,낙동강
창녕함안보,2020A32,2022,37466.1,8555.0,151711.0,10.531218493543031,20,Round_6/log/source_snapshots/datagokr_algae_full_2017_2025_20260630_0951/all_2022_06.xml,all_2022_06.xml#item[81],bloom_season_06_10,38.915,35.2,81.7,3.686752193097762,20,Round_6/log/source_snapshots/datagokr_algae_full_2017_2025_20260630_0951/all_2022_06.xml,all_2022_06.xml#item[81],0.1313460796525273,0.0233023858334255,0.6856088011472622,0.2724642739806865,2017601,5.46544,comparison_or_unresolved,robust_candidate_no_low_flow_flag,0,1,1,10.531218493543031,3.686752193097762,낙동강
창녕함안보,2020A32,2023,22002.6,2696.0,168823.0,9.99896135531712,15,Round_6/log/source_snapshots/datagokr_algae_full_2017_2025_20260630_0951/all_2023_06.xml,all_2023_06.xml#item[96],bloom_season_06_10,27.32,24.2,58.9,3.343568268825519,15,Round_6/log/source_snapshots/datagokr_algae_full_2017_2025_20260630_0951/all_2023_06.xml,all_2023_06.xml#item[96],0.0866303307847359,0.0182684312673456,0.5503294211575778,0.2847096381906098,2017601,2.00175,comparison_or_unresolved,robust_candidate_no_low_flow_flag,0,1,1,9.99896135531712,3.343568268825519,낙동강
창녕함안보,2020A32,2024,40944.47619047619,5579.0,238240.0,10.619996611639742,21,Round_6/log/source_snapshots/datagokr_algae_full_2017_2025_20260630_0951/all_2024_06.xml,all_2024_06.xml#item[49],bloom_season_06_10,28.623809523809523,20.1,67.2,3.388578413797551,21,Round_6/log/source_snapshots/datagokr_algae_full_2017_2025_20260630_0951/all_2024_06.xml,all_2024_06.xml#item[49],0.1191648024038516,0.0180887445177497,0.6858690563132369,0.2766322754580856,2017601,2.70046,comparison_or_unresolved,robust_candidate_no_low_flow_flag,0,1,1,10.619996611639742,3.388578413797551,낙동강
창녕함안보,2020A32,2025,16337.823529411764,10500.0,70886.0,9.701299366397906,17,Round_6/log/source_snapshots/datagokr_algae_full_2017_2025_20260630_0951/all_2025_06.xml,all_2025_06.xml#item[49],bloom_season_06_10,39.9,38.1,96.9,3.711130063048756,17,Round_6/log/source_snapshots/datagokr_algae_full_2017_2025_20260630_0951/all_2025_06.xml,all_2025_06.xml#item[49],0.0888745348841034,0.0480157995128782,0.5747810231594129,0.3481516013764128,2017601,3.71217,comparison_or_unresolved,robust_candidate_no_low_flow_flag,0,1,1,9.701299366397906,3.711130063048756,낙동강
칠곡보,2011A25,2017,5582.0,1409.0,23125.0,8.62748154531036,21,Round_6/log/source_snapshots/datagokr_algae_full_2017_2025_20260630_0951/all_2017_06.xml,all_2017_06.xml#item[170],bloom_season_06_10,15.776190476190475,10.6,32.8,2.819960647623769,21,Round_6/log/source_snapshots/datagokr_algae_full_2017_2025_20260630_0951/all_2017_06.xml,all_2017_06.xml#item[170],-0.0114554330399652,-0.0066494494101682,0.3718984017252537,0.2135456190366578,2011601,8.52069,stayed_closed_or_source_summary_examples,robust_candidate_no_low_flow_flag,0,0,0,8.62748154531036,2.819960647623769,낙동강
칠곡보,2011A25,2018,2980.0454545454545,1086.5,23100.0,8.000029341648185,22,Round_6/log/source_snapshots/datagokr_algae_full_2017_2025_20260630_0951/all_2018_06.xml,all_2018_06.xml#item[131],bloom_season_06_10,11.05909090909091,10.3,25.5,2.4898188077853782,22,Round_6/log/source_snapshots/datagokr_algae_full_2017_2025_20260630_0951/all_2018_06.xml,all_2018_06.xml#item[131],-0.0710513243660182,-0.041701075326304,0.0601612425449379,0.0306175932861517,2011601,5.35045,stayed_closed_or_source_summary_examples,robust_candidate_no_low_flow_flag,0,1,0,8.000029341648185,2.4898188077853782,낙동강
칠곡보,2011A25,2019,4836.090909090909,1707.5,24809.0,8.484068767165887,22,Round_6/log/source_snapshots/datagokr_algae_full_2017_2025_20260630_0951/all_2019_06.xml,all_2019_06.xml#item[129],bloom_season_06_10,16.15909090909091,14.7,50.4,2.842528115330764,22,Round_6/log/source_snapshots/datagokr_algae_full_2017_2025_20260630_0951/all_2019_06.xml,all_2019_06.xml#item[129],0.0156789201349799,0.00383394497151,0.5599939964624066,0.3599731574386325,2011601,8.85746,stayed_closed_or_source_summary_examples,robust_candidate_no_low_flow_flag,0,1,1,8.484068767165887,2.842528115330764,낙동강
칠곡보,2011A25,2020,1479.421052631579,370.0,16637.0,7.300081821318464,19,Round_6/log/source_snapshots/datagokr_algae_full_2017_2025_20260630_0951/all_2020_06.xml,all_2020_06.xml#item[133],bloom_season_06_10,21.726315789473684,14.5,88.4,3.1235235389142666,19,Round_6/log/source_snapshots/datagokr_algae_full_2017_2025_20260630_0951/all_2020_06.xml,all_2020_06.xml#item[133],0.0044768866046357,-0.0071214246785899,0.5536427227612241,0.2843387973363172,2011601,3.04183,stayed_closed_or_source_summary_examples,robust_candidate_no_low_flow_flag,0,1,1,7.300081821318464,3.1235235389142666,낙동강
칠곡보,2011A25,2021,5747.714285714285,925.0,51350.0,8.656731506304162,21,Round_6/log/source_snapshots/datagokr_algae_full_2017_2025_20260630_0951/all_2021_06.xml,all_2021_06.xml#item[133],bloom_season_06_10,21.323809523809523,16.5,54.1,3.10565380053938,21,Round_6/log/source_snapshots/datagokr_algae_full_2017_2025_20260630_0951/all_2021_06.xml,all_2021_06.xml#item[133],0.008367779931222,-0.0061438503459332,0.5114939405583702,0.1890178201203714,2011601,5.43001,stayed_closed_or_source_summary_examples,robust_candidate_no_low_flow_flag,0,1,1,8.656731506304162,3.10565380053938,낙동강
칠곡보,2011A25,2022,10279.85,2003.5,127406.0,9.238038220415858,20,Round_6/log/source_snapshots/datagokr_algae_full_2017_2025_20260630_0951/all_2022_06.xml,all_2022_06.xml#item[190],bloom_season_06_10,23.635,15.75,104.8,3.2041681959959263,20,Round_6/log/source_snapshots/datagokr_algae_full_2017_2025_20260630_0951/all_2022_06.xml,all_2022_06.xml#item[190],0.010202436462912,0.0043288197117667,0.5044597796954754,0.3215118228940719,2011601,8.23453,stayed_closed_or_source_summary_examples,robust_candidate_no_low_flow_flag,0,1,1,9.238038220415858,3.2041681959959263,낙동강
칠곡보,2011A25,2023,4282.105263157895,1758.0,22114.0,8.362433554282285,19,Round_6/log/source_snapshots/datagokr_algae_full_2017_2025_20260630_0951/all_2023_06.xml,all_2023_06.xml#item[203],bloom_season_06_10,19.894736842105264,12.2,104.1,3.03949730152075,19,Round_6/log/source_snapshots/datagokr_algae_full_2017_2025_20260630_0951/all_2023_06.xml,all_2023_06.xml#item[203],-0.0078324280985491,-0.0024035698620112,0.4626065259688064,0.352223809197376,2011601,2.90223,stayed_closed_or_source_summary_examples,robust_candidate_no_low_flow_flag,0,1,1,8.362433554282285,3.03949730152075,낙동강
칠곡보,2011A25,2024,31509.866666666665,1007.0,148875.0,10.358087738869006,15,Round_6/log/source_snapshots/datagokr_algae_full_2017_2025_20260630_0951/all_2024_06.xml,all_2024_06.xml#item[133],bloom_season_06_10,39.22,31.1,106.3,3.6943643843445058,15,Round_6/log/source_snapshots/datagokr_algae_full_2017_2025_20260630_0951/all_2024_06.xml,all_2024_06.xml#item[133],0.0442855577384567,0.0014654977503445,0.6150345997103684,0.2878301383740986,2011601,4.40766,stayed_closed_or_source_summary_examples,robust_candidate_no_low_flow_flag,0,1,1,10.358087738869006,3.6943643843445058,낙동강
칠곡보,2011A25,2025,10949.8,5910.5,41908.0,9.301167791936672,20,Round_6/log/source_snapshots/datagokr_algae_full_2017_2025_20260630_0951/all_2025_06.xml,all_2025_06.xml#item[134],bloom_season_06_10,21.33,15.6,50.0,3.1059310658520665,20,Round_6/log/source_snapshots/datagokr_algae_full_2017_2025_20260630_0951/all_2025_06.xml,all_2025_06.xml#item[134],0.0292418364719706,0.0038479140290627,0.5919368804936702,0.2949969303732102,2011601,6.59594,stayed_closed_or_source_summary_examples,robust_candidate_no_low_flow_flag,0,1,1,9.301167791936672,3.1059310658520665,낙동강
합천창녕보,2014A70,2017,39725.121212121216,17405.0,204220.0,10.589764215352025,33,Round_6/log/source_snapshots/datagokr_algae_full_2017_2025_20260630_0951/all_2017_06.xml,all_2017_06.xml#item[189],bloom_season_06_10,24.7,22.6,46.6,3.246490991901174,33,Round_6/log/source_snapshots/datagokr_algae_full_2017_2025_20260630_0951/all_2017_06.xml,all_2017_06.xml#item[189],-0.0205710191124734,-0.0011701465777209,0.3942895110169339,0.3074397974392587,2014602,4.77764,comparison_or_unresolved,robust_candidate_no_low_flow_flag,0,0,0,10.589764215352025,3.246490991901174,낙동강
합천창녕보,2014A70,2018,123424.42857142857,4782.5,1264052.0,11.72339243544373,28,Round_6/log/source_snapshots/datagokr_algae_full_2017_2025_20260630_0951/all_2018_06.xml,all_2018_06.xml#item[144],bloom_season_06_10,26.553571428571427,16.35,149.1,3.3161321616280115,28,Round_6/log/source_snapshots/datagokr_algae_full_2017_2025_20260630_0951/all_2018_06.xml,all_2018_06.xml#item[144],-0.0363261073396543,-0.0329816946054196,0.2880980567564614,0.0610633007068562,2014602,2.61063,comparison_or_unresolved,contains_near_zero_or_nonpositive_discharge,0,1,0,11.72339243544373,3.3161321616280115,낙동강
합천창녕보,2014A70,2019,41688.05405405405,20982.0,286378.0,10.637993880621115,37,Round_6/log/source_snapshots/datagokr_algae_full_2017_2025_20260630_0951/all_2019_06.xml,all_2019_06.xml#item[143],bloom_season_06_10,20.64324324324324,17.4,62.8,3.0746933153567864,37,Round_6/log/source_snapshots/datagokr_algae_full_2017_2025_20260630_0951/all_2019_06.xml,all_2019_06.xml#item[143],0.0861522319931442,0.0226467470506837,0.6774472339134431,0.4977990893505448,2014602,3.1629,comparison_or_unresolved,contains_near_zero_or_nonpositive_discharge,0,1,1,10.637993880621115,3.0746933153567864,낙동강
합천창녕보,2014A70,2020,4613.578947368421,1832.0,27176.0,8.436975907101576,19,Round_6/log/source_snapshots/datagokr_algae_full_2017_2025_20260630_0951/all_2020_06.xml,all_2020_06.xml#item[145],bloom_season_06_10,19.11578947368421,16.4,64.6,3.001505052639732,19,Round_6/log/source_snapshots/datagokr_algae_full_2017_2025_20260630_0951/all_2020_06.xml,all_2020_06.xml#item[145],0.1010952603792091,0.0208537040874776,0.7150066074625823,0.4844391815123184,2014602,1.69332,comparison_or_unresolved,robust_candidate_no_low_flow_flag,0,1,1,8.436975907101576,3.001505052639732,낙동강
합천창녕보,2014A70,2021,22416.428571428572,653.0,188054.0,10.017593996534902,21,Round_6/log/source_snapshots/datagokr_algae_full_2017_2025_20260630_0951/all_2021_06.xml,all_2021_06.xml#item[145],bloom_season_06_10,17.32857142857143,12.4,58.0,2.9084611225662775,21,Round_6/log/source_snapshots/datagokr_algae_full_2017_2025_20260630_0951/all_2021_06.xml,all_2021_06.xml#item[145],0.0894661619974618,0.0212961432596005,0.6161390978184226,0.4455273281158992,2014602,2.66951,comparison_or_unresolved,contains_near_zero_or_nonpositive_discharge,0,1,1,10.017593996534902,2.9084611225662775,낙동강
합천창녕보,2014A70,2022,44594.55,10885.5,165744.0,10.705389357245467,20,Round_6/log/source_snapshots/datagokr_algae_full_2017_2025_20260630_0951/all_2022_06.xml,all_2022_06.xml#item[204],bloom_season_06_10,39.29,38.4,105.9,3.696103299203256,20,Round_6/log/source_snapshots/datagokr_algae_full_2017_2025_20260630_0951/all_2022_06.xml,all_2022_06.xml#item[204],0.1130305237808626,0.0221391485094667,0.7327758772436166,0.5071123802610661,2014602,4.24624,comparison_or_unresolved,contains_near_zero_or_nonpositive_discharge,0,1,1,10.705389357245467,3.696103299203256,낙동강
합천창녕보,2014A70,2023,16679.375,2230.5,102214.0,9.72198815767441,16,Round_6/log/source_snapshots/datagokr_algae_full_2017_2025_20260630_0951/all_2023_06.xml,all_2023_06.xml#item[218],bloom_season_06_10,18.33125,12.8,68.3,2.9617229574512427,16,Round_6/log/source_snapshots/datagokr_algae_full_2017_2025_20260630_0951/all_2023_06.xml,all_2023_06.xml#item[218],0.0717773391808332,0.0069560001194642,0.575422476750972,0.3695605814317025,2014602,1.40973,comparison_or_unresolved,contains_near_zero_or_nonpositive_discharge,0,1,1,9.72198815767441,2.9617229574512427,낙동강
합천창녕보,2014A70,2024,69880.6875,2385.5,556500.0,11.154558912496777,16,Round_6/log/source_snapshots/datagokr_algae_full_2017_2025_20260630_0951/all_2024_06.xml,all_2024_06.xml#item[145],bloom_season_06_10,35.2375,12.95,130.5,3.590094494247774,16,Round_6/log/source_snapshots/datagokr_algae_full_2017_2025_20260630_0951/all_2024_06.xml,all_2024_06.xml#item[145],0.1008883599312393,0.0154892055452642,0.6117438575853803,0.3331994101676752,2014602,2.3499,comparison_or_unresolved,robust_candidate_no_low_flow_flag,0,1,1,11.154558912496777,3.590094494247774,낙동강
합천창녕보,2014A70,2025,43053.05,13605.5,429226.0,10.670211582086,20,Round_6/log/source_snapshots/datagokr_algae_full_2017_2025_20260630_0951/all_2025_06.xml,all_2025_06.xml#item[145],bloom_season_06_10,31.04,25.799999999999997,107.3,3.466985122200158,20,Round_6/log/source_snapshots/datagokr_algae_full_2017_2025_20260630_0951/all_2025_06.xml,all_2025_06.xml#item[145],0.0716146029503145,0.0254924569832666,0.6115851261308373,0.3933730129163678,2014602,3.14339,comparison_or_unresolved,robust_candidate_no_low_flow_flag,0,1,1,10.670211582086,3.466985122200158,낙동강
